filename,folder,label,brightness_mean,brightness_std,brightness_max,brightness_min,brightness_p95,block_mean_var,block_mean_max,block_mean_min,block_top3_mean,bright_block_count,bright_pixel_ratio,connected_component_count,largest_component_area,largest_component_ratio,sobel_mean,laplacian_var,rgb_r_mean,rgb_g_mean,rgb_b_mean,rgb_r_p95,rgb_red_ratio_mean,red_over_green_mean,red_over_blue_mean,red_dominance_mean,bright_red_pixel_ratio,bright_red_mean_dominance,bright_red_mean_intensity,bright_red_component_count,bright_red_largest_component_ratio
1,light,1,97.87213134765625,23.929649353027344,249.0,43.0,145.0,459.51910400390625,142.85858154296875,63.52592468261719,139.2129669189453,0.0,0.0008370535714285714,12.0,19.0,0.0003786670918367347,34.55208206176758,568.0010986328125,84.72881317138672,99.67288970947266,123.15383911132812,134.0,0.271923303604126,-14.944076538085938,-38.42502212524414,-38.4290885925293,1.992984693877551e-05,33.0,248.0,1.0,1.992984693877551e-05
2,light,1,99.18157958984375,28.469018936157227,247.0,41.0,156.0,667.80908203125,152.53826904296875,59.69679641723633,148.1598358154297,0.0,0.0011160714285714285,26.0,15.0,0.00029894770408163266,39.92518997192383,656.20556640625,96.33428192138672,97.51873779296875,115.30121612548828,150.0,0.31016239523887634,-1.1844507455825806,-18.966936111450195,-18.9875431060791,0.0,0.0,0.0,0.0,0.0
3,light,1,98.30911254882812,20.172653198242188,246.0,49.0,140.0,302.4563293457031,143.81919860839844,70.18814849853516,133.59429931640625,0.0,0.0007573341836734694,13.0,21.0,0.0004185267857142857,32.57438659667969,555.9686279296875,88.94569396972656,100.97257995605469,109.29206848144531,136.0,0.2940731942653656,-12.026885032653809,-20.34638023376465,-20.807716369628906,0.0,0.0,0.0,0.0,0.0
4,light,1,102.82402038574219,20.82904624938965,230.0,61.0,147.0,329.2923889160156,148.4241943359375,79.56404876708984,139.2353973388672,0.0,0.0015345982142857143,28.0,10.0,0.0001992984693877551,31.170923233032227,474.6789245605469,79.97050476074219,114.24830627441406,104.00617980957031,126.0,0.2644498348236084,-34.277801513671875,-24.035675048828125,-34.28334426879883,0.0,0.0,0.0,0.0,0.0
5,light,1,94.80026245117188,18.52797508239746,234.0,54.0,133.0,247.3328094482422,138.11061096191406,74.02479553222656,125.73149871826172,0.0,0.0011559311224489796,12.0,25.0,0.0004982461734693878,29.227863311767578,393.0096435546875,77.86499786376953,101.49330139160156,104.8221664428711,120.0,0.27026262879371643,-23.62830924987793,-26.957170486450195,-27.917888641357422,0.0,0.0,0.0,0.0,0.0
6,light,1,96.39807891845703,18.3315486907959,227.0,54.0,134.0,222.0518341064453,134.0439453125,76.72525024414062,125.38042449951172,0.0,0.0011160714285714285,13.0,22.0,0.0004384566326530612,33.08348083496094,486.9326477050781,79.69590759277344,105.2549057006836,94.63014221191406,118.0,0.2820300757884979,-25.558992385864258,-14.934231758117676,-25.56604766845703,3.985969387755102e-05,33.0,237.5,2.0,1.992984693877551e-05
7,light,1,71.91178894042969,20.744401931762695,247.0,19.0,117.0,337.8681335449219,126.195556640625,55.145957946777344,113.64411163330078,0.0,0.0006576849489795918,8.0,22.0,0.0004384566326530612,26.02281379699707,342.56158447265625,59.722476959228516,78.87342834472656,67.98262023925781,109.0,0.28336232900619507,-19.150949478149414,-8.260144233703613,-19.152782440185547,0.0,0.0,0.0,0.0,0.0
8,light,1,80.25729370117188,20.370317459106445,248.0,17.0,125.0,318.289794921875,134.67901611328125,63.594444274902344,120.34518432617188,0.0,0.0011160714285714285,10.0,25.0,0.0004982461734693878,25.913230895996094,349.8436584472656,65.18190002441406,88.8027114868164,75.74071502685547,115.0,0.27832818031311035,-23.62081527709961,-10.558813095092773,-23.620914459228516,0.0,0.0,0.0,0.0,0.0
9,light,1,85.64961242675781,20.058712005615234,249.0,14.0,130.0,309.82757568359375,139.6849365234375,69.89545440673828,125.69185638427734,0.0,0.0013552295918367347,16.0,28.0,0.0005580357142857143,26.16813087463379,349.888427734375,67.24687194824219,94.34925079345703,89.39215850830078,116.0,0.2633048892021179,-27.102378845214844,-22.145288467407227,-27.324058532714844,1.992984693877551e-05,47.0,234.0,1.0,1.992984693877551e-05
10,light,1,82.2197036743164,21.760221481323242,242.0,29.0,131.0,369.24334716796875,138.43605041503906,64.75757598876953,126.36246490478516,0.0,0.0013751594387755102,16.0,27.0,0.0005381058673469387,27.994701385498047,425.2147521972656,66.61778259277344,87.3642349243164,96.62551879882812,117.0,0.26113155484199524,-20.74645233154297,-30.007732391357422,-30.274553298950195,0.0,0.0,0.0,0.0,0.0
11,light,1,60.511619567871094,18.3238582611084,246.0,34.0,98.0,249.35317993164062,108.97481536865234,46.988887786865234,96.8749008178711,0.0,0.0008769132653061224,7.0,26.0,0.0005181760204081633,24.606250762939453,376.49554443359375,51.50067901611328,62.64485168457031,73.33027648925781,90.0,0.26987963914871216,-11.144172668457031,-21.829599380493164,-21.956771850585938,1.992984693877551e-05,31.0,235.0,1.0,1.992984693877551e-05
12,light,1,114.63352966308594,25.042760848999023,248.0,47.0,155.0,505.135498046875,150.80101013183594,76.28296661376953,147.87498474121094,0.0,0.0010363520408163266,4.0,21.0,0.0004185267857142857,43.712440490722656,724.7181396484375,84.62946319580078,124.09339141845703,144.59967041015625,119.0,0.23641502857208252,-39.46392822265625,-59.9702033996582,-60.01829528808594,0.0,0.0,0.0,0.0,0.0
13,light,1,92.81211853027344,29.0311279296875,236.0,16.0,148.0,690.3939819335938,165.17510986328125,56.867652893066406,146.0647735595703,0.0,0.0031489158163265306,56.0,16.0,0.00031887755102040814,44.662662506103516,861.3524169921875,85.20352172851562,94.59101867675781,103.63532257080078,145.0,0.29677772521972656,-9.387495994567871,-18.431800842285156,-18.582988739013672,7.971938775510203e-05,37.25,234.75,1.0,7.971938775510203e-05
14,light,1,111.6580810546875,26.45779037475586,254.0,56.0,156.0,587.8283081054688,166.27505493164062,67.69242095947266,155.3624725341797,0.0,0.005779655612244898,80.0,44.0,0.0008769132653061224,31.926767349243164,467.42138671875,79.89319610595703,124.88915252685547,126.92837524414062,138.0,0.23011934757232666,-44.99595260620117,-47.03517532348633,-47.1098747253418,0.00011957908163265306,51.16666793823242,243.1666717529297,5.0,3.985969387755102e-05
15,light,1,98.69573211669922,26.768451690673828,254.0,53.0,144.0,557.9861450195312,161.51309204101562,65.37374114990234,146.09828186035156,0.0,0.009925063775510204,98.0,53.0,0.0010562818877551021,34.99696731567383,701.2744750976562,70.18463134765625,110.50264739990234,112.71363067626953,133.0,0.2272052764892578,-40.31801986694336,-42.52899932861328,-42.55105972290039,0.00013950892857142856,44.28571319580078,238.14285278320312,6.0,3.985969387755102e-05
16,light,1,94.99079132080078,32.237449645996094,254.0,48.0,160.0,831.7058715820312,175.60740661621094,58.034847259521484,156.29908752441406,0.0,0.018594547193877552,135.0,459.0,0.00914779974489796,39.66652297973633,1008.4442749023438,69.63480377197266,105.4249038696289,107.87551879882812,154.0,0.2312680035829544,-35.79010009765625,-38.2407112121582,-38.25715637207031,3.985969387755102e-05,38.0,238.5,2.0,1.992984693877551e-05
17,light,1,92.91398620605469,30.325756072998047,254.0,45.0,151.0,693.4776000976562,169.28334045410156,59.469696044921875,148.6432647705078,0.0,0.0176578443877551,125.0,338.0,0.0067362882653061226,40.050174713134766,1112.2039794921875,65.76576232910156,104.1086196899414,106.21133422851562,143.0,0.2243908792734146,-38.34285354614258,-40.44557189941406,-40.47978973388672,1.992984693877551e-05,34.0,235.0,1.0,1.992984693877551e-05
18,light,1,91.34928894042969,30.169208526611328,254.0,0.0,147.0,686.612060546875,171.2869110107422,49.013431549072266,145.37071228027344,0.0,0.016641422193877552,129.0,405.0,0.008071588010204082,33.91035461425781,985.9696044921875,60.64522933959961,104.40959930419922,104.46757507324219,134.0,0.21013419330120087,-43.76436996459961,-43.82234573364258,-44.57575225830078,1.992984693877551e-05,42.0,245.0,1.0,1.992984693877551e-05
19,light,1,91.91192626953125,26.266786575317383,253.0,49.0,139.0,492.6746826171875,152.71505737304688,60.083839416503906,137.06353759765625,0.0,0.011340082908163265,117.0,84.0,0.0016741071428571428,33.9664421081543,985.6852416992188,61.42034149169922,104.73287963867188,105.85283660888672,129.0,0.21276582777500153,-43.312538146972656,-44.432498931884766,-45.07063293457031,1.992984693877551e-05,36.0,241.0,1.0,1.992984693877551e-05
20,light,1,91.99824523925781,33.190101623535156,250.0,37.0,158.0,918.5565795898438,176.279296875,50.68333435058594,154.36363220214844,0.0,0.017418686224489797,113.0,452.0,0.009008290816326531,37.55278778076172,916.5272827148438,70.7292709350586,100.51014709472656,103.76277160644531,152.0,0.24243761599063873,-29.78087043762207,-33.03350067138672,-33.03541564941406,0.0,0.0,0.0,0.0,0.0
21,light,1,90.56324005126953,31.671083450317383,248.0,40.0,151.0,825.7273559570312,168.46665954589844,50.59358215332031,148.12896728515625,0.0,0.013751594387755101,102.0,277.0,0.005520567602040816,36.6855583190918,850.2035522460938,68.20966339111328,99.52896118164062,102.95874786376953,144.0,0.23724322021007538,-31.31929588317871,-34.74908447265625,-34.75127410888672,0.0,0.0,0.0,0.0,0.0
22,light,1,98.22138214111328,30.62422752380371,251.0,44.0,146.0,769.2406005859375,161.0085906982422,56.27308654785156,148.0614471435547,0.0,0.012276785714285714,93.0,290.0,0.005779655612244898,34.969444274902344,739.81103515625,73.47930908203125,108.23223876953125,111.95706939697266,135.0,0.2367352396249771,-34.7529296875,-38.47775650024414,-38.48025131225586,1.992984693877551e-05,40.0,231.0,1.0,1.992984693877551e-05
23,light,1,95.89414978027344,31.482391357421875,252.0,42.0,149.0,807.38427734375,160.85757446289062,53.9140739440918,148.688720703125,0.0,0.012814891581632654,106.0,186.0,0.003706951530612245,36.12788391113281,805.9782104492188,71.83926391601562,105.62844848632812,109.1992416381836,140.0,0.2361210733652115,-33.789180755615234,-37.3599739074707,-37.36244583129883,3.985969387755102e-05,37.5,230.5,2.0,1.992984693877551e-05
24,light,1,98.2158203125,32.56527328491211,251.0,0.0,154.0,878.6824951171875,164.90252685546875,47.461727142333984,151.7747344970703,0.0,0.013472576530612245,117.0,259.0,0.005161830357142857,36.90252685546875,799.7412109375,73.1290054321289,108.3826904296875,111.97747802734375,144.0,0.23377229273319244,-35.25368881225586,-38.848472595214844,-38.848793029785156,0.0,0.0,0.0,0.0,0.0
25,light,1,96.42076110839844,31.917949676513672,253.0,0.0,149.0,826.6429443359375,162.213134765625,52.52246856689453,148.3074188232422,0.0,0.012017697704081632,101.0,154.0,0.0030691964285714285,37.74174499511719,822.5671997070312,71.30201721191406,106.63131713867188,110.08920288085938,137.0,0.2323119044303894,-35.32929992675781,-38.78718948364258,-38.787967681884766,0.0,0.0,0.0,0.0,0.0
26,light,1,103.068359375,30.705469131469727,253.0,51.0,150.0,782.121826171875,172.57037353515625,61.09292984008789,154.7901153564453,0.0,0.016462053571428572,81.0,542.0,0.010801977040816327,30.73389434814453,570.2980346679688,71.65999603271484,116.15983581542969,118.12298583984375,135.0,0.21915599703788757,-44.499839782714844,-46.462989807128906,-46.62757110595703,0.0,0.0,0.0,0.0,0.0
27,light,1,97.9579849243164,29.54677391052246,254.0,46.0,147.0,737.3284301757812,163.07373046875,55.08636474609375,147.7319793701172,0.0,0.0087890625,101.0,77.0,0.0015345982142857143,33.93305206298828,695.8091430664062,70.9766616821289,108.94280242919922,112.34295654296875,136.0,0.22805678844451904,-37.96614074707031,-41.36629104614258,-41.36830520629883,0.0,0.0,0.0,0.0,0.0
28,light,1,92.76777648925781,30.24212646484375,252.0,31.0,148.0,751.7654418945312,160.20909118652344,52.69747543334961,144.32676696777344,0.0,0.007912149234693877,141.0,42.0,0.0008370535714285714,38.37404251098633,901.785888671875,66.9131088256836,103.23571014404297,106.8671646118164,137.0,0.22547465562820435,-36.32260513305664,-39.954063415527344,-39.95487976074219,0.0,0.0,0.0,0.0,0.0
29,light,1,115.20619201660156,36.59475326538086,250.0,48.0,174.0,1199.05078125,179.39060974121094,59.91890335083008,170.3305206298828,0.0,0.01305404974489796,176.0,43.0,0.0008569834183673469,37.682579040527344,692.2601318359375,89.4765625,125.68991088867188,128.81979370117188,164.0,0.24232125282287598,-36.213348388671875,-39.343231201171875,-39.34632110595703,0.0,0.0,0.0,0.0,0.0
30,light,1,104.6161880493164,33.34455490112305,250.0,47.0,159.0,980.9977416992188,166.28048706054688,56.13584899902344,157.0966339111328,0.0,0.006716358418367347,97.0,30.0,0.0005978954081632653,36.93699264526367,690.7406005859375,79.83466339111328,114.69385528564453,117.80982971191406,150.0,0.2381354421377182,-34.859195709228516,-37.97516632080078,-37.97895431518555,1.992984693877551e-05,33.0,243.0,1.0,1.992984693877551e-05
31,light,1,108.26323699951172,35.42625427246094,250.0,47.0,164.0,1108.70947265625,176.84938049316406,57.03099060058594,163.13563537597656,0.0,0.011439732142857142,113.0,113.0,0.0022520727040816328,38.067012786865234,672.1416015625,83.71605682373047,118.23594665527344,121.3790054321289,156.0,0.2409975528717041,-34.51988983154297,-37.66294479370117,-37.6656379699707,3.985969387755102e-05,35.5,236.5,2.0,1.992984693877551e-05
32,light,1,108.67328643798828,34.273216247558594,251.0,51.0,162.0,1038.95654296875,168.3737335205078,61.537879943847656,159.43096923828125,0.0,0.005560427295918368,110.0,13.0,0.00025908801020408165,37.907569885253906,617.8286743164062,83.46516418457031,118.80039978027344,122.72339630126953,150.0,0.2402665615081787,-35.33523941040039,-39.25823211669922,-39.26038360595703,5.978954081632653e-05,43.66666793823242,240.3333282470703,3.0,1.992984693877551e-05
33,light,1,108.57850646972656,36.811790466308594,254.0,47.0,169.0,1208.37255859375,178.09495544433594,56.69728469848633,166.65673828125,0.0,0.009865274234693877,149.0,35.0,0.0006975446428571429,40.052852630615234,761.1026000976562,85.60214233398438,117.7862319946289,121.61792755126953,162.0,0.24584558606147766,-32.1840934753418,-36.015785217285156,-36.01833724975586,0.0,0.0,0.0,0.0,0.0
34,light,1,113.76728057861328,31.642730712890625,255.0,49.0,160.0,874.6986083984375,167.95802307128906,58.96952438354492,157.5547332763672,0.0,0.008111447704081632,130.0,20.0,0.0003985969387755102,33.29535675048828,656.0110473632812,83.2313232421875,126.47343444824219,128.55496215820312,145.0,0.23160035908222198,-43.24210739135742,-45.323638916015625,-45.56389617919922,5.978954081632653e-05,44.0,243.0,2.0,3.985969387755102e-05
35,light,1,86.49543762207031,31.27716636657715,254.0,38.0,141.0,758.370361328125,160.7758026123047,46.38584899902344,139.39259338378906,0.0,0.014628507653061224,119.0,254.0,0.00506218112244898,35.882015228271484,1072.822265625,58.276329040527344,98.34452819824219,99.3047866821289,130.0,0.21031422913074493,-40.068199157714844,-41.02846145629883,-41.529537200927734,5.978954081632653e-05,44.66666793823242,242.6666717529297,2.0,3.985969387755102e-05
36,light,1,88.15262603759766,33.43756103515625,255.0,37.0,160.0,836.3187255859375,176.6241912841797,46.783573150634766,151.0001678466797,0.0,0.02353714923469388,137.0,416.0,0.008290816326530613,39.51116943359375,1238.064697265625,57.23284149169922,101.3595962524414,101.0040054321289,152.0,0.20157288014888763,-44.12675476074219,-43.77116394042969,-44.714385986328125,7.971938775510203e-05,40.0,238.25,4.0,1.992984693877551e-05
37,light,1,88.75049591064453,31.57170867919922,255.0,47.0,148.0,692.5292358398438,170.6019744873047,57.529293060302734,143.17218017578125,0.0,0.02072704081632653,124.0,689.0,0.013731664540816327,38.455684661865234,1133.0770263671875,57.30110168457031,102.1485595703125,102.19374084472656,138.0,0.2017899751663208,-44.84745788574219,-44.89263916015625,-45.78125,1.992984693877551e-05,37.0,234.0,1.0,1.992984693877551e-05
38,light,1,87.8594970703125,29.897476196289062,254.0,49.0,138.0,640.6754760742188,161.58914184570312,55.8171501159668,140.8136749267578,0.0,0.017916932397959183,93.0,555.0,0.011061065051020409,33.96170425415039,927.34228515625,56.316368103027344,101.23222351074219,101.52311706542969,126.0,0.20128001272678375,-44.915855407714844,-45.20675277709961,-45.829681396484375,5.978954081632653e-05,38.0,229.3333282470703,1.0,5.978954081632653e-05
39,light,1,109.71127319335938,21.803241729736328,251.0,55.0,145.0,389.6953430175781,154.5858612060547,79.11111450195312,144.05101013183594,0.0,0.003966039540816327,66.0,21.0,0.0004185267857142857,25.08108901977539,437.4102478027344,68.72628021240234,127.32505798339844,126.56698608398438,117.0,0.20460771024227142,-58.59877395629883,-57.840702056884766,-59.25201416015625,9.964923469387755e-05,43.400001525878906,242.0,3.0,3.985969387755102e-05
40,light,1,99.86250305175781,26.401660919189453,253.0,57.0,143.0,552.8818969726562,170.8404083251953,68.5146484375,145.36195373535156,0.0,0.012755102040816327,92.0,333.0,0.006636639030612245,29.920425415039062,674.803466796875,63.308712005615234,115.51060485839844,115.3055419921875,123.0,0.20360468327999115,-52.20188903808594,-51.996829986572266,-52.916133880615234,7.971938775510203e-05,46.5,240.5,3.0,3.985969387755102e-05
41,light,1,87.28912353515625,31.1599178314209,254.0,46.0,151.0,737.4352416992188,168.11666870117188,56.41767501831055,146.86463928222656,0.0,0.01865433673469388,148.0,365.0,0.007274394132653061,36.38983917236328,1250.7364501953125,56.97431182861328,100.1484603881836,100.24156951904297,142.0,0.20467941462993622,-43.17414855957031,-43.26725769042969,-44.01598358154297,0.0,0.0,0.0,0.0,0.0
42,light,1,88.32535552978516,29.84006118774414,254.0,49.0,146.0,670.1638793945312,165.5969696044922,57.88888931274414,143.6321563720703,0.0,0.017737563775510203,134.0,413.0,0.008231026785714286,34.032623291015625,1118.147705078125,56.91495895385742,101.73764038085938,101.580078125,134.0,0.2033863067626953,-44.82268524169922,-44.66511917114258,-45.56997299194336,0.0,0.0,0.0,0.0,0.0
43,light,1,87.54791259765625,26.38458824157715,252.0,47.0,127.0,509.10491943359375,158.890869140625,53.85279083251953,131.04559326171875,0.0,0.011120854591836735,107.0,184.0,0.003667091836734694,32.06816864013672,989.0049438476562,56.281986236572266,100.78450012207031,101.24723052978516,113.0,0.20386281609535217,-44.50251007080078,-44.965240478515625,-45.58489990234375,0.0,0.0,0.0,0.0,0.0
44,light,1,88.21221160888672,24.964824676513672,254.0,45.0,127.0,443.7060852050781,145.9283905029297,55.464359283447266,129.44773864746094,0.0,0.00835060586734694,99.0,77.0,0.0015345982142857143,31.45616340637207,975.2640991210938,55.989715576171875,101.88874816894531,102.25572204589844,112.0,0.20224298536777496,-45.8990364074707,-46.2660026550293,-46.951210021972656,0.0,0.0,0.0,0.0,0.0
45,light,1,94.2507553100586,27.043556213378906,255.0,52.0,135.0,526.4681396484375,159.58123779296875,59.214359283447266,138.4278106689453,0.0,0.013073979591836735,92.0,282.0,0.005620216836734694,33.18644332885742,977.222900390625,60.8510856628418,108.47893524169922,108.74750518798828,120.0,0.20564725995063782,-47.62784957885742,-47.89642333984375,-48.66328430175781,1.992984693877551e-05,45.0,236.0,1.0,1.992984693877551e-05
46,light,1,87.7361068725586,39.182979583740234,254.0,30.0,172.0,1146.815185546875,159.2929229736328,42.01777648925781,152.80381774902344,0.0,0.025370695153061226,144.0,476.0,0.009486607142857142,48.127197265625,1676.277099609375,68.09107971191406,95.4884033203125,99.50169372558594,167.0,0.24104033410549164,-27.397321701049805,-31.410614013671875,-31.437898635864258,0.0,0.0,0.0,0.0,0.0
47,light,1,87.9931869506836,37.27760696411133,255.0,35.0,166.25,1103.40625,196.68585205078125,47.49086380004883,155.55128479003906,0.0,0.028918207908163265,142.0,999.0,0.019909917091836735,44.787689208984375,1539.5177001953125,63.59339141845703,97.66438293457031,101.99214935302734,160.0,0.22250819206237793,-34.07099151611328,-38.39875793457031,-38.409297943115234,1.992984693877551e-05,30.0,223.0,1.0,1.992984693877551e-05
48,light,1,97.0789794921875,28.40193748474121,253.0,48.0,135.0,649.3995971679688,142.4757537841797,59.17626190185547,136.56581115722656,0.0,0.006218112244897959,87.0,24.0,0.00047831632653061223,30.943010330200195,725.1322021484375,66.08319091796875,109.6475601196289,113.6629638671875,111.0,0.2143908143043518,-43.56437301635742,-47.57978057861328,-47.582767486572266,0.0,0.0,0.0,0.0,0.0
49,light,1,99.02395629882812,28.351587295532227,252.0,48.0,137.0,654.2800903320312,138.92373657226562,60.53036880493164,136.0930938720703,0.0,0.005899234693877551,81.0,78.0,0.0015545280612244898,30.089250564575195,729.3091430664062,68.07660675048828,111.65796661376953,115.1775131225586,113.0,0.21720843017101288,-43.58135223388672,-47.10090637207031,-47.10421371459961,1.992984693877551e-05,39.0,239.0,1.0,1.992984693877551e-05
50,light,1,101.64602661132812,23.04160499572754,254.0,55.0,129.0,389.6015930175781,137.50518798828125,66.12551879882812,130.0110321044922,0.0,0.005819515306122449,90.0,20.0,0.0003985969387755102,28.796310424804688,637.2600708007812,63.9248046875,117.75972747802734,117.91203308105469,100.0,0.20351949334144592,-53.834922790527344,-53.98722457885742,-54.645545959472656,9.964923469387755e-05,52.0,244.1999969482422,2.0,7.971938775510203e-05
51,light,1,86.7599868774414,31.024728775024414,254.0,46.0,152.0,704.4872436523438,179.5626220703125,57.1185188293457,142.1298065185547,0.0,0.024274553571428572,79.0,836.0,0.016661352040816327,33.91471481323242,1262.761474609375,56.15776443481445,99.6787109375,99.97040557861328,143.0,0.20422539114952087,-43.52094650268555,-43.81264114379883,-44.36579132080078,0.0,0.0,0.0,0.0,0.0
52,light,1,102.13958740234375,24.25856590270996,254.0,56.0,134.0,432.2108154296875,143.37234497070312,67.20247650146484,137.30255126953125,0.0,0.007354113520408163,94.0,90.0,0.001793686224489796,28.868139266967773,721.622314453125,63.520965576171875,118.7176513671875,118.23580932617188,107.0,0.2006864696741104,-55.196685791015625,-54.71484375,-55.741050720214844,1.992984693877551e-05,35.0,235.0,1.0,1.992984693877551e-05
53,light,1,88.50145721435547,27.9072265625,254.0,49.0,139.0,539.3281860351562,161.8404998779297,56.7747917175293,136.37399291992188,0.0,0.014130261479591837,94.0,267.0,0.005321269132653061,33.65034484863281,1130.54150390625,55.43185806274414,102.71077728271484,102.1247787475586,126.0,0.1985277384519577,-47.2789192199707,-46.69292068481445,-47.8173828125,5.978954081632653e-05,34.0,232.3333282470703,3.0,1.992984693877551e-05
54,light,1,102.42938995361328,23.963470458984375,253.0,57.0,135.0,437.9061584472656,152.0720977783203,67.72417449951172,138.9530792236328,0.0,0.0074936224489795915,93.0,62.0,0.0012356505102040817,29.004230499267578,600.6202392578125,63.60084533691406,119.06806182861328,118.85020446777344,108.0,0.20065008103847504,-55.46721649169922,-55.24936294555664,-56.107261657714844,0.0,0.0,0.0,0.0,0.0
55,light,1,97.37174987792969,25.03611946105957,254.0,56.0,129.0,428.5542907714844,154.65908813476562,66.4742431640625,135.2417755126953,0.0,0.012216996173469387,95.0,364.0,0.007254464285714286,30.13951301574707,768.4052734375,60.03266525268555,113.34791564941406,113.30805206298828,107.0,0.1990085393190384,-53.315250396728516,-53.275390625,-54.01255416870117,0.00013950892857142856,53.42856979370117,245.14285278320312,3.0,9.964923469387755e-05
56,light,1,88.85503387451172,25.586761474609375,255.0,50.0,124.0,450.2152099609375,154.4398956298828,60.395145416259766,133.0108184814453,0.0,0.012755102040816327,71.0,290.0,0.005779655612244898,31.461122512817383,848.793212890625,53.8939323425293,103.53740692138672,105.07212829589844,106.0,0.19227682054042816,-49.64347457885742,-51.178192138671875,-51.387298583984375,0.0,0.0,0.0,0.0,0.0
57,light,1,97.10539245605469,17.72457504272461,251.0,63.0,126.0,237.2255096435547,125.59308624267578,75.01187896728516,121.86336517333984,0.0,0.0009765625,20.0,8.0,0.00015943877551020407,23.35123062133789,447.75830078125,56.00914764404297,114.4597396850586,115.6258773803711,96.0,0.18829360604286194,-58.450592041015625,-59.616729736328125,-60.11349868774414,0.0,0.0,0.0,0.0,0.0
58,light,1,98.74986267089844,17.776180267333984,255.0,66.0,130.0,243.3706817626953,127.91358184814453,73.71487426757812,125.3386001586914,0.0,0.0007971938775510204,7.0,13.0,0.00025908801020408165,22.465755462646484,360.7486572265625,57.652503967285156,115.99417877197266,117.73893737792969,100.0,0.19057616591453552,-58.341678619384766,-60.0864372253418,-60.43255615234375,0.00011957908163265306,46.66666793823242,241.6666717529297,3.0,7.971938775510203e-05
59,light,1,95.63099670410156,21.08169174194336,255.0,54.0,130.0,342.3907775878906,127.6869125366211,65.05733489990234,125.4944839477539,0.0,0.0011957908163265306,15.0,14.0,0.00027901785714285713,26.5058536529541,488.0686340332031,58.62031555175781,111.1032943725586,113.11942291259766,102.0,0.19786903262138367,-52.48297882080078,-54.49910354614258,-54.540977478027344,3.985969387755102e-05,46.5,244.0,2.0,1.992984693877551e-05
60,light,1,99.8839111328125,28.766035079956055,255.0,51.0,146.0,607.1973266601562,162.0321044921875,61.02427673339844,145.5076446533203,0.0,0.013293207908163265,77.0,406.0,0.008091517857142858,36.68939208984375,964.811767578125,66.06221771240234,113.94092559814453,116.44270324707031,129.0,0.20952078700065613,-47.87870788574219,-50.3804817199707,-50.40497589111328,1.992984693877551e-05,49.0,238.0,1.0,1.992984693877551e-05
61,light,1,87.56730651855469,28.44660186767578,254.0,44.0,134.0,587.5609741210938,159.16818237304688,55.91010284423828,138.75489807128906,0.0,0.01411033163265306,90.0,328.0,0.006536989795918368,32.60495376586914,937.800537109375,54.535736083984375,101.43853759765625,102.70262908935547,119.0,0.1968221813440323,-46.902801513671875,-48.166893005371094,-48.319175720214844,0.0,0.0,0.0,0.0,0.0
62,light,1,99.81429290771484,40.57014846801758,254.0,37.0,185.0,1302.3779296875,180.06211853027344,52.64444351196289,173.0565185546875,0.0,0.032545440051020405,182.0,1152.0,0.02295918367346939,49.04728317260742,1676.4610595703125,79.8779067993164,107.55702209472656,112.14742279052734,181.0,0.24956360459327698,-27.679109573364258,-32.26951217651367,-32.291412353515625,0.0,0.0,0.0,0.0,0.0
63,light,1,90.57525634765625,31.867212295532227,252.0,43.0,149.0,790.3440551757812,173.08485412597656,54.72222137451172,145.87095642089844,0.0,0.015345982142857142,104.0,443.0,0.00882892219387755,40.23198699951172,1203.6331787109375,64.43134307861328,100.9092788696289,106.05889129638672,141.0,0.22208257019519806,-36.477935791015625,-41.6275520324707,-41.6322135925293,9.964923469387755e-05,39.400001525878906,234.60000610351562,5.0,1.992984693877551e-05
64,light,1,89.64879608154297,28.765031814575195,254.0,46.0,135.0,632.13525390625,158.9646453857422,55.46919250488281,136.61448669433594,0.0,0.008549904336734694,80.0,181.0,0.0036073022959183672,37.744171142578125,1067.2669677734375,63.02058792114258,100.27110290527344,104.9354248046875,123.0,0.22107894718647003,-37.250518798828125,-41.91484069824219,-41.918785095214844,1.992984693877551e-05,55.0,243.0,1.0,1.992984693877551e-05
65,light,1,89.71914672851562,28.605613708496094,253.0,45.0,134.0,621.8549194335938,155.62677001953125,54.98737335205078,135.61282348632812,0.0,0.007473692602040816,92.0,89.0,0.0017737563775510204,37.61232376098633,992.6339111328125,63.34090042114258,100.31905364990234,104.50480651855469,120.0,0.22242651879787445,-36.97815704345703,-41.163902282714844,-41.16705322265625,1.992984693877551e-05,50.0,242.0,1.0,1.992984693877551e-05
66,light,1,97.2002944946289,31.245616912841797,252.0,47.0,151.0,789.7047119140625,169.0834503173828,56.443180084228516,150.05743408203125,0.0,0.011937978316326531,97.0,248.0,0.004942602040816327,35.40555191040039,837.3291015625,67.15802001953125,109.4873275756836,112.73692321777344,135.0,0.217001810669899,-42.32929992675781,-45.57890319824219,-45.5835075378418,1.992984693877551e-05,32.0,233.0,1.0,1.992984693877551e-05
67,light,1,102.64574432373047,32.265743255615234,252.0,48.0,161.0,848.4575805664062,177.9738311767578,59.62575912475586,158.2855987548828,0.0,0.013871173469387755,98.0,284.0,0.005660076530612245,38.292110443115234,930.7710571289062,77.04896545410156,112.97291564941406,116.74583435058594,152.0,0.23676300048828125,-35.923946380615234,-39.696868896484375,-39.701629638671875,1.992984693877551e-05,59.0,245.0,1.0,1.992984693877551e-05
68,light,1,112.68036651611328,33.53345489501953,248.0,51.0,177.0,946.0613403320312,181.1116180419922,66.3419189453125,171.1050567626953,0.0,0.013034119897959183,143.0,104.0,0.002072704081632653,39.20339584350586,919.081787109375,92.10807800292969,121.16452026367188,122.97572326660156,172.0,0.26210489869117737,-29.056442260742188,-30.867645263671875,-31.052734375,3.985969387755102e-05,39.0,241.0,1.0,3.985969387755102e-05
69,light,1,110.09161376953125,35.29259490966797,252.0,46.0,180.0,1030.0782470703125,185.43637084960938,61.900245666503906,167.06649780273438,0.0,0.017059948979591837,163.0,133.0,0.002650669642857143,42.346431732177734,1053.01611328125,90.47779846191406,117.97139739990234,120.90570831298828,175.0,0.2624061703681946,-27.493602752685547,-30.427913665771484,-30.487722396850586,3.985969387755102e-05,42.0,239.0,2.0,1.992984693877551e-05
70,light,1,106.74019622802734,34.53226089477539,252.0,44.0,175.0,978.8729858398438,185.1272735595703,58.86123275756836,162.41905212402344,0.0,0.010522959183673469,124.0,152.0,0.0030293367346938774,42.878074645996094,1022.7752075195312,86.6864242553711,114.75589752197266,117.97847747802734,170.0,0.2586485743522644,-28.069475173950195,-31.292051315307617,-31.32977867126465,3.985969387755102e-05,34.0,232.5,1.0,3.985969387755102e-05
71,light,1,118.96123504638672,34.907474517822266,254.0,49.0,185.0,1036.659912109375,186.11703491210938,62.28434371948242,176.8850860595703,0.0,0.009785554846938776,157.0,31.0,0.0006178252551020409,39.89326095581055,816.7561645507812,97.4200439453125,127.9979476928711,128.98399353027344,180.0,0.2621138095855713,-30.577905654907227,-31.563955307006836,-31.90367889404297,5.978954081632653e-05,35.66666793823242,236.0,2.0,3.985969387755102e-05
72,light,1,115.28075408935547,34.740577697753906,255.0,47.0,181.0,1031.8167724609375,185.2429656982422,60.05555725097656,174.00181579589844,0.0,0.008091517857142858,131.0,43.0,0.0008569834183673469,40.14247512817383,832.9235229492188,93.95549774169922,124.14614868164062,125.6025161743164,176.0,0.26014193892478943,-30.190649032592773,-31.647022247314453,-31.835857391357422,5.978954081632653e-05,39.66666793823242,238.0,3.0,1.992984693877551e-05
73,light,1,109.24124908447266,32.46078872680664,252.0,47.0,171.0,892.469482421875,178.1851806640625,58.507232666015625,165.21876525878906,0.0,0.00661670918367347,127.0,15.0,0.00029894770408163266,37.755088806152344,757.8982543945312,86.95513916015625,118.45842742919922,120.21231079101562,165.0,0.25386008620262146,-31.50328826904297,-33.25717544555664,-33.37521743774414,0.0,0.0,0.0,0.0,0.0
74,light,1,116.88827514648438,32.74357986450195,254.0,51.0,179.0,906.76953125,181.36839294433594,62.77531051635742,170.73876953125,0.0,0.0006377551020408163,17.0,12.0,0.00023915816326530612,37.83882141113281,703.52392578125,95.65563201904297,125.96237182617188,125.89753723144531,175.0,0.26313576102256775,-30.306739807128906,-30.24190902709961,-31.096620559692383,0.0,0.0,0.0,0.0,0.0
75,light,1,116.84368896484375,32.95459747314453,253.0,49.0,177.0,921.4404907226562,179.13975524902344,62.311466217041016,167.55982971191406,0.0,0.001295440051020408,47.0,4.0,7.971938775510203e-05,38.08174514770508,686.8599243164062,95.88835144042969,125.68891143798828,126.28499603271484,172.0,0.2636612057685852,-29.800561904907227,-30.396644592285156,-30.855329513549805,1.992984693877551e-05,34.0,237.0,1.0,1.992984693877551e-05
76,light,1,103.3134765625,32.629127502441406,250.0,43.0,163.0,882.59375,170.8626251220703,55.94814682006836,157.4256591796875,0.0,0.009626116071428572,141.0,25.0,0.0004982461734693878,42.32944869995117,869.3603515625,82.7529296875,111.47911071777344,115.123046875,155.0,0.2550516724586487,-28.72618293762207,-32.3701171875,-32.3774528503418,0.0,0.0,0.0,0.0,0.0
77,light,1,105.02393341064453,32.97273254394531,246.0,45.0,166.0,913.2134399414062,177.85101318359375,56.07209777832031,157.75025939941406,0.0,0.009048150510204082,142.0,47.0,0.0009367028061224489,41.7407112121582,821.831298828125,82.78717041015625,113.80438995361328,118.3575210571289,157.0,0.24989159405231476,-31.01721954345703,-35.570350646972656,-35.573760986328125,5.978954081632653e-05,35.0,233.6666717529297,2.0,3.985969387755102e-05
78,light,1,107.41511535644531,28.48436737060547,250.0,55.0,160.0,666.2577514648438,161.94898986816406,63.076541900634766,154.1703643798828,0.0,0.0014150191326530613,44.0,5.0,9.964923469387755e-05,37.6863899230957,620.2901611328125,82.18911743164062,117.69770050048828,120.55400848388672,149.0,0.24494977295398712,-35.50859069824219,-38.36489486694336,-38.37729263305664,0.0,0.0,0.0,0.0,0.0
79,light,1,118.02899932861328,30.535715103149414,248.0,53.0,167.0,781.3255615234375,173.70814514160156,65.2102279663086,165.32460021972656,0.0,0.004583864795918368,85.0,18.0,0.0003587372448979592,38.22269058227539,596.7962646484375,93.43218231201172,128.2474365234375,129.88267517089844,157.0,0.254238098859787,-34.815250396728516,-36.45049285888672,-36.54848861694336,1.992984693877551e-05,34.0,241.0,1.0,1.992984693877551e-05
80,light,1,113.82362365722656,32.47887420654297,249.0,47.0,164.0,882.660400390625,176.9886474609375,59.35382080078125,164.63209533691406,0.0,0.01128029336734694,81.0,128.0,0.002551020408163265,39.76129913330078,653.9191284179688,91.60616302490234,122.96075439453125,125.05400848388672,154.0,0.2576037347316742,-31.354591369628906,-33.447845458984375,-33.493343353271484,3.985969387755102e-05,42.0,237.5,2.0,1.992984693877551e-05
81,light,1,104.498046875,24.020416259765625,252.0,57.0,145.0,463.8702392578125,141.43637084960938,64.58963012695312,139.35289001464844,0.0,0.0006975446428571429,14.0,7.0,0.00013950892857142856,35.01926040649414,495.5343933105469,80.2978286743164,114.4552001953125,116.59197998046875,133.0,0.2489607334136963,-34.15736770629883,-36.29414367675781,-36.3853645324707,1.992984693877551e-05,62.0,246.0,1.0,1.992984693877551e-05
82,light,1,109.42516326904297,31.733469009399414,251.0,47.0,159.0,831.4238891601562,168.35958862304688,59.29728317260742,157.95016479492188,0.0,0.006875797193877551,102.0,44.0,0.0008769132653061224,43.12765884399414,738.7860107421875,87.8193588256836,118.1845703125,121.05297088623047,149.0,0.2566554546356201,-30.365215301513672,-33.23361587524414,-33.253509521484375,7.971938775510203e-05,42.25,242.0,4.0,1.992984693877551e-05
83,light,1,108.28784942626953,31.83567237854004,253.0,48.0,160.0,837.4483032226562,166.34495544433594,58.465187072753906,156.931884765625,0.0,0.007174744897959184,106.0,115.0,0.002291932397959184,43.8441276550293,773.9785766601562,86.34911346435547,117.04169464111328,120.91452026367188,149.0,0.2545645236968994,-30.692581176757812,-34.56541061401367,-34.568817138671875,1.992984693877551e-05,33.0,231.0,1.0,1.992984693877551e-05
84,light,1,119.42793273925781,30.95509910583496,254.0,50.0,174.0,806.6931762695312,175.57481384277344,63.792354583740234,168.45350646972656,0.0,0.003985969387755102,72.0,12.0,0.00023915816326530612,40.1268424987793,596.6695556640625,96.32874298095703,129.08934020996094,130.22752380371094,167.0,0.26010438799858093,-32.76060104370117,-33.89877700805664,-34.1059455871582,3.985969387755102e-05,42.0,238.5,2.0,1.992984693877551e-05
85,light,1,116.0683822631836,30.25750160217285,254.0,50.0,171.0,772.85595703125,172.1195068359375,61.97417449951172,164.4380340576172,0.0,0.002590880102040816,52.0,13.0,0.00025908801020408165,38.63084030151367,535.15234375,93.09193420410156,125.63946533203125,127.0480728149414,163.0,0.25841024518013,-32.54753112792969,-33.95613479614258,-34.09342956542969,3.985969387755102e-05,42.0,241.0,2.0,1.992984693877551e-05
86,light,1,118.27891540527344,30.90835952758789,253.0,51.0,174.0,808.7528076171875,175.12049865722656,62.92716979980469,168.08592224121094,0.0,0.004264987244897959,74.0,16.0,0.00031887755102040814,38.95458984375,537.3555297851562,95.60670471191406,127.67639923095703,129.3621063232422,166.0,0.2604893147945404,-32.06969451904297,-33.755401611328125,-33.84145736694336,0.00011957908163265306,39.83333206176758,242.3333282470703,4.0,5.978954081632653e-05
87,light,1,113.31389617919922,33.95983123779297,239.0,49.0,176.0,1018.38427734375,189.96060180664062,62.402469635009766,171.8932647705078,0.0,0.014787946428571428,99.0,426.0,0.008490114795918368,36.73074722290039,590.8082275390625,91.69300079345703,122.10488891601562,124.82200622558594,170.0,0.2589987516403198,-30.411890029907227,-33.129005432128906,-33.15525436401367,1.992984693877551e-05,32.0,240.0,1.0,1.992984693877551e-05
88,light,1,110.90088653564453,33.944889068603516,250.0,49.0,175.0,1014.5086059570312,186.9570770263672,60.767677307128906,169.62542724609375,0.0,0.015027104591836735,113.0,328.0,0.006536989795918368,37.670623779296875,610.705078125,88.18511199951172,119.96986389160156,124.08467864990234,168.0,0.25323617458343506,-31.784757614135742,-35.899574279785156,-35.90395736694336,3.985969387755102e-05,36.5,239.0,2.0,1.992984693877551e-05
89,light,1,106.77670288085938,30.993383407592773,253.0,50.0,163.0,820.2059326171875,176.6161651611328,59.726768493652344,160.6826629638672,0.0,0.008490114795918368,90.0,98.0,0.001953125,37.845149993896484,608.9025268554688,83.1220932006836,116.28065490722656,120.15052795410156,154.0,0.2486143261194229,-33.15856170654297,-37.028438568115234,-37.03133010864258,0.0,0.0,0.0,0.0,0.0
90,light,1,111.5428695678711,32.01612091064453,253.0,50.0,169.0,878.4580688476562,180.50123596191406,64.34039306640625,167.7209930419922,0.0,0.0186344068877551,98.0,516.0,0.010283801020408163,35.42897415161133,572.409423828125,83.45826721191406,123.04051971435547,126.10140228271484,158.0,0.23870974779129028,-39.58224868774414,-42.64313507080078,-42.65009307861328,0.0,0.0,0.0,0.0,0.0
91,light,1,100.45890808105469,30.746591567993164,252.0,45.0,157.0,788.5084228515625,173.36839294433594,59.0046501159668,154.8760528564453,0.0,0.014588647959183673,90.0,328.0,0.006536989795918368,36.25175476074219,691.7705688476562,75.1310806274414,110.75502014160156,114.10160064697266,147.0,0.23782990872859955,-35.62394332885742,-38.970523834228516,-38.97698211669922,3.985969387755102e-05,34.5,232.0,2.0,1.992984693877551e-05
92,light,1,117.7248306274414,28.57182502746582,253.0,57.0,168.0,699.4531860351562,180.96543884277344,72.64927673339844,166.40345764160156,0.0,0.014907525510204082,85.0,365.0,0.007274394132653061,32.04484176635742,483.4575500488281,87.53436279296875,130.1473846435547,133.06024169921875,157.0,0.23860013484954834,-42.61302185058594,-45.5258903503418,-45.534278869628906,3.985969387755102e-05,38.5,241.5,2.0,1.992984693877551e-05
93,light,1,113.77074432373047,28.468751907348633,251.0,57.0,166.0,684.5928344726562,176.76345825195312,71.02737426757812,164.2651824951172,0.0,0.014847735969387755,103.0,328.0,0.006536989795918368,32.55620574951172,525.4908447265625,84.25347137451172,125.90292358398438,128.9816436767578,155.0,0.23695658147335052,-41.649452209472656,-44.72817611694336,-44.737762451171875,5.978954081632653e-05,54.33333206176758,243.3333282470703,3.0,1.992984693877551e-05
94,light,1,118.79067993164062,29.413768768310547,251.0,61.0,172.0,745.0872802734375,184.27012634277344,75.34091186523438,170.74403381347656,0.0,0.019830197704081634,96.0,560.0,0.011160714285714286,31.875225067138672,504.6064147949219,89.6630859375,130.62551879882812,134.23338317871094,161.0,0.24190440773963928,-40.962432861328125,-44.57029342651367,-44.59440612792969,7.971938775510203e-05,48.0,240.25,3.0,3.985969387755102e-05
95,light,1,109.9766845703125,31.167278289794922,252.0,64.0,168.0,830.9100952148438,185.31703186035156,75.30940246582031,165.8014678955078,0.0,0.019870057397959183,101.0,631.0,0.012575733418367346,32.59428787231445,582.3094482421875,83.58770751953125,120.60277557373047,124.63301086425781,159.0,0.24174486100673676,-37.01506805419922,-41.0452995300293,-41.049644470214844,3.985969387755102e-05,41.0,237.5,2.0,1.992984693877551e-05
96,light,1,114.45244598388672,34.09122848510742,254.0,54.0,175.0,1032.453857421875,192.2785186767578,65.1900863647461,174.43406677246094,0.0,0.020169005102040817,115.0,696.0,0.013871173469387755,32.249908447265625,534.0117797851562,88.38542175292969,124.8612289428711,129.22305297851562,166.0,0.24451708793640137,-36.47580337524414,-40.83763122558594,-40.840003967285156,5.978954081632653e-05,34.33333206176758,234.0,2.0,3.985969387755102e-05
97,light,1,106.11418151855469,25.90346336364746,245.0,58.0,148.0,593.09716796875,153.71514892578125,65.72543334960938,145.84396362304688,0.0,0.0018534757653061226,49.0,12.0,0.00023915816326530612,26.9318904876709,354.0462646484375,77.38623809814453,117.83850860595703,121.15951538085938,132.0,0.2343357503414154,-40.452266693115234,-43.773277282714844,-43.79288864135742,3.985969387755102e-05,40.5,235.0,1.0,3.985969387755102e-05
98,light,1,108.37528228759766,33.55696487426758,249.0,51.0,170.0,998.0032958984375,181.19798278808594,61.47061538696289,166.6639862060547,0.0,0.020208864795918366,104.0,601.0,0.011977838010204082,32.65198516845703,558.8427734375,83.05438995361328,118.60554504394531,122.24637603759766,161.25,0.24265156686306,-35.5511589050293,-39.191986083984375,-39.195411682128906,9.964923469387755e-05,40.599998474121094,237.1999969482422,4.0,3.985969387755102e-05
99,light,1,110.93495178222656,34.05134201049805,250.0,51.0,175.0,1037.2342529296875,182.86717224121094,62.54814910888672,170.00274658203125,0.0,0.02100605867346939,127.0,638.0,0.012715242346938776,32.75700378417969,544.5901489257812,85.56802368164062,121.12348175048828,125.08828735351562,168.0,0.2441147267818451,-35.55546569824219,-39.520267486572266,-39.522422790527344,3.985969387755102e-05,40.5,236.0,2.0,1.992984693877551e-05
100,light,1,109.15409851074219,33.32175827026367,252.0,46.0,165.0,984.7318115234375,180.68592834472656,55.29751968383789,165.33531188964844,0.0,0.018594547193877552,75.0,677.0,0.01349250637755102,30.011751174926758,456.1081848144531,80.74870300292969,120.78607177734375,123.78292083740234,152.0,0.2339632511138916,-40.03736877441406,-43.034217834472656,-43.03681182861328,9.964923469387755e-05,34.20000076293945,237.39999389648438,3.0,5.978954081632653e-05
101,light,1,119.96731567382812,32.49761199951172,250.0,53.0,174.0,942.2440795898438,185.7654266357422,64.6942138671875,173.0105438232422,0.0,0.018993144132653062,88.0,518.0,0.010323660714285714,31.599685668945312,450.9778747558594,92.9062271118164,130.92686462402344,134.5654754638672,163.0,0.2468559443950653,-38.020626068115234,-41.65924072265625,-41.660037994384766,0.0,0.0,0.0,0.0,0.0
102,light,1,97.1776123046875,34.903236389160156,251.0,36.0,162.0,1018.7633056640625,162.90122985839844,48.51210021972656,154.84674072265625,0.0,0.014528858418367346,112.0,395.0,0.007872289540816327,36.079254150390625,837.48486328125,79.42647552490234,104.06761932373047,108.45487976074219,157.0,0.25832608342170715,-24.641143798828125,-29.028400421142578,-29.039520263671875,0.0,0.0,0.0,0.0,0.0
103,light,1,105.77864074707031,26.280162811279297,254.0,55.0,150.0,607.0646362304688,156.8848419189453,62.654815673828125,148.57154846191406,0.0,0.002072704081632653,49.0,8.0,0.00015943877551020407,30.256881713867188,382.52655029296875,79.10022735595703,116.5011978149414,120.6544189453125,137.0,0.23975765705108643,-37.400970458984375,-41.5541877746582,-41.557498931884766,5.978954081632653e-05,36.66666793823242,244.6666717529297,3.0,1.992984693877551e-05
104,light,1,107.84642028808594,27.402921676635742,251.0,55.0,153.0,664.6908569335938,161.88687133789062,62.12493896484375,151.35482788085938,0.0,0.0030891262755102043,63.0,12.0,0.00023915816326530612,30.278806686401367,390.6920471191406,81.49575805664062,118.48975372314453,122.30159759521484,140.0,0.24196943640708923,-36.99399948120117,-40.805843353271484,-40.80984878540039,7.971938775510203e-05,45.0,238.5,3.0,3.985969387755102e-05
105,light,1,111.32659149169922,31.69092559814453,253.0,52.0,164.0,889.9857177734375,178.41616821289062,59.760986328125,163.21630859375,0.0,0.011399872448979591,105.0,230.0,0.004583864795918368,34.28333282470703,519.1836547851562,86.12226867675781,121.42701721191406,125.51725769042969,154.0,0.24606704711914062,-35.30474853515625,-39.394989013671875,-39.39731979370117,0.0,0.0,0.0,0.0,0.0
106,light,1,107.07403564453125,29.910573959350586,254.0,48.0,161.0,758.88330078125,173.16197204589844,59.81663131713867,159.2098846435547,0.0,0.015385841836734694,119.0,360.0,0.007174744897959184,31.99117660522461,577.6597900390625,79.65166473388672,118.27069091796875,121.44752502441406,150.0,0.237273707985878,-38.619022369384766,-41.795860290527344,-41.79912567138672,3.985969387755102e-05,41.5,243.5,2.0,1.992984693877551e-05
107,light,1,94.80194091796875,28.032285690307617,249.0,46.0,142.0,625.8933715820312,164.3787841796875,55.17086410522461,144.05455017089844,0.0,0.014389349489795918,95.0,457.0,0.009107940051020409,30.413551330566406,693.5414428710938,67.06062316894531,106.2587890625,108.52474975585938,132.0,0.2263747751712799,-39.19816207885742,-41.46412658691406,-41.590641021728516,5.978954081632653e-05,40.33333206176758,234.3333282470703,2.0,3.985969387755102e-05
108,light,1,97.1377182006836,26.88044548034668,250.0,48.0,143.0,580.1446533203125,165.7631378173828,58.39191818237305,144.32911682128906,0.0,0.012057557397959183,90.0,260.0,0.005181760204081632,31.8504638671875,648.3617553710938,68.55781555175781,108.94696807861328,111.33372497558594,132.0,0.22655069828033447,-40.3891487121582,-42.775909423828125,-42.85847854614258,1.992984693877551e-05,43.0,236.0,1.0,1.992984693877551e-05
109,light,1,89.69517517089844,25.368453979492188,250.0,47.0,133.0,477.79132080078125,158.91262817382812,58.03232192993164,133.85874938964844,0.0,0.010184151785714286,84.0,142.0,0.0028300382653061226,32.90812683105469,744.3364868164062,62.758670806884766,100.77977752685547,103.23160552978516,123.0,0.22484654188156128,-38.0211067199707,-40.47293472290039,-40.58860778808594,1.992984693877551e-05,43.0,242.0,1.0,1.992984693877551e-05
110,light,1,93.73939514160156,25.053775787353516,251.0,51.0,135.0,487.9964904785156,161.56161499023438,61.108585357666016,138.58282470703125,0.0,0.009287308673469387,83.0,125.0,0.0024912308673469387,32.019081115722656,664.00927734375,65.453125,105.40660858154297,107.7811508178711,124.0,0.22492967545986176,-39.95348358154297,-42.328025817871094,-42.414161682128906,1.992984693877551e-05,32.0,245.0,1.0,1.992984693877551e-05
111,light,1,93.93213653564453,31.355709075927734,251.0,37.0,149.0,811.3984375,175.62716674804688,52.610538482666016,145.88905334472656,0.0,0.014050542091836735,88.0,492.0,0.00980548469387755,31.38829231262207,792.3521118164062,76.78677368164062,100.64192199707031,104.50352478027344,142.0,0.2618023753166199,-23.85515022277832,-27.71675682067871,-27.780075073242188,0.0,0.0,0.0,0.0,0.0
112,light,1,103.3202133178711,24.427717208862305,252.0,46.0,140.0,478.7285461425781,160.0755615234375,59.59659194946289,143.44032287597656,0.0,0.007892219387755101,67.0,156.0,0.0031090561224489796,26.48642349243164,451.1163635253906,71.41802978515625,116.56700134277344,118.81481170654297,125.0,0.223118394613266,-45.14897537231445,-47.39678192138672,-47.464324951171875,3.985969387755102e-05,49.5,239.0,2.0,1.992984693877551e-05
113,light,1,108.33627319335938,21.910001754760742,246.0,60.0,141.0,402.1014709472656,151.08030700683594,71.27111053466797,141.38011169433594,0.0,0.0029894770408163264,52.0,17.0,0.00033880739795918367,27.359603881835938,364.84716796875,79.8730239868164,120.0089111328125,122.97967529296875,124.0,0.24060514569282532,-40.13588333129883,-43.10664367675781,-43.163482666015625,3.985969387755102e-05,30.5,236.0,2.0,1.992984693877551e-05
114,light,1,95.4638900756836,28.354774475097656,250.0,47.0,148.0,651.6156005859375,171.3954620361328,58.86172866821289,147.28517150878906,0.0,0.014269770408163265,87.0,433.0,0.008629623724489796,35.13734436035156,718.7083740234375,71.81182098388672,105.01006317138672,108.5059814453125,140.0,0.2414153814315796,-33.1982421875,-36.694156646728516,-36.695892333984375,1.992984693877551e-05,33.0,231.0,1.0,1.992984693877551e-05
115,light,1,98.2540054321289,29.43441390991211,254.0,44.0,152.0,710.8615112304688,168.75506591796875,57.00361633300781,152.72593688964844,0.0,0.01650191326530612,96.0,527.0,0.010503029336734694,32.09230422973633,647.2860107421875,72.90290069580078,108.61890411376953,111.66918182373047,141.0,0.23814259469509125,-35.715999603271484,-38.76628112792969,-38.77174377441406,1.992984693877551e-05,36.0,229.0,1.0,1.992984693877551e-05
116,light,1,83.88456726074219,36.62324905395508,254.0,32.0,170.0,983.1011962890625,166.23333740234375,47.1402473449707,150.00843811035156,0.0,0.026347257653061226,164.0,893.0,0.01779735331632653,36.568119049072266,1294.44970703125,64.60738372802734,91.56371307373047,95.12137603759766,166.0,0.24212004244327545,-26.95633316040039,-30.51399040222168,-30.524951934814453,0.0,0.0,0.0,0.0,0.0
117,light,1,119.0692367553711,25.717336654663086,248.0,58.0,163.0,563.9512329101562,178.3871612548828,75.86105346679688,163.8954620361328,0.0,0.012954400510204082,82.0,341.0,0.006796077806122449,28.56487464904785,406.8353271484375,91.1533203125,130.4449005126953,133.80722045898438,151.0,0.24880096316337585,-39.29157257080078,-42.653900146484375,-42.65658950805664,0.0,0.0,0.0,0.0,0.0
118,light,1,118.29065704345703,27.521909713745117,249.0,55.0,166.0,654.2566528320312,177.0582733154297,70.12809753417969,164.63917541503906,0.0,0.013970822704081632,100.0,315.0,0.006277901785714286,29.029531478881836,435.3318786621094,93.55682373046875,128.3430938720703,131.6680450439453,155.0,0.25696274638175964,-34.78627395629883,-38.111228942871094,-38.11423873901367,5.978954081632653e-05,46.33333206176758,241.3333282470703,3.0,1.992984693877551e-05
119,light,1,117.94393920898438,27.64504051208496,242.0,56.0,168.0,657.9188842773438,177.81826782226562,70.3125,165.16476440429688,0.0,0.014170121173469387,100.0,261.0,0.0052016900510204085,29.329086303710938,420.187744140625,93.04135131835938,128.0562286376953,131.42628479003906,158.0,0.25619980692863464,-35.01486587524414,-38.384925842285156,-38.387516021728516,7.971938775510203e-05,40.75,240.25,4.0,1.992984693877551e-05
120,light,1,91.9109115600586,28.302906036376953,254.0,51.0,145.0,623.29052734375,166.6191864013672,60.404937744140625,144.66888427734375,0.0,0.016800860969387755,94.0,559.0,0.01114078443877551,33.16977310180664,811.9544067382812,68.01335144042969,101.5342025756836,105.18402862548828,136.0,0.23752430081367493,-33.52084732055664,-37.17068099975586,-37.1743049621582,5.978954081632653e-05,35.66666793823242,232.3333282470703,3.0,1.992984693877551e-05
121,light,1,91.17255401611328,24.659996032714844,250.0,53.0,137.0,478.57159423828125,158.5126190185547,61.62864303588867,137.09666442871094,0.0,0.007732780612244898,96.0,49.0,0.0009765625,30.437686920166016,692.4057006835938,66.20577239990234,101.3124008178711,104.71946716308594,127.0,0.23437437415122986,-35.106624603271484,-38.51369094848633,-38.516719818115234,0.0,0.0,0.0,0.0,0.0
122,light,1,103.01861572265625,26.887130737304688,255.0,60.0,161.0,606.1713256835938,167.48741149902344,71.3285140991211,154.40692138671875,0.0,0.006596779336734694,122.0,37.0,0.0007374043367346938,20.93378257751465,618.0211181640625,75.94196319580078,114.51299285888672,114.63504791259766,153.0,0.23970705270767212,-38.57102966308594,-38.69308090209961,-39.33860778808594,1.992984693877551e-05,52.0,237.0,1.0,1.992984693877551e-05
123,light,1,93.71791076660156,26.56402587890625,255.0,53.0,148.0,526.9677124023438,160.35951232910156,64.58109283447266,144.2750701904297,0.0,0.010363520408163265,94.0,143.0,0.002849968112244898,23.029970169067383,890.8939819335938,63.664520263671875,106.77330017089844,105.02008819580078,139.0,0.22012563049793243,-43.1087760925293,-41.355567932128906,-43.5150260925293,3.985969387755102e-05,42.5,238.0,1.0,3.985969387755102e-05
124,light,1,96.19280242919922,24.3625545501709,255.0,49.0,139.0,457.8984069824219,155.69444274902344,68.26667022705078,140.90814208984375,0.0,0.009107940051020409,83.0,103.0,0.0020527742346938774,20.997446060180664,646.0735473632812,64.14527130126953,110.09976959228516,108.53997802734375,123.0,0.2177211344242096,-45.954498291015625,-44.394710540771484,-46.494537353515625,0.0,0.0,0.0,0.0,0.0
125,light,1,94.7253646850586,26.018203735351562,253.0,55.0,153.0,516.1310424804688,162.21263122558594,70.5595932006836,146.8848419189453,0.0,0.009426817602040817,111.0,129.0,0.002570950255102041,23.162988662719727,989.4498291015625,63.682376861572266,108.1925048828125,106.58226776123047,143.0,0.21784299612045288,-44.51012420654297,-42.8998908996582,-45.34550476074219,1.992984693877551e-05,30.0,245.0,1.0,1.992984693877551e-05
126,light,1,91.2158203125,30.756404876708984,255.0,51.0,161.0,734.9110107421875,172.67950439453125,59.91313171386719,150.6595916748047,0.0,0.015126753826530613,131.0,261.0,0.0052016900510204085,26.58544158935547,1167.5396728515625,64.23899841308594,102.82080841064453,102.13961029052734,155.0,0.22440898418426514,-38.58181381225586,-37.90060806274414,-39.096221923828125,0.0,0.0,0.0,0.0,0.0
127,light,1,91.02883911132812,27.775033950805664,254.0,45.0,147.0,592.389892578125,158.6345672607422,62.1363639831543,140.6347198486328,0.0,0.00843032525510204,120.0,71.0,0.0014150191326530613,24.097238540649414,928.3455200195312,64.2414321899414,102.48409271240234,102.22808074951172,138.0,0.22681130468845367,-38.2426643371582,-37.98664855957031,-38.83990478515625,3.985969387755102e-05,40.0,234.5,2.0,1.992984693877551e-05
128,light,1,108.81269836425781,23.289358139038086,247.0,64.0,140.0,430.5350646972656,163.59866333007812,78.90858459472656,149.4044952392578,0.0,0.012775031887755101,59.0,491.0,0.009785554846938776,19.45891761779785,437.0370788574219,83.33324432373047,119.03302001953125,123.2089614868164,127.0,0.25017812848091125,-35.69977569580078,-39.87571716308594,-39.876773834228516,0.0,0.0,0.0,0.0,0.0
129,light,1,110.52961730957031,19.683135986328125,247.0,68.0,138.0,328.8006591796875,150.14024353027344,78.37222290039062,139.0902099609375,0.0,0.002311862244897959,43.0,24.0,0.00047831632653061223,16.921493530273438,257.6751708984375,85.47740173339844,120.6864013671875,124.25625610351562,122.0,0.2541187107563019,-35.20900344848633,-38.77885818481445,-38.7807502746582,3.985969387755102e-05,33.5,245.5,2.0,1.992984693877551e-05
130,light,1,115.39815521240234,25.23579216003418,247.0,65.0,154.0,512.5462036132812,177.62025451660156,78.35691833496094,157.42237854003906,0.0,0.015864158163265307,74.0,497.0,0.009905133928571428,20.58987808227539,409.8094177246094,91.38235473632812,125.0468521118164,129.03465270996094,142.0,0.2584976553916931,-33.66450119018555,-37.652305603027344,-37.653419494628906,5.978954081632653e-05,46.0,240.0,2.0,3.985969387755102e-05
131,light,1,113.8436279296875,23.02290916442871,248.0,66.0,147.0,428.0746154785156,166.90765380859375,78.17613983154297,150.01547241210938,0.0,0.00940688775510204,72.0,312.0,0.006218112244897959,19.62891387939453,343.7777404785156,89.43580627441406,123.6512680053711,127.64989471435547,133.0,0.25702741742134094,-34.21546173095703,-38.21408462524414,-38.215301513671875,3.985969387755102e-05,51.5,238.0,1.0,3.985969387755102e-05
132,light,1,110.9941177368164,20.96240997314453,245.0,65.0,142.0,360.9106140136719,157.282470703125,77.02066040039062,143.22914123535156,0.0,0.00448421556122449,52.0,49.0,0.0009765625,18.642593383789062,320.15386962890625,86.51102447509766,120.88016510009766,124.60686492919922,127.0,0.2555793523788452,-34.369140625,-38.09584426879883,-38.09745788574219,5.978954081632653e-05,46.0,239.0,3.0,1.992984693877551e-05
133,light,1,107.5897216796875,17.14203643798828,242.0,63.0,136.0,246.62229919433594,138.0074005126953,76.9419174194336,134.15045166015625,0.0,0.0011559311224489796,23.0,11.0,0.0002192283163265306,15.460222244262695,214.62615966796875,82.1824951171875,118.01586151123047,120.6991195678711,120.0,0.25235071778297424,-35.83336639404297,-38.51662063598633,-38.52311706542969,1.992984693877551e-05,37.0,248.0,1.0,1.992984693877551e-05
134,light,1,102.55572509765625,22.14687728881836,255.0,55.0,135.0,375.8505859375,155.7545623779297,70.0423583984375,138.25975036621094,0.0,0.00763313137755102,50.0,269.0,0.005361128826530612,18.16067123413086,371.14105224609375,77.20098876953125,112.87727355957031,116.2138442993164,119.0,0.2465263456106186,-35.6762809753418,-39.012855529785156,-39.0141716003418,1.992984693877551e-05,42.0,247.0,1.0,1.992984693877551e-05
135,light,1,107.14830017089844,23.648317337036133,255.0,58.0,142.0,426.9997253417969,163.934326171875,72.86053466796875,145.73036193847656,0.0,0.01175860969387755,58.0,431.0,0.008589764030612245,18.725427627563477,419.22308349609375,81.27477264404297,117.68731689453125,120.9277114868164,125.0,0.248300239443779,-36.41254806518555,-39.6529426574707,-39.65610885620117,3.985969387755102e-05,30.5,235.5,1.0,3.985969387755102e-05
136,light,1,105.14492797851562,21.80815887451172,250.0,57.0,138.0,366.48828125,152.69679260253906,71.23915100097656,139.03770446777344,0.0,0.007035235969387755,62.0,166.0,0.003308354591836735,18.544452667236328,416.999755859375,78.65826416015625,115.90983581542969,119.30420684814453,121.0,0.2453426867723465,-37.2515754699707,-40.64594650268555,-40.64772033691406,0.0,0.0,0.0,0.0,0.0
137,light,1,103.91609191894531,21.99789047241211,252.0,55.0,138.0,373.2193603515625,152.95506286621094,70.86414337158203,139.0223846435547,0.0,0.006158322704081632,67.0,87.0,0.0017338966836734694,20.03829574584961,495.97412109375,78.11690521240234,114.4608383178711,117.57579040527344,121.0,0.24650788307189941,-36.343929290771484,-39.458885192871094,-39.46079635620117,1.992984693877551e-05,32.0,224.0,1.0,1.992984693877551e-05
138,light,1,102.83238983154297,21.610092163085938,250.0,56.0,137.0,361.2052307128906,150.19851684570312,70.73131561279297,137.16346740722656,0.0,0.005301339285714286,71.0,97.0,0.0019331951530612245,20.624805450439453,540.9500732421875,77.60205841064453,113.11742401123047,116.34839630126953,121.0,0.24739953875541687,-35.51536560058594,-38.746334075927734,-38.748207092285156,3.985969387755102e-05,45.0,235.5,2.0,1.992984693877551e-05
139,light,1,108.52760314941406,24.29877471923828,239.0,63.0,150.0,471.8587646484375,162.51869201660156,74.25505065917969,151.58253479003906,0.0,0.009008290816326531,114.0,87.0,0.0017338966836734694,20.451187133789062,464.04791259765625,85.67018127441406,117.72098541259766,121.23814392089844,139.0,0.25842878222465515,-32.05080032348633,-35.567962646484375,-35.56925582885742,3.985969387755102e-05,42.0,241.5,2.0,1.992984693877551e-05
140,light,1,108.05835723876953,23.77239990234375,225.0,63.0,149.0,484.1788330078125,169.68080139160156,74.89826965332031,151.6410675048828,0.0,0.00390625,83.0,29.0,0.0005779655612244898,18.16206169128418,289.87933349609375,84.96549987792969,117.3338623046875,121.03987884521484,139.0,0.2572987675666809,-32.36836242675781,-36.074378967285156,-36.07549285888672,1.992984693877551e-05,48.0,239.0,1.0,1.992984693877551e-05
141,light,1,105.19212341308594,20.000017166137695,238.0,63.0,135.0,323.4706115722656,151.97879028320312,76.04839324951172,139.13014221191406,0.0,0.0016741071428571428,42.0,7.0,0.00013950892857142856,16.936559677124023,262.4460144042969,81.33802795410156,114.84295654296875,118.33063507080078,120.0,0.25431492924690247,-33.504920959472656,-36.99260711669922,-36.99392318725586,1.992984693877551e-05,49.0,240.0,1.0,1.992984693877551e-05
142,light,1,125.373046875,36.922481536865234,243.0,63.0,184.0,1152.399169921875,187.5609893798828,76.174072265625,177.4610595703125,0.0,0.023776307397959183,99.0,1009.0,0.02010921556122449,23.267189025878906,458.6829833984375,106.86383819580078,132.6822052001953,136.40867614746094,175.0,0.2757602035999298,-25.818359375,-29.544841766357422,-29.57035255432129,0.0,0.0,0.0,0.0,0.0
143,light,1,105.36377716064453,19.75676918029785,229.0,64.0,133.0,284.50628662109375,153.38067626953125,77.85454559326172,136.59608459472656,0.0,0.0057597257653061226,65.0,153.0,0.003049266581632653,18.684419631958008,386.4595947265625,80.85335540771484,115.38217163085938,118.25316619873047,117.0,0.25351935625076294,-34.5288200378418,-37.399810791015625,-37.41035461425781,1.992984693877551e-05,34.0,227.0,1.0,1.992984693877551e-05
144,light,1,111.49652862548828,23.861095428466797,242.0,69.0,162.0,440.2545166015625,170.47703552246094,82.22675323486328,156.76954650878906,0.0,0.017139668367346938,88.0,687.0,0.013691804846938776,20.976694107055664,527.69091796875,86.64239501953125,121.6982192993164,124.2353515625,152.0,0.2554907202720642,-35.055824279785156,-37.592952728271484,-37.60861587524414,0.0,0.0,0.0,0.0,0.0
145,light,1,110.5401382446289,21.333478927612305,234.0,69.0,150.0,341.4707946777344,159.55506896972656,84.11002349853516,149.6237030029297,0.0,0.011080994897959183,72.0,334.0,0.00665656887755102,19.151023864746094,404.06024169921875,85.34257507324219,120.88153839111328,123.45755004882812,139.0,0.2545699179172516,-35.538963317871094,-38.11497497558594,-38.1313362121582,3.985969387755102e-05,49.5,244.5,1.0,3.985969387755102e-05
146,light,1,109.74164581298828,19.129167556762695,239.0,66.0,141.0,253.60597229003906,150.05926513671875,83.71746063232422,141.8153076171875,0.0,0.005899234693877551,64.0,107.0,0.0021324936224489796,16.503244400024414,279.6915283203125,84.26945495605469,120.26219940185547,122.54924774169922,127.0,0.25406762957572937,-35.99274444580078,-38.2797966003418,-38.32270431518555,1.992984693877551e-05,33.0,242.0,1.0,1.992984693877551e-05
147,light,1,110.7607192993164,20.72739028930664,234.0,69.0,146.0,291.31854248046875,155.73876953125,83.70919799804688,147.09580993652344,0.0,0.012794961734693877,68.0,500.0,0.009964923469387755,16.370040893554688,303.02044677734375,85.19882202148438,121.30327606201172,123.61451721191406,134.0,0.2540682256221771,-36.104454040527344,-38.41569519042969,-38.44816207885742,0.0,0.0,0.0,0.0,0.0
148,light,1,99.61058807373047,10.777284622192383,240.0,66.0,114.0,69.70848846435547,111.8535385131836,78.16262817382812,110.07831573486328,0.0,0.0004384566326530612,13.0,4.0,7.971938775510203e-05,14.888233184814453,218.6360626220703,73.76568603515625,110.46845245361328,111.7685317993164,92.0,0.2480628937482834,-36.70276641845703,-38.00284957885742,-38.1455078125,5.978954081632653e-05,36.66666793823242,238.6666717529297,2.0,3.985969387755102e-05
149,light,1,105.50366973876953,20.512714385986328,252.0,67.0,132.0,255.79275512695312,147.85252380371094,78.84596252441406,138.15008544921875,0.0,0.012476084183673469,74.0,390.0,0.007772640306122449,20.84881591796875,458.3432312011719,78.62101745605469,116.52154541015625,119.32573699951172,115.0,0.24623647332191467,-37.90053176879883,-40.70471954345703,-40.711097717285156,0.0,0.0,0.0,0.0,0.0
150,light,1,104.62844848632812,22.02061653137207,248.0,64.0,132.0,313.9771728515625,163.5692138671875,77.1697006225586,141.14041137695312,0.0,0.01692044005102041,46.0,689.0,0.013731664540816327,20.756786346435547,441.4268493652344,77.7303466796875,115.66577911376953,118.365234375,115.0,0.24511387944221497,-37.935428619384766,-40.634883880615234,-40.646324157714844,1.992984693877551e-05,39.0,239.0,1.0,1.992984693877551e-05
151,light,1,106.22151947021484,14.682172775268555,236.0,72.0,126.0,150.69735717773438,139.1160430908203,85.16063690185547,127.68807220458984,0.0,0.0010363520408163266,27.0,9.0,0.0001793686224489796,17.753982543945312,297.8282165527344,80.78565216064453,116.69766235351562,119.07369995117188,110.0,0.2526099681854248,-35.912010192871094,-38.288047790527344,-38.30309295654297,7.971938775510203e-05,38.5,237.5,3.0,3.985969387755102e-05
152,light,1,105.91661071777344,13.751976013183594,236.0,73.0,124.0,133.57455444335938,134.97036743164062,85.68801879882812,125.87621307373047,0.0,0.0005381058673469387,19.0,4.0,7.971938775510203e-05,16.81635856628418,263.3642883300781,80.62171173095703,116.39276123046875,118.47434997558594,108.0,0.2532200515270233,-35.77104568481445,-37.852638244628906,-37.89361572265625,3.985969387755102e-05,52.0,241.5,2.0,1.992984693877551e-05
153,light,1,109.19867706298828,15.975218772888184,225.0,76.0,133.0,192.03604125976562,145.23011779785156,86.38030242919922,134.52891540527344,0.0,0.0013153698979591836,29.0,12.0,0.00023915816326530612,16.92176628112793,245.98529052734375,84.6737060546875,119.38972473144531,121.23493194580078,120.0,0.25741738080978394,-34.71601867675781,-36.56122589111328,-36.61381912231445,7.971938775510203e-05,54.75,239.25,3.0,3.985969387755102e-05
154,light,1,110.23690795898438,19.43553924560547,238.0,71.0,146.0,304.4325256347656,158.80197143554688,83.02427673339844,145.08444213867188,0.0,0.0013352997448979591,41.0,6.0,0.00011957908163265306,17.459732055664062,256.2430114746094,86.70156860351562,120.02347564697266,121.77447509765625,136.0,0.25994470715522766,-33.32190704345703,-35.07290267944336,-35.13249206542969,3.985969387755102e-05,36.0,238.0,2.0,1.992984693877551e-05
155,light,1,111.05645751953125,19.16404914855957,236.0,71.0,146.0,299.0003967285156,158.79110717773438,83.36053466796875,144.49481201171875,0.0,0.001016422193877551,25.0,8.0,0.00015943877551020407,17.22100257873535,237.46563720703125,88.07896423339844,120.61786651611328,122.22911071777344,136.0,0.2623123228549957,-32.538902282714844,-34.150150299072266,-34.20814895629883,0.0,0.0,0.0,0.0,0.0
156,light,1,109.7178726196289,15.879778861999512,248.0,70.0,136.0,205.40882873535156,145.24000549316406,85.28636169433594,135.15704345703125,0.0,5.978954081632653e-05,1.0,3.0,5.978954081632653e-05,15.671043395996094,169.1729278564453,86.45449829101562,119.42398834228516,120.87872314453125,124.0,0.26171594858169556,-32.969486236572266,-34.424224853515625,-34.49119186401367,0.0,0.0,0.0,0.0,0.0
157,light,1,112.04270935058594,26.57408905029297,252.0,66.0,154.0,605.6158447265625,195.46009826660156,77.51414489746094,162.47047424316406,0.0,0.02166374362244898,63.0,910.0,0.018136160714285716,22.39150619506836,464.0086364746094,82.16266632080078,124.18099975585938,127.89417266845703,141.0,0.23793154954910278,-42.01833724975586,-45.73150634765625,-45.73271942138672,5.978954081632653e-05,45.0,234.0,3.0,1.992984693877551e-05
158,light,1,113.5302734375,29.376245498657227,253.0,63.0,168.0,771.4169311523438,211.09646606445312,75.73737335205078,171.42724609375,1.0,0.029456313775510203,79.0,1272.0,0.025350765306122448,23.191699981689453,479.3575744628906,84.13851165771484,125.4728775024414,129.09210205078125,157.0,0.2395293414592743,-41.3343620300293,-44.953582763671875,-44.95543670654297,5.978954081632653e-05,38.33333206176758,236.3333282470703,3.0,1.992984693877551e-05
159,light,1,105.57946014404297,17.54323959350586,253.0,75.0,125.0,221.20115661621094,158.53977966308594,85.64740753173828,133.55670166015625,0.0,0.007932079081632654,39.0,298.0,0.005939094387755102,17.608732223510742,337.59765625,67.91703033447266,121.41510009765625,122.93331146240234,97.0,0.21319763362407684,-53.49806594848633,-55.01628112792969,-55.298587799072266,3.985969387755102e-05,45.5,238.5,2.0,1.992984693877551e-05
160,light,1,106.43791961669922,26.208221435546875,255.0,70.0,141.0,581.85498046875,202.27777099609375,80.17373657226562,155.4351806640625,1.0,0.02361686862244898,62.0,1022.0,0.020368303571428572,20.717693328857422,517.507080078125,71.24730682373047,121.17542266845703,122.98773956298828,124.0,0.2178092747926712,-49.9281120300293,-51.74043273925781,-51.843292236328125,0.0,0.0,0.0,0.0,0.0
161,light,1,105.38721466064453,17.680570602416992,254.0,66.0,131.0,250.9277801513672,155.4075469970703,79.97676849365234,135.3296356201172,0.0,0.00390625,50.0,94.0,0.0018734056122448979,18.305343627929688,317.6630554199219,69.14253997802734,120.54926300048828,122.52666473388672,109.0,0.21675927937030792,-51.4067268371582,-53.38412857055664,-53.495018005371094,3.985969387755102e-05,36.0,236.0,2.0,1.992984693877551e-05
162,light,1,102.98323822021484,16.0242919921875,252.0,67.0,126.0,201.32940673828125,145.59658813476562,78.10909271240234,129.17327880859375,0.0,0.002570950255102041,38.0,36.0,0.0007174744897959184,17.522310256958008,277.7978210449219,66.81867980957031,118.10034942626953,120.1719741821289,102.0,0.21500350534915924,-51.28166961669922,-53.35329818725586,-53.47004699707031,1.992984693877551e-05,39.0,229.0,1.0,1.992984693877551e-05
163,light,1,105.4823226928711,27.182605743408203,255.0,55.0,145.0,624.5313720703125,179.0044403076172,62.28202438354492,153.6260223388672,0.0,0.014150191326530613,54.0,536.0,0.010682397959183673,21.108278274536133,366.8526306152344,73.32653045654297,118.80253601074219,121.32969665527344,125.0,0.2255285382270813,-45.47600555419922,-48.003170013427734,-48.13225555419922,1.992984693877551e-05,58.0,244.0,1.0,1.992984693877551e-05
164,light,1,106.98676300048828,26.32971954345703,255.0,56.0,147.0,589.2578735351562,175.3520965576172,63.84917449951172,153.64739990234375,0.0,0.012017697704081632,51.0,501.0,0.009984853316326531,20.799301147460938,355.9180603027344,74.14445495605469,120.59733581542969,123.13099670410156,125.0,0.2252579927444458,-46.452884674072266,-48.98654556274414,-49.11977767944336,0.0,0.0,0.0,0.0,0.0
165,light,1,105.31745910644531,24.950321197509766,255.0,55.0,144.0,530.4943237304688,167.673583984375,63.14049530029297,149.1042022705078,0.0,0.008689413265306123,55.0,268.0,0.005341198979591837,20.009653091430664,342.82373046875,72.1561508178711,119.04962158203125,121.67669677734375,121.0,0.2231210172176361,-46.89347457885742,-49.520545959472656,-49.64118194580078,1.992984693877551e-05,46.0,245.0,1.0,1.992984693877551e-05
166,light,1,106.46209716796875,24.258211135864258,255.0,55.0,144.0,502.63671875,165.8977813720703,64.06095123291016,148.33546447753906,0.0,0.007653061224489796,55.0,255.0,0.005082110969387755,19.59334373474121,355.6316833496094,72.82722473144531,120.42649841308594,122.88201904296875,121.0,0.2231065332889557,-47.59926986694336,-50.054786682128906,-50.19204330444336,3.985969387755102e-05,44.0,239.5,2.0,1.992984693877551e-05
167,light,1,106.27593231201172,24.020360946655273,255.0,56.0,141.0,486.21484375,172.22171020507812,64.81262969970703,147.52146911621094,0.0,0.010283801020408163,55.0,409.0,0.008151307397959183,20.10527229309082,400.0287780761719,73.02613067626953,120.05928802490234,122.71520233154297,123.0,0.22366368770599365,-47.033164978027344,-49.6890754699707,-49.77545166015625,0.0,0.0,0.0,0.0,0.0
168,light,1,104.77718353271484,24.921772003173828,254.0,54.0,140.0,514.9766845703125,177.6752471923828,64.198486328125,149.05201721191406,0.0,0.012575733418367346,42.0,540.0,0.010762117346938776,20.44309425354004,423.303466796875,72.46034240722656,118.11820220947266,121.04065704345703,123.0,0.22438515722751617,-45.65786361694336,-48.580318450927734,-48.60574722290039,0.0,0.0,0.0,0.0,0.0
169,light,1,104.69766235351562,26.917360305786133,255.0,55.0,144.0,602.7302856445312,189.40353393554688,64.7565689086914,155.18373107910156,0.0,0.019411670918367346,41.0,875.0,0.017438616071428572,20.493728637695312,442.54962158203125,72.54263305664062,117.95751190185547,120.97544860839844,126.0,0.22390435636043549,-45.414878845214844,-48.43281555175781,-48.44084930419922,0.0,0.0,0.0,0.0,0.0
170,light,1,103.6982421875,25.929546356201172,255.0,55.0,140.0,547.4684448242188,180.41969299316406,64.20504760742188,151.62989807128906,0.0,0.016940369897959183,53.0,737.0,0.01468829719387755,20.538602828979492,503.7442932128906,71.24854278564453,117.09423065185547,120.0242919921875,122.0,0.22240111231803894,-45.84568405151367,-48.77574920654297,-48.79749298095703,0.0,0.0,0.0,0.0,0.0
171,light,1,103.97128295898438,26.616409301757812,253.0,54.0,142.0,567.578369140625,180.0272674560547,64.32323455810547,152.84593200683594,0.0,0.019292091836734693,67.0,805.0,0.016043526785714284,21.009397506713867,559.4510498046875,71.50041961669922,117.38685607910156,120.18387603759766,125.0,0.22225810587406158,-45.88644027709961,-48.68345260620117,-48.70930480957031,1.992984693877551e-05,45.0,241.0,1.0,1.992984693877551e-05
172,light,1,105.12786865234375,26.096988677978516,255.0,61.0,145.0,597.9182739257812,189.02685546875,70.17728424072266,153.531005859375,0.0,0.015465561224489796,34.0,716.0,0.014269770408163265,19.10272979736328,338.80316162109375,71.69369506835938,119.0613021850586,121.23403930664062,125.0,0.2217870056629181,-47.36760711669922,-49.54033660888672,-49.58229064941406,0.0,0.0,0.0,0.0,0.0
173,light,1,105.64501190185547,24.041244506835938,255.0,62.0,144.0,503.0707702636719,178.54339599609375,71.99506378173828,149.52186584472656,0.0,0.010283801020408163,46.0,402.0,0.008011798469387755,18.826866149902344,313.09765625,71.71240997314453,119.82598876953125,121.76666259765625,122.0,0.22178174555301666,-48.11357879638672,-50.05424880981445,-50.12757110595703,0.0,0.0,0.0,0.0,0.0
174,light,1,102.81072998046875,17.526046752929688,248.0,68.0,132.0,261.07598876953125,144.44215393066406,75.49333190917969,132.69081115722656,0.0,0.0015943877551020409,26.0,21.0,0.0004185267857142857,17.20606803894043,230.69334411621094,67.63247680664062,117.50113677978516,119.51494598388672,107.25,0.21738648414611816,-49.8686637878418,-51.88247299194336,-51.95792770385742,0.0,0.0,0.0,0.0,0.0
175,light,1,101.25952911376953,14.485751152038574,249.0,72.0,125.0,169.01515197753906,128.97828674316406,78.16212463378906,123.69305419921875,0.0,0.000896843112244898,17.0,9.0,0.0001793686224489796,16.868213653564453,215.6616973876953,65.72985076904297,116.08081817626953,118.13099670410156,99.0,0.21557195484638214,-50.3509635925293,-52.40114974975586,-52.486507415771484,0.0,0.0,0.0,0.0,0.0
176,light,1,103.30550384521484,15.713528633117676,254.0,73.0,128.0,199.90040588378906,135.79849243164062,78.1697006225586,127.8262939453125,0.0,0.0012356505102040817,21.0,16.0,0.00031887755102040814,17.63386344909668,231.78744506835938,67.8409423828125,118.09817504882812,120.19419860839844,104.0,0.21758688986301422,-50.257232666015625,-52.35325622558594,-52.445709228515625,0.0,0.0,0.0,0.0,0.0
177,light,1,106.91948699951172,22.622373580932617,255.0,56.0,141.0,430.30584716796875,169.07801818847656,69.88636016845703,144.87554931640625,0.0,0.007653061224489796,49.0,231.0,0.004603794642857143,20.6648006439209,320.409912109375,73.62643432617188,120.73491668701172,123.27027130126953,121.0,0.22528862953186035,-47.10847854614258,-49.64383316040039,-49.682735443115234,0.0,0.0,0.0,0.0,0.0
178,light,1,106.7615966796875,23.614309310913086,255.0,58.0,142.0,462.619384765625,177.8088836669922,74.15599060058594,147.9163818359375,0.0,0.011379942602040817,55.0,455.0,0.009068080357142858,20.512224197387695,333.6554260253906,73.39820098876953,120.61890411376953,123.14727783203125,122.0,0.224251389503479,-47.220703125,-49.74908447265625,-49.764610290527344,1.992984693877551e-05,39.0,241.0,1.0,1.992984693877551e-05
179,light,1,104.8133773803711,27.5810604095459,255.0,62.0,149.0,647.0465698242188,197.60740661621094,74.81869506835938,156.7491455078125,0.0,0.021145567602040817,54.0,946.0,0.018853635204081634,21.09288215637207,376.6911926269531,72.73873901367188,118.09231567382812,120.8184814453125,133.0,0.22421367466449738,-45.35357666015625,-48.07973861694336,-48.08217239379883,1.992984693877551e-05,47.0,233.0,1.0,1.992984693877551e-05
180,light,1,103.21643829345703,23.354379653930664,255.0,63.0,144.0,445.15399169921875,173.9061737060547,76.76187896728516,146.43389892578125,0.0,0.010463169642857142,77.0,314.0,0.00625797193877551,21.185251235961914,398.2484130859375,70.10951232910156,116.9382553100586,119.6649169921875,125.0,0.22097502648830414,-46.82874298095703,-49.55540466308594,-49.55927276611328,0.0,0.0,0.0,0.0,0.0
181,light,1,108.28047180175781,22.023283004760742,253.0,63.0,147.0,397.4656677246094,163.61875915527344,78.69214630126953,147.17218017578125,0.0,0.005420918367346939,61.0,137.0,0.002730389030612245,19.662643432617188,316.7537841796875,75.0927505493164,122.05143737792969,124.59452819824219,129.0,0.22703392803668976,-46.95868682861328,-49.501773834228516,-49.5120964050293,1.992984693877551e-05,38.0,236.0,1.0,1.992984693877551e-05
182,light,1,103.58340454101562,23.27811050415039,255.0,58.0,141.0,439.35113525390625,167.09925842285156,73.07747650146484,145.0478973388672,0.0,0.008769132653061224,42.0,355.0,0.007075095663265306,18.93947982788086,299.59326171875,72.05602264404297,116.61399841308594,119.43218231201172,122.0,0.22702524065971375,-44.55797576904297,-47.376155853271484,-47.38043975830078,1.992984693877551e-05,39.0,233.0,1.0,1.992984693877551e-05
183,light,1,108.67050170898438,25.42491340637207,251.0,60.0,157.0,555.142333984375,181.8883819580078,77.19091033935547,158.89808654785156,0.0,0.013572225765306123,56.0,474.0,0.009446747448979591,21.981225967407227,361.0448913574219,81.91217041015625,119.49495697021484,123.29730987548828,145.0,0.2451895922422409,-37.58279037475586,-41.3851432800293,-41.385860443115234,0.0,0.0,0.0,0.0,0.0
184,light,1,112.5802001953125,21.272689819335938,249.0,60.0,153.0,381.65118408203125,163.0938262939453,84.06663513183594,152.4816436767578,0.0,0.004643654336734694,68.0,54.0,0.0010762117346938774,21.28371810913086,320.48663330078125,85.1318130493164,123.70559692382812,127.38623809814453,139.0,0.2479994297027588,-38.57378005981445,-42.254425048828125,-42.25494384765625,0.0,0.0,0.0,0.0,0.0
185,light,1,113.14183807373047,23.606496810913086,241.0,57.0,158.0,487.115478515625,178.83851623535156,81.37809753417969,158.0255126953125,0.0,0.008011798469387755,68.0,236.0,0.00470344387755102,21.123085021972656,295.2322082519531,87.13404846191406,123.6934585571289,127.16575622558594,145.0,0.25209468603134155,-36.559410095214844,-40.031707763671875,-40.032623291015625,0.0,0.0,0.0,0.0,0.0
186,light,1,104.4286880493164,26.4570255279541,255.0,61.0,143.0,592.0780639648438,179.89283752441406,71.84246063232422,151.26947021484375,0.0,0.013532366071428572,46.0,597.0,0.01189811862244898,18.326705932617188,286.60186767578125,75.4942398071289,116.26893615722656,119.42386627197266,126.0,0.23548857867717743,-40.77469253540039,-43.92962646484375,-43.99017333984375,0.0,0.0,0.0,0.0,0.0
187,light,1,104.36341857910156,26.743396759033203,255.0,59.0,142.0,595.273193359375,177.35260009765625,70.09658813476562,151.12461853027344,0.0,0.013651945153061224,41.0,584.0,0.011639030612244899,18.60211753845215,308.6386413574219,74.9890365600586,116.4227294921875,119.35582733154297,124.0,0.2341862916946411,-41.433692932128906,-44.366790771484375,-44.46213150024414,3.985969387755102e-05,34.0,234.0,2.0,1.992984693877551e-05
188,light,1,106.36956024169922,28.032129287719727,255.0,57.0,144.0,651.4609985351562,185.2217254638672,68.81198120117188,156.4747314453125,0.0,0.018176020408163265,38.0,811.0,0.016163105867346938,18.90181541442871,331.8700866699219,76.62633514404297,118.56784057617188,121.5780258178711,127.0,0.2343531996011734,-41.941505432128906,-44.951690673828125,-45.01046371459961,0.0,0.0,0.0,0.0,0.0
189,light,1,105.7471923828125,28.534961700439453,255.0,56.0,143.0,646.7535400390625,180.456298828125,67.1513442993164,157.57350158691406,0.0,0.02108577806122449,43.0,932.0,0.018574617346938774,19.304128646850586,361.8219909667969,76.31082916259766,117.81732177734375,120.79765319824219,126.0,0.23446056246757507,-41.50649642944336,-44.4868278503418,-44.516204833984375,0.0,0.0,0.0,0.0,0.0
190,light,1,107.44549560546875,29.44579315185547,255.0,57.0,152.0,724.9566650390625,201.39703369140625,69.73450469970703,163.3157196044922,1.0,0.029296875,47.0,1363.0,0.02716438137755102,18.624372482299805,360.54443359375,75.0008544921875,120.88534545898438,123.25703430175781,135.0,0.2269226312637329,-45.88448715209961,-48.25617980957031,-48.330039978027344,0.0,0.0,0.0,0.0,0.0
191,light,1,108.06867980957031,29.153488159179688,255.0,59.0,159.0,707.6995239257812,202.03753662109375,73.93181610107422,164.4307861328125,1.0,0.031349649234693876,45.0,1465.0,0.02919722576530612,18.513914108276367,365.6678161621094,74.96250915527344,121.84510803222656,123.90876007080078,145.0,0.22549092769622803,-46.88259506225586,-48.946250915527344,-49.03587341308594,1.992984693877551e-05,31.0,227.0,1.0,1.992984693877551e-05
192,light,1,100.75553894042969,10.72806453704834,206.0,63.0,115.0,93.05087280273438,113.66413879394531,79.25757598876953,113.42911529541016,0.0,1.992984693877551e-05,1.0,1.0,1.992984693877551e-05,9.257808685302734,63.57728958129883,65.37049865722656,116.03356170654297,114.89698028564453,79.0,0.2198861539363861,-50.66306686401367,-49.526485443115234,-51.522640228271484,0.0,0.0,0.0,0.0,0.0
193,light,1,104.49340057373047,18.4549560546875,255.0,64.0,127.0,260.47119140625,154.5103302001953,78.73585510253906,133.35450744628906,0.0,0.004902742346938775,55.0,90.0,0.001793686224489796,16.363672256469727,293.9462585449219,68.47108459472656,119.6455307006836,121.24571228027344,100.0,0.21720750629901886,-51.17444610595703,-52.77463150024414,-53.20647430419922,1.992984693877551e-05,61.0,247.0,1.0,1.992984693877551e-05
194,light,1,103.57646942138672,21.55331802368164,255.0,63.0,128.0,363.7624206542969,171.39566040039062,76.04495239257812,140.24627685546875,0.0,0.01136001275510204,41.0,493.0,0.009825414540816327,16.791563034057617,305.9883117675781,69.14652252197266,118.01519012451172,119.85716247558594,105.0,0.21995073556900024,-48.8686637878418,-50.71063995361328,-51.06614685058594,1.992984693877551e-05,45.0,241.0,1.0,1.992984693877551e-05
195,light,1,113.0214614868164,28.52165985107422,254.0,63.0,165.0,717.4163208007812,200.60345458984375,77.35330200195312,167.25482177734375,1.0,0.022739955357142856,66.0,951.0,0.01895328443877551,20.790775299072266,424.67681884765625,86.55219268798828,123.75133514404297,127.3963851928711,156.0,0.24814561009407043,-37.19913864135742,-40.84418869018555,-40.85520935058594,0.0,0.0,0.0,0.0,0.0
196,light,1,114.89198303222656,25.583721160888672,248.0,70.0,164.0,545.1111450195312,181.3851776123047,82.0955581665039,161.17152404785156,0.0,0.017159598214285716,86.0,692.0,0.013791454081632654,20.997455596923828,343.26092529296875,88.91192626953125,125.32734680175781,129.5001983642578,154.0,0.2520904541015625,-36.4154167175293,-40.5882682800293,-40.58914566040039,3.985969387755102e-05,38.0,236.0,1.0,3.985969387755102e-05
197,light,1,110.89391326904297,21.943586349487305,227.0,70.0,150.0,404.03851318359375,167.065673828125,81.11880493164062,149.49267578125,0.0,0.0049824617346938774,55.0,60.0,0.0011957908163265306,19.44634437561035,259.0532531738281,85.05949401855469,121.36262512207031,125.03060913085938,138.0,0.25123530626296997,-36.303131103515625,-39.97112274169922,-39.97187805175781,0.0,0.0,0.0,0.0,0.0
198,light,1,117.24015808105469,15.292160987854004,252.0,0.0,139.0,146.07077026367188,145.2493896484375,92.15702819824219,139.2023162841797,0.0,0.0029496173469387753,53.0,30.0,0.0005978954081632653,13.560588836669922,359.8873596191406,112.41244506835938,122.8644790649414,101.0948486328125,137.0,0.3339850902557373,-10.45202922821045,11.317602157592773,-10.4921875,1.992984693877551e-05,41.0,229.0,1.0,1.992984693877551e-05
199,light,1,106.51851654052734,20.480558395385742,252.0,45.0,149.0,282.8972473144531,151.02369689941406,81.3620834350586,141.30332946777344,0.0,0.004942602040816327,72.0,55.0,0.001096141581632653,17.13368034362793,574.42578125,101.12394714355469,112.12483978271484,91.96035766601562,149.0,0.3312380313873291,-11.000896453857422,9.163583755493164,-11.091118812561035,0.0,0.0,0.0,0.0,0.0
200,light,1,108.58488464355469,19.536378860473633,227.0,49.0,151.0,299.192626953125,155.1045379638672,82.74141693115234,144.7942657470703,0.0,0.001634247448979592,44.0,10.0,0.0001992984693877551,18.93040657043457,635.6167602539062,103.2442398071289,114.28782653808594,93.30410766601562,149.0,0.3322213590145111,-11.043586730957031,9.940131187438965,-11.125797271728516,0.0,0.0,0.0,0.0,0.0
201,light,1,111.56106567382812,19.164745330810547,250.0,51.0,150.0,271.76458740234375,157.26211547851562,87.83358001708984,144.97523498535156,0.0,0.004444355867346939,72.0,32.0,0.0006377551020408163,17.928802490234375,584.9722290039062,107.38163757324219,116.83125305175781,95.48511505126953,149.0,0.33610233664512634,-9.449617385864258,11.896524429321289,-9.549166679382324,0.0,0.0,0.0,0.0,0.0
202,light,1,108.24446105957031,26.268173217773438,242.0,55.0,172.0,571.3715209960938,183.64797973632812,79.5727310180664,162.54176330566406,0.0,0.015963807397959183,141.0,331.0,0.006596779336734694,21.382080078125,841.5507202148438,103.96855163574219,113.36276245117188,93.09931182861328,172.0,0.33514100313186646,-9.39421272277832,10.869239807128906,-9.528998374938965,0.0,0.0,0.0,0.0,0.0
203,light,1,105.87535858154297,27.094905853271484,245.0,50.0,169.0,600.2133178710938,174.14666748046875,74.72107696533203,158.5178680419922,0.0,0.014528858418367346,136.0,311.0,0.006198182397959184,23.230411529541016,1022.9644165039062,102.13430786132812,110.77461242675781,90.62067413330078,170.0,0.3366607427597046,-8.64030647277832,11.513631820678711,-8.715103149414062,0.0,0.0,0.0,0.0,0.0
204,light,1,106.29364776611328,26.769378662109375,241.0,55.0,169.0,579.050537109375,174.6459197998047,76.81147003173828,159.2278289794922,0.0,0.018594547193877552,97.0,662.0,0.013193558673469387,21.41166877746582,905.6494140625,102.19710540771484,111.52297973632812,90.2227783203125,170.0,0.3361634910106659,-9.325873374938965,11.974329948425293,-9.43468952178955,0.0,0.0,0.0,0.0,0.0
205,light,1,107.2139663696289,22.4918212890625,241.0,62.0,156.0,390.60723876953125,167.46420288085938,79.61983489990234,150.64834594726562,0.0,0.008589764030612245,94.0,211.0,0.004205197704081632,19.223712921142578,722.0697631835938,102.80867004394531,112.66852569580078,90.580078125,156.0,0.33587849140167236,-9.859853744506836,12.228595733642578,-9.973931312561035,0.0,0.0,0.0,0.0,0.0
206,light,1,118.94473266601562,13.405939102172852,222.0,82.0,142.0,124.12266540527344,145.58787536621094,96.45234680175781,138.7042236328125,0.0,0.000896843112244898,31.0,5.0,9.964923469387755e-05,14.645020484924316,398.2303161621094,114.1760025024414,124.77582550048828,101.58958435058594,138.0,0.3352664113044739,-10.599828720092773,12.586416244506836,-10.632673263549805,0.0,0.0,0.0,0.0,0.0
207,light,1,110.74195098876953,19.914997100830078,238.0,68.0,151.0,301.7259216308594,161.72222900390625,85.64049530029297,147.2626190185547,0.0,0.0052016900510204085,77.0,48.0,0.0009566326530612245,18.983911514282227,715.8150634765625,106.63668060302734,116.09986877441406,94.04715728759766,150.0,0.33679160475730896,-9.463189125061035,12.58952522277832,-9.567342758178711,0.0,0.0,0.0,0.0,0.0
208,light,1,104.65302276611328,33.00859832763672,242.0,27.0,185.0,924.5201416015625,199.41969299316406,72.75950622558594,173.15818786621094,0.0,0.02907764668367347,132.0,1143.0,0.02277981505102041,25.523902893066406,1131.6016845703125,101.41866302490234,109.03874206542969,90.71965026855469,186.0,0.337347149848938,-7.620077133178711,10.699019432067871,-7.8240790367126465,0.0,0.0,0.0,0.0,0.0
209,light,1,104.57011413574219,37.491024017333984,248.0,35.0,195.0,1178.32421875,201.7732391357422,66.88130950927734,178.94830322265625,1.0,0.04237085459183673,101.0,1911.0,0.0380859375,28.853713989257812,1318.525146484375,101.38590240478516,108.53954315185547,92.57769012451172,196.0,0.33571749925613403,-7.153639316558838,8.808215141296387,-7.355807781219482,0.0,0.0,0.0,0.0,0.0
11875858055_b291d73a36_o,fire_light,1,109.82483673095703,43.799354553222656,255.0,8.0,173.0,1549.37646484375,176.1565399169922,39.345455169677734,169.1599884033203,0.0,0.012775031887755101,26.0,538.0,0.010722257653061224,26.41468048095703,417.5329284667969,115.56829833984375,106.94369506835938,109.59556579589844,236.0,0.338800847530365,8.624601364135742,5.97273588180542,3.5816128253936768,0.00763313137755102,55.15665817260742,254.72845458984375,40.0,0.0040058992346938774
11876299854_f22f787159_o,fire_light,1,130.71165466308594,44.528297424316406,254.0,12.0,176.0,1614.4468994140625,171.88998413085938,65.2607421875,171.5463104248047,0.0,0.016621492346938774,38.0,414.0,0.00825095663265306,26.935808181762695,451.6309509277344,135.7263641357422,128.43516540527344,129.27174377441406,204.0,0.34602999687194824,7.291194915771484,6.454619884490967,2.499880313873291,0.0071548150510204085,49.42897033691406,254.36212158203125,81.0,0.0007174744897959184
19197957859_cb989ed680_o,fire_light,1,62.897640228271484,41.46476745605469,254.0,0.0,139.0,1327.274658203125,135.58888244628906,13.168889045715332,127.46624755859375,0.0,0.0018933354591836734,8.0,51.0,0.001016422193877551,30.671192169189453,466.7227478027344,75.36001586914062,57.17161560058594,59.724090576171875,219.0,0.3974006772041321,18.188396453857422,15.635921478271484,7.173868179321289,0.0013552295918367347,46.05882263183594,253.5735321044922,9.0,0.0006576849489795918
25268092618_d42532a7db_o,fire_light,1,67.40166473388672,59.14859390258789,228.0,2.0,195.0,3181.56005859375,189.56161499023438,5.557575702667236,183.7105255126953,0.0,0.027004942602040817,4.0,1336.0,0.02662627551020408,12.374122619628906,40.16685104370117,74.54998779296875,63.46751403808594,68.66812896728516,200.0,0.34818965196609497,11.082469940185547,5.8818559646606445,3.699457883834839,0.0012356505102040817,34.935482025146484,232.38710021972656,3.0,0.001016422193877551
27866316047_a4b6968d59_o,fire_light,1,86.99375915527344,51.554195404052734,254.0,5.0,189.0,1920.98486328125,218.9065704345703,22.689393997192383,169.09327697753906,1.0,0.04067681760204082,18.0,1700.0,0.033880739795918366,30.148771286010742,109.58882904052734,116.78215026855469,75.07975769042969,70.19274139404297,253.0,0.43797755241394043,41.702388763427734,46.58940505981445,31.82651138305664,0.005141900510204082,44.488372802734375,249.9534912109375,53.0,0.0021723533163265306
28431966447_1533de1d5f_o,fire_light,1,80.93773651123047,36.77235794067383,248.0,6.0,150.0,790.3634643554688,138.64295959472656,32.59798049926758,126.92529296875,0.0,0.004205197704081632,31.0,31.0,0.0006178252551020409,58.58342742919922,847.95751953125,93.77034759521484,77.07483673095703,67.16655731201172,191.0,0.3888463079929352,16.695510864257812,26.60379409790039,15.079998016357422,0.003826530612244898,49.72916793823242,253.03125,32.0,0.0007174744897959184
28431969917_c7ae8874e7_o,fire_light,1,145.28741455078125,46.14530944824219,225.0,19.0,208.0,1677.3704833984375,206.9323272705078,65.69975280761719,201.5137481689453,1.0,0.1083187181122449,14.0,3421.0,0.06818000637755102,32.80897903442383,189.18582153320312,153.2774200439453,143.47976684570312,133.64244079589844,219.0,0.35602739453315735,9.797652244567871,19.634984970092773,8.857182502746582,0.0004384566326530612,58.318180084228516,253.5454559326172,5.0,0.00027901785714285713
28431970167_11c406b50f_o,fire_light,1,144.8079376220703,46.507991790771484,240.0,8.0,217.0,1584.404541015625,220.92889404296875,76.35151672363281,208.556884765625,2.0,0.11363998724489796,13.0,5632.0,0.11224489795918367,34.139217376708984,184.83958435058594,154.39556884765625,142.5951690673828,131.06076049804688,225.0,0.3624245822429657,11.800402641296387,23.334800720214844,11.583346366882324,1.992984693877551e-05,65.0,252.0,1.0,1.992984693877551e-05
28460392672_b45947296a_o,fire_light,1,142.04737854003906,44.017333984375,231.0,19.0,218.0,1374.057373046875,221.7701416015625,96.3565673828125,213.2081756591797,4.0,0.14911511479591838,15.0,7420.0,0.14787946428571427,49.170406341552734,623.7655029296875,145.2123260498047,144.52377319335938,120.90631103515625,216.0,0.36204174160957336,0.6885562539100647,24.30602264404297,0.3782684803009033,0.00047831632653061223,48.16666793823242,251.1666717529297,9.0,0.0001793686224489796
28963795860_47a7439e21_o,fire_light,1,22.260263442993164,25.52418327331543,218.0,1.0,76.0,305.7367858886719,72.10419464111328,3.9449493885040283,58.818603515625,0.0,0.00015943877551020407,2.0,6.0,0.00011957908163265306,19.79960823059082,197.3336181640625,37.05120086669922,17.68813705444336,6.944395542144775,146.0,0.507747232913971,19.363061904907227,30.10680389404297,18.713428497314453,0.0001793686224489796,41.0,254.0,2.0,0.00013950892857142856
29050919492_af920985de_o,fire_light,1,92.1971435546875,53.09163284301758,254.0,3.0,195.0,1335.7969970703125,175.76889038085938,28.220741271972656,155.56362915039062,0.0,0.04318797831632653,82.0,627.0,0.012496014030612245,68.30210876464844,1322.621337890625,167.10423278808594,70.74087524414062,6.276765823364258,255.0,0.728086531162262,96.36335754394531,160.8274688720703,96.35738372802734,0.01371173469387755,37.39389419555664,251.74855041503906,245.0,0.0007573341836734694
36171935652_889b2ea0f5_o,fire_light,1,103.68341064453125,16.901884078979492,171.0,28.0,120.0,143.7209014892578,119.4197006225586,72.78173065185547,116.4417495727539,0.0,0.0,0.0,0.0,0.0,20.157901763916016,170.66366577148438,113.22209930419922,102.65995788574219,83.98303985595703,161.0,0.37292981147766113,10.562141418457031,29.239059448242188,10.562141418457031,0.0,0.0,0.0,0.0,0.0
36583423933_01030ea8f5_o,fire_light,1,140.20248413085938,51.18684005737305,252.0,23.0,217.0,1949.802490234375,218.26364135742188,86.44949340820312,214.0160369873047,5.0,0.1859454719387755,17.0,8314.0,0.16569674744897958,33.68685531616211,304.6560363769531,142.9482421875,140.4717559814453,131.59344482421875,239.0,0.3419031500816345,2.47648286819458,11.354790687561035,0.36268335580825806,0.02293925382653061,45.28236389160156,242.4934844970703,24.0,0.016581632653061226
37325134636_6828e71d1f_o,fire_light,1,75.0536880493164,36.33022689819336,244.0,8.0,150.0,891.0270385742188,148.0508575439453,38.23760223388672,135.15406799316406,0.0,0.0011559311224489796,14.0,19.0,0.0003786670918367347,23.505207061767578,177.25701904296875,105.70977783203125,67.10626220703125,35.58774948120117,235.0,0.4921949803829193,38.603515625,70.12203216552734,38.57902145385742,0.0007971938775510204,43.150001525878906,250.02499389648438,16.0,0.00013950892857142856
37342469622_5986183000_o,fire_light,1,151.7672576904297,15.803576469421387,243.0,103.0,182.0,145.77459716796875,175.34814453125,132.7560577392578,173.1453399658203,0.0,0.016143176020408163,45.0,511.0,0.010184151785714286,18.655454635620117,109.6759033203125,147.4104766845703,150.05865478515625,172.031494140625,221.0,0.31159618496894836,-2.6481783390045166,-24.621013641357422,-24.944456100463867,0.015625,59.355865478515625,251.7716827392578,45.0,0.010522959183673469
37342469732_6d6aa633b3_o,fire_light,1,151.40512084960938,15.139663696289062,219.0,117.0,177.0,152.8058624267578,183.25050354003906,134.4394989013672,175.3321533203125,0.0,0.005779655612244898,15.0,221.0,0.004404496173469388,15.489718437194824,100.02176666259766,141.14170837402344,151.81765747070312,176.255126953125,171.0,0.29987749457359314,-10.675960540771484,-35.11342239379883,-35.20912551879883,0.001295440051020408,60.153846740722656,251.3230743408203,12.0,0.0004185267857142857
38088823072_aa623aa8cd_o,fire_light,1,28.088449478149414,31.204980850219727,254.0,0.0,79.0,381.9740295410156,63.92148208618164,1.0904040336608887,61.74650192260742,0.0,0.004603794642857143,16.0,61.0,0.0012157206632653062,22.372907638549805,255.6090545654297,49.6187629699707,21.754005432128906,4.309271335601807,138.0,0.6528459787368774,27.864755630493164,45.30949020385742,27.827587127685547,0.0016541772959183674,41.43373489379883,248.92770385742188,36.0,0.0004384566326530612
38252965765_fa7e58f3fd_o,fire_light,1,83.02473449707031,33.11480712890625,244.0,11.0,154.0,769.561279296875,175.2325897216797,38.714569091796875,134.81053161621094,0.0,0.011120854591836735,16.0,471.0,0.009386957908163265,15.92903995513916,81.94270324707031,112.66460418701172,73.15176391601562,56.145606994628906,250.0,0.44879090785980225,39.51283645629883,56.51899337768555,39.50577926635742,0.006477200255102041,43.00615310668945,254.00308227539062,37.0,0.0016143176020408164
38425122874_20fd4958cc_o,fire_light,1,78.63468933105469,48.13426208496094,253.0,7.0,176.0,1320.4488525390625,146.08790588378906,13.589899063110352,136.36756896972656,0.0,0.018176020408163265,39.0,550.0,0.010961415816326531,35.32179260253906,275.20343017578125,131.8465576171875,65.05209350585938,8.995834350585938,254.0,0.6416984796524048,66.79446411132812,122.85072326660156,66.49818420410156,0.012934470663265306,48.160247802734375,253.9768829345703,51.0,0.005221619897959184
40052135590_ff281a560c_o,fire_light,1,26.17639923095703,19.281356811523438,204.0,6.0,69.0,277.0539855957031,61.62814712524414,7.041975498199463,58.72049331665039,0.0,1.992984693877551e-05,1.0,1.0,1.992984693877551e-05,6.218410968780518,19.404891967773438,72.52301788330078,7.432796478271484,1.0818718671798706,183.0,0.861238420009613,65.09022521972656,71.44114685058594,64.87155151367188,1.992984693877551e-05,56.0,255.0,1.0,1.992984693877551e-05
42206136870_fbd39b5bc9_o,fire_light,1,67.85686492919922,42.444366455078125,242.0,11.0,138.0,1424.5263671875,130.4523468017578,15.967901229858398,123.60296630859375,0.0,0.0026705994897959183,6.0,100.0,0.001992984693877551,14.479713439941406,77.44746398925781,103.92520141601562,57.03154754638672,28.971420288085938,211.0,0.532179057598114,46.893653869628906,74.95378112792969,46.75001907348633,0.002072704081632653,42.875,253.57691955566406,8.0,0.0018136160714285715
42582908464_3c761ea37c_o,fire_light,1,89.1756591796875,39.20309066772461,251.0,6.0,181.0,857.5987548828125,180.76565551757812,43.73383712768555,150.19578552246094,0.0,0.003946109693877551,22.0,75.0,0.0014947385204081632,62.01987075805664,804.326904296875,96.40509033203125,86.8780517578125,82.11094665527344,192.0,0.36313092708587646,9.527045249938965,14.294144630432129,6.6338887214660645,0.002232142857142857,46.65178680419922,252.86607360839844,25.0,0.00047831632653061223
45600718572_9a9d934a92_o,fire_light,1,53.51048278808594,49.70039749145508,255.0,5.0,170.0,1868.8514404296875,174.12197875976562,10.996542930603027,145.8831329345703,0.0,0.021145567602040817,12.0,564.0,0.011240433673469387,17.42922592163086,115.83739471435547,66.64251708984375,48.4887809753418,44.9594841003418,238.0,0.38586798310279846,18.153738021850586,21.683034896850586,12.178630828857422,0.01034359056122449,47.603084564208984,252.20616149902344,34.0,0.0027503188775510204
50230975677_c9cf065951_o,fire_light,1,37.816925048828125,28.462753295898438,215.0,0.0,89.0,504.79962158203125,85.56642150878906,2.4414141178131104,78.07884979248047,0.0,0.00013950892857142856,5.0,3.0,5.978954081632653e-05,16.35464859008789,96.06314086914062,86.18700408935547,19.6999568939209,4.229910850524902,176.0,0.8105868697166443,66.48704528808594,81.95709228515625,66.4657974243164,0.0,0.0,0.0,0.0,0.0
50237929906_32fcef2170_o,fire_light,1,54.70884323120117,44.185020446777344,255.0,0.0,139.0,544.0994262695312,93.38320922851562,11.128395080566406,90.80166625976562,0.0,0.012376434948979591,23.0,197.0,0.003926179846938775,58.22760009765625,1228.252685546875,87.4198989868164,43.147560119628906,28.475845336914062,198.0,0.5538128614425659,44.272342681884766,58.94405746459961,44.04617691040039,0.003667091836734694,46.706520080566406,252.17935180664062,26.0,0.001096141581632653
50622019883_c988dcf6ba_o,fire_light,1,21.692602157592773,39.794471740722656,254.0,0.0,111.0,750.6885986328125,104.0,0.9545679092407227,86.11209869384766,0.0,0.012057557397959183,25.0,245.0,0.0048828125,25.546401977539062,433.3873291015625,27.043825149536133,20.7141056060791,12.729053497314453,136.0,0.4207013249397278,6.329719543457031,14.31477165222168,6.247847557067871,0.004544005102040816,37.293861389160156,243.69737243652344,32.0,0.0013751594387755102
51829087853_36bd588ba8_o,fire_light,1,121.2578353881836,41.85615158081055,247.0,4.0,190.0,711.2093505859375,180.8343505859375,83.24899291992188,169.5123291015625,0.0,0.026207748724489797,95.0,354.0,0.00705516581632653,99.3065414428711,2487.98974609375,123.52676391601562,121.91284942626953,111.92552185058594,190.0,0.3476276695728302,1.6139190196990967,11.60124397277832,-2.390266180038452,0.0,0.0,0.0,0.0,0.0
52304531978_24c1bbebcf_o,fire_light,1,49.713130950927734,64.15997314453125,255.0,0.0,181.0,2966.7392578125,182.81185913085938,0.0,154.76852416992188,0.0,0.03639190051020408,6.0,1794.0,0.03575414540816327,19.189462661743164,141.60641479492188,78.14335632324219,41.393375396728516,18.038026809692383,255.0,0.5718131065368652,36.74998092651367,60.10532760620117,36.74812698364258,0.014907525510204082,45.62700653076172,254.7593536376953,33.0,0.013173628826530613
52530684530_26c6809974_o,fire_light,1,32.94314193725586,46.01931381225586,255.0,0.0,130.0,992.9121704101562,113.01925659179688,0.46919190883636475,96.64542388916016,0.0,0.02228156887755102,50.0,301.0,0.005998883928571429,29.738754272460938,566.1791381835938,53.75592041015625,26.53641128540039,11.40168571472168,215.0,0.6381428837776184,27.219507217407227,42.35423278808594,27.185565948486328,0.00723453443877551,44.54545593261719,253.56748962402344,119.0,0.0003587372448979592
9573555526_ca9322b143_o,fire_light,1,105.95294189453125,59.436092376708984,255.0,14.0,220.0,2091.1611328125,202.79241943359375,39.63357925415039,188.44190979003906,1.0,0.09394929846938775,32.0,2036.0,0.04057716836734694,69.37110137939453,756.26611328125,108.64684295654297,104.76002502441406,105.01976776123047,216.0,0.34451043605804443,3.8868184089660645,3.627072811126709,-1.828922152519226,1.992984693877551e-05,49.0,235.0,1.0,1.992984693877551e-05
marc-szeglat-BsAzhHIIwxg-unsplash,fire_light,1,37.218849182128906,22.37570571899414,250.0,1.0,74.0,214.14346313476562,70.50617218017578,13.633781433105469,61.366912841796875,0.0,0.00023915816326530612,4.0,9.0,0.0001793686224489796,29.059066772460938,214.4546661376953,47.510501861572266,33.226322174072266,30.640087127685547,98.0,0.40992674231529236,14.2841796875,16.87041664123535,13.581951141357422,0.00013950892857142856,43.0,253.0,3.0,9.964923469387755e-05
marc-szeglat-I1MGVZ42wnU-unsplash,fire_light,1,32.498085021972656,20.118221282958984,172.0,0.0,72.0,196.97244262695312,53.85185241699219,5.960987567901611,53.02814865112305,0.0,0.0,0.0,0.0,0.0,21.675474166870117,97.42450714111328,31.743701934814453,32.11957931518555,36.471778869628906,83.0,0.29358339309692383,-0.37587690353393555,-4.728076934814453,-5.530672073364258,0.0,0.0,0.0,0.0,0.0
matt-palmer-kbTp7dBzHyY-unsplash,fire_light,1,78.96929168701172,48.42873764038086,180.0,0.0,156.0,2010.368408203125,155.93585205078125,12.57185173034668,148.0359344482422,0.0,0.0,0.0,0.0,0.0,18.879430770874023,171.94139099121094,110.02449035644531,68.79813385009766,49.89823913574219,207.0,0.4376208186149597,41.22636413574219,60.12625503540039,38.98822021484375,0.0,0.0,0.0,0.0,0.0
392,without_light,0,84.4451904296875,23.895709991455078,249.0,40.0,134.0,469.9617919921875,136.9691925048828,54.76641845703125,129.664306640625,0.0,0.001016422193877551,5.0,22.0,0.0004384566326530612,29.41206169128418,549.6494750976562,57.577545166015625,95.93526458740234,95.54926300048828,103.0,0.22476908564567566,-38.35771942138672,-37.971717834472656,-39.39642333984375,7.971938775510203e-05,42.5,239.5,4.0,1.992984693877551e-05
393,without_light,0,61.803611755371094,12.87099552154541,246.0,35.0,82.0,111.7221908569336,82.786865234375,44.1856803894043,80.69882202148438,0.0,0.0009167729591836735,5.0,17.0,0.00033880739795918367,17.730703353881836,217.80892944335938,36.46875,67.58394622802734,98.6785888671875,53.0,0.17678287625312805,-31.11519432067871,-62.209842681884766,-62.21057891845703,0.0,0.0,0.0,0.0,0.0
394,without_light,0,97.87213134765625,23.929649353027344,249.0,43.0,145.0,459.51910400390625,142.85858154296875,63.52592468261719,139.2129669189453,0.0,0.0008370535714285714,12.0,19.0,0.0003786670918367347,34.55208206176758,568.0010986328125,84.72881317138672,99.67288970947266,123.15383911132812,134.0,0.271923303604126,-14.944076538085938,-38.42502212524414,-38.4290885925293,1.992984693877551e-05,33.0,248.0,1.0,1.992984693877551e-05
395,without_light,0,99.18157958984375,28.469018936157227,247.0,41.0,156.0,667.80908203125,152.53826904296875,59.69679641723633,148.1598358154297,0.0,0.0011160714285714285,26.0,15.0,0.00029894770408163266,39.92518997192383,656.20556640625,96.33428192138672,97.51873779296875,115.30121612548828,150.0,0.31016239523887634,-1.1844507455825806,-18.966936111450195,-18.9875431060791,0.0,0.0,0.0,0.0,0.0
396,without_light,0,93.6358413696289,21.74114418029785,250.0,23.0,137.0,373.1747741699219,134.69432067871094,65.11415100097656,130.80592346191406,0.0,0.0009167729591836735,4.0,19.0,0.0003786670918367347,31.32483673095703,459.0963439941406,51.879981994628906,110.22769927978516,117.6296615600586,80.0,0.18319988250732422,-58.34771728515625,-65.74967956542969,-66.01945495605469,5.978954081632653e-05,41.33333206176758,245.0,2.0,3.985969387755102e-05
397,without_light,0,69.13996887207031,20.58295249938965,248.0,27.0,108.0,318.0252990722656,106.9150619506836,41.221073150634766,102.49810791015625,0.0,0.0012157206632653062,6.0,19.0,0.0003786670918367347,30.221372604370117,465.1756286621094,40.54918670654297,78.66770935058594,95.04544067382812,63.0,0.18733227252960205,-38.11852264404297,-54.496253967285156,-54.504722595214844,0.00011957908163265306,43.33333206176758,240.0,4.0,3.985969387755102e-05
398,without_light,0,87.19654846191406,17.79555892944336,250.0,36.0,121.0,233.33619689941406,116.99752807617188,63.48915100097656,116.40477752685547,0.0,0.0014150191326530613,6.0,21.0,0.0004185267857142857,25.446697235107422,369.28594970703125,41.54458236694336,107.10208129882812,104.44621276855469,64.0,0.16105128824710846,-65.5574951171875,-62.90162658691406,-66.56333923339844,9.964923469387755e-05,41.0,241.60000610351562,4.0,3.985969387755102e-05
399,without_light,0,73.85118103027344,16.9834041595459,249.0,24.0,106.0,213.21803283691406,102.51703643798828,51.903926849365234,100.7774429321289,0.0,0.0011160714285714285,5.0,18.0,0.0003587372448979592,24.664112091064453,370.1266784667969,36.178592681884766,89.1435546875,93.80638122558594,56.0,0.16202375292778015,-52.964962005615234,-57.62778854370117,-57.959144592285156,0.00011957908163265306,37.66666793823242,236.0,5.0,3.985969387755102e-05
400,without_light,0,98.30911254882812,20.172653198242188,246.0,49.0,140.0,302.4563293457031,143.81919860839844,70.18814849853516,133.59429931640625,0.0,0.0007573341836734694,13.0,21.0,0.0004185267857142857,32.57438659667969,555.9686279296875,88.94569396972656,100.97257995605469,109.29206848144531,136.0,0.2940731942653656,-12.026885032653809,-20.34638023376465,-20.807716369628906,0.0,0.0,0.0,0.0,0.0
401,without_light,0,89.8945541381836,16.78029441833496,251.0,48.0,125.0,188.2844696044922,121.8707046508789,69.65531158447266,116.18472290039062,0.0,0.0010762117346938774,4.0,24.0,0.00047831632653061223,30.789819717407227,397.47412109375,54.31499099731445,101.44667053222656,123.8224868774414,83.0,0.1916966289281845,-47.131675720214844,-69.50749206542969,-69.5079116821289,1.992984693877551e-05,30.0,245.0,1.0,1.992984693877551e-05
402,without_light,0,94.80552673339844,15.3139009475708,248.0,59.0,126.0,152.73876953125,122.55050659179688,76.29086303710938,119.03272247314453,0.0,0.0010762117346938774,4.0,22.0,0.0004384566326530612,28.070293426513672,338.3111877441406,55.08063507080078,108.49440002441406,128.4905548095703,82.0,0.18624800443649292,-53.41376495361328,-73.40991973876953,-73.41043853759766,1.992984693877551e-05,37.0,242.0,1.0,1.992984693877551e-05
403,without_light,0,80.15254211425781,16.279836654663086,249.0,37.0,113.0,173.4775848388672,108.55201721191406,59.25185012817383,106.25321197509766,0.0,0.001136001275510204,5.0,24.0,0.00047831632653061223,29.036808013916016,368.3053283691406,52.72291564941406,91.54095458984375,93.43594360351562,76.0,0.22038424015045166,-38.81803894042969,-40.71303176879883,-42.403717041015625,7.971938775510203e-05,33.0,234.5,2.0,3.985969387755102e-05
404,without_light,0,80.17066192626953,14.663643836975098,243.0,39.0,108.0,143.1492462158203,104.45050811767578,61.10469055175781,101.94780731201172,0.0,0.0006975446428571429,5.0,21.0,0.0004185267857142857,25.711814880371094,316.06939697265625,65.06200408935547,82.8466796875,106.08125305175781,90.0,0.2549572288990021,-17.784677505493164,-41.01925277709961,-41.01959228515625,0.0,0.0,0.0,0.0,0.0
405,without_light,0,102.82402038574219,20.82904624938965,230.0,61.0,147.0,329.2923889160156,148.4241943359375,79.56404876708984,139.2353973388672,0.0,0.0015345982142857143,28.0,10.0,0.0001992984693877551,31.170923233032227,474.6789245605469,79.97050476074219,114.24830627441406,104.00617980957031,126.0,0.2644498348236084,-34.277801513671875,-24.035675048828125,-34.28334426879883,0.0,0.0,0.0,0.0,0.0
406,without_light,0,94.80026245117188,18.52797508239746,234.0,54.0,133.0,247.3328094482422,138.11061096191406,74.02479553222656,125.73149871826172,0.0,0.0011559311224489796,12.0,25.0,0.0004982461734693878,29.227863311767578,393.0096435546875,77.86499786376953,101.49330139160156,104.8221664428711,120.0,0.27026262879371643,-23.62830924987793,-26.957170486450195,-27.917888641357422,0.0,0.0,0.0,0.0,0.0
407,without_light,0,96.39807891845703,18.3315486907959,227.0,54.0,134.0,222.0518341064453,134.0439453125,76.72525024414062,125.38042449951172,0.0,0.0011160714285714285,13.0,22.0,0.0004384566326530612,33.08348083496094,486.9326477050781,79.69590759277344,105.2549057006836,94.63014221191406,118.0,0.2820300757884979,-25.558992385864258,-14.934231758117676,-25.56604766845703,3.985969387755102e-05,33.0,237.5,2.0,1.992984693877551e-05
408,without_light,0,85.72847747802734,22.749279022216797,228.0,36.0,135.0,374.13604736328125,137.8222198486328,62.20609664916992,124.8967056274414,0.0,0.001016422193877551,17.0,27.0,0.0005381058673469387,37.82258987426758,552.598388671875,79.94794464111328,84.51107788085938,107.12340545654297,129.0,0.29120445251464844,-4.563137531280518,-27.17546272277832,-27.182119369506836,0.0,0.0,0.0,0.0,0.0
409,without_light,0,90.36027526855469,20.278669357299805,246.0,46.0,134.0,322.135498046875,140.5723114013672,71.59407043457031,129.609619140625,0.0,0.0005580357142857143,4.0,25.0,0.0004982461734693878,28.30868148803711,389.8459167480469,80.45423889160156,90.91236877441406,113.51435089111328,129.0,0.2789932191371918,-10.45812702178955,-33.06010818481445,-33.06090545654297,0.0,0.0,0.0,0.0,0.0
410,without_light,0,95.76520538330078,21.267696380615234,237.0,59.0,142.0,360.41351318359375,148.28564453125,76.6632080078125,136.88763427734375,0.0,0.0007772640306122449,10.0,29.0,0.0005779655612244898,29.101327896118164,427.18792724609375,75.23666381835938,105.6659927368164,98.69112396240234,127.0,0.2646183371543884,-30.42932891845703,-23.45446014404297,-30.717554092407227,3.985969387755102e-05,31.5,229.5,2.0,1.992984693877551e-05
411,without_light,0,71.91178894042969,20.744401931762695,247.0,19.0,117.0,337.8681335449219,126.195556640625,55.145957946777344,113.64411163330078,0.0,0.0006576849489795918,8.0,22.0,0.0004384566326530612,26.02281379699707,342.56158447265625,59.722476959228516,78.87342834472656,67.98262023925781,109.0,0.28336232900619507,-19.150949478149414,-8.260144233703613,-19.152782440185547,0.0,0.0,0.0,0.0,0.0
412,without_light,0,80.25729370117188,20.370317459106445,248.0,17.0,125.0,318.289794921875,134.67901611328125,63.594444274902344,120.34518432617188,0.0,0.0011160714285714285,10.0,25.0,0.0004982461734693878,25.913230895996094,349.8436584472656,65.18190002441406,88.8027114868164,75.74071502685547,115.0,0.27832818031311035,-23.62081527709961,-10.558813095092773,-23.620914459228516,0.0,0.0,0.0,0.0,0.0
413,without_light,0,85.64961242675781,20.058712005615234,249.0,14.0,130.0,309.82757568359375,139.6849365234375,69.89545440673828,125.69185638427734,0.0,0.0013552295918367347,16.0,28.0,0.0005580357142857143,26.16813087463379,349.888427734375,67.24687194824219,94.34925079345703,89.39215850830078,116.0,0.2633048892021179,-27.102378845214844,-22.145288467407227,-27.324058532714844,1.992984693877551e-05,47.0,234.0,1.0,1.992984693877551e-05
414,without_light,0,82.2197036743164,21.760221481323242,242.0,29.0,131.0,369.24334716796875,138.43605041503906,64.75757598876953,126.36246490478516,0.0,0.0013751594387755102,16.0,27.0,0.0005381058673469387,27.994701385498047,425.2147521972656,66.61778259277344,87.3642349243164,96.62551879882812,117.0,0.26113155484199524,-20.74645233154297,-30.007732391357422,-30.274553298950195,0.0,0.0,0.0,0.0,0.0
415,without_light,0,60.511619567871094,18.3238582611084,246.0,34.0,98.0,249.35317993164062,108.97481536865234,46.988887786865234,96.8749008178711,0.0,0.0008769132653061224,7.0,26.0,0.0005181760204081633,24.606250762939453,376.49554443359375,51.50067901611328,62.64485168457031,73.33027648925781,90.0,0.26987963914871216,-11.144172668457031,-21.829599380493164,-21.956771850585938,1.992984693877551e-05,31.0,235.0,1.0,1.992984693877551e-05
416,without_light,0,114.63352966308594,25.042760848999023,248.0,47.0,155.0,505.135498046875,150.80101013183594,76.28296661376953,147.87498474121094,0.0,0.0010363520408163266,4.0,21.0,0.0004185267857142857,43.712440490722656,724.7181396484375,84.62946319580078,124.09339141845703,144.59967041015625,119.0,0.23641502857208252,-39.46392822265625,-59.9702033996582,-60.01829528808594,0.0,0.0,0.0,0.0,0.0
417,without_light,0,105.01907348632812,20.584590911865234,244.0,54.0,139.0,345.9923095703125,140.0232391357422,75.21580505371094,135.3811492919922,0.0,0.0012555803571428572,4.0,20.0,0.0003985969387755102,33.220001220703125,432.4601745605469,43.373226165771484,131.32980346679688,131.2202911376953,63.0,0.1390070766210556,-87.95657348632812,-87.84706115722656,-90.12904357910156,3.985969387755102e-05,37.5,234.0,2.0,1.992984693877551e-05
418,without_light,0,97.26191711425781,23.854324340820312,246.0,36.0,139.0,478.14971923828125,141.75567626953125,63.08148193359375,135.1175537109375,0.0,0.0010562818877551021,7.0,19.0,0.0003786670918367347,36.453346252441406,510.2796936035156,42.63847351074219,120.7236328125,119.74270629882812,63.0,0.14822840690612793,-78.08515930175781,-77.10423278808594,-80.07012939453125,3.985969387755102e-05,42.5,235.0,2.0,1.992984693877551e-05
419,without_light,0,91.34136199951172,21.141231536865234,248.0,43.0,130.0,365.177490234375,128.86105346679688,64.62419891357422,125.08162689208984,0.0,0.0012755102040816326,6.0,22.0,0.0004384566326530612,30.228864669799805,402.4013977050781,43.333045959472656,111.4490966796875,113.76803588867188,66.0,0.15817835927009583,-68.11605072021484,-70.43498992919922,-71.85492706298828,3.985969387755102e-05,58.0,242.0,1.0,3.985969387755102e-05
420,without_light,0,100.74577331542969,25.052465438842773,242.0,31.0,147.0,413.3016052246094,155.540283203125,66.12049102783203,140.63311767578125,0.0,0.0014349489795918368,25.0,15.0,0.00029894770408163266,60.644874572753906,1299.8992919921875,98.4228744506836,101.11624908447266,104.9305648803711,147.0,0.320179283618927,-2.6933794021606445,-6.507692813873291,-8.122130393981934,3.985969387755102e-05,36.0,236.5,1.0,3.985969387755102e-05
421,without_light,0,90.62266540527344,20.51116943359375,230.0,30.0,126.0,256.85284423828125,135.32127380371094,65.54962921142578,122.07611083984375,0.0,0.0006576849489795918,11.0,10.0,0.0001992984693877551,51.627559661865234,998.7167358398438,88.87149047851562,89.06766510009766,103.23082733154297,128.0,0.312796950340271,-0.19616948068141937,-14.359334945678711,-14.465900421142578,0.0,0.0,0.0,0.0,0.0
422,without_light,0,91.91334533691406,23.70604705810547,223.0,27.0,135.0,345.66729736328125,140.986572265625,62.73432159423828,127.4668960571289,0.0,0.0014150191326530613,36.0,12.0,0.00023915816326530612,58.53498840332031,1293.044921875,93.12617492675781,89.6384506225586,100.44116973876953,136.0,0.327709823846817,3.4877231121063232,-7.314990997314453,-7.6181440353393555,0.0,0.0,0.0,0.0,0.0
423,without_light,0,59.060367584228516,19.05816650390625,219.0,16.0,97.0,246.2557373046875,106.72417449951172,38.499752044677734,90.99728393554688,0.0,0.00029894770408163266,11.0,2.0,3.985969387755102e-05,38.972530364990234,587.0146484375,62.45493698120117,53.688934326171875,77.65786743164062,99.0,0.3238772451877594,8.766003608703613,-15.202925682067871,-15.202945709228516,0.0,0.0,0.0,0.0,0.0
424,without_light,0,68.9119873046875,21.79725456237793,246.0,23.0,112.0,331.7239074707031,122.82765197753906,42.685951232910156,106.45943450927734,0.0,0.000896843112244898,19.0,7.0,0.00013950892857142856,41.609474182128906,662.8321533203125,64.69467163085938,71.47417449951172,66.68156433105469,106.0,0.318352609872818,-6.779496192932129,-1.9868861436843872,-7.123106479644775,0.0,0.0,0.0,0.0,0.0
425,without_light,0,54.18365478515625,15.937708854675293,241.0,13.0,83.0,160.30389404296875,94.21333312988281,38.935951232910156,81.20575714111328,0.0,0.000896843112244898,19.0,11.0,0.0002192283163265306,28.960494995117188,422.22430419921875,40.88972854614258,61.4954948425293,50.888832092285156,67.0,0.26361310482025146,-20.60576820373535,-9.999103546142578,-20.607362747192383,0.0,0.0,0.0,0.0,0.0
426,without_light,0,57.592037200927734,18.606599807739258,247.0,16.0,93.0,232.43524169921875,104.9437026977539,38.582645416259766,89.92098999023438,0.0,0.0007374043367346938,15.0,13.0,0.00025908801020408165,34.7260856628418,499.67291259765625,42.791114807128906,65.44937896728516,56.03892135620117,73.0,0.25738725066185,-22.658262252807617,-13.247807502746582,-22.66077423095703,0.0,0.0,0.0,0.0,0.0
427,without_light,0,42.798370361328125,10.599161148071289,247.0,6.0,51.0,22.674057006835938,53.021236419677734,35.84696960449219,50.5295524597168,0.0,0.001634247448979592,3.0,48.0,0.0009566326530612245,13.396260261535645,202.34283447265625,42.43510818481445,42.972816467285156,42.623985290527344,53.0,0.32860785722732544,-0.5377072691917419,-0.18887515366077423,-1.0412746667861938,3.985969387755102e-05,36.0,228.5,2.0,1.992984693877551e-05
428,without_light,0,39.37177276611328,10.775653839111328,251.0,3.0,45.0,19.254220962524414,50.01313018798828,32.997474670410156,47.21952438354492,0.0,0.0018734056122448979,2.0,92.0,0.001833545918367347,9.950461387634277,157.00332641601562,43.373008728027344,36.763431549072266,42.69441604614258,52.0,0.35063716769218445,6.609574317932129,0.6785913705825806,0.6751634478569031,0.0003587372448979592,41.0,241.55555725097656,10.0,9.964923469387755e-05
429,without_light,0,39.879146575927734,14.553698539733887,229.0,8.0,61.0,82.13170623779297,67.13946533203125,31.52642059326172,60.007598876953125,0.0,0.001833545918367347,15.0,30.0,0.0005978954081632653,16.54093360900879,363.4718322753906,40.6860237121582,38.64391326904297,44.36888122558594,70.0,0.3219664394855499,2.042111873626709,-3.682856321334839,-3.6951730251312256,0.0,0.0,0.0,0.0,0.0
430,without_light,0,42.63317108154297,13.589983940124512,243.0,4.0,65.0,84.02505493164062,69.35555267333984,33.59696960449219,62.233245849609375,0.0,0.0014748086734693877,4.0,33.0,0.0006576849489795918,15.150245666503906,262.8616943359375,41.22000503540039,44.066585540771484,38.51359176635742,66.0,0.3297503590583801,-2.8465800285339355,2.706413507461548,-2.849968194961548,0.0,0.0,0.0,0.0,0.0
431,without_light,0,37.43044662475586,13.13239860534668,244.0,7.0,52.0,45.401615142822266,50.828514099121094,29.64790153503418,50.222808837890625,0.0,0.002152423469387755,4.0,72.0,0.0014349489795918368,15.619564056396484,311.7464904785156,36.17586135864258,38.358001708984375,35.703941345214844,56.0,0.32129454612731934,-2.1821389198303223,0.47191885113716125,-2.239098310470581,5.978954081632653e-05,32.66666793823242,234.3333282470703,3.0,1.992984693877551e-05
432,without_light,0,43.253448486328125,14.354353904724121,240.0,2.0,68.0,117.50634765625,71.2794418334961,32.763458251953125,67.80426025390625,0.0,0.0015146683673469387,2.0,39.0,0.0007772640306122449,15.370401382446289,310.2484130859375,46.309051513671875,42.40357971191406,39.52435302734375,78.0,0.35639089345932007,3.905472755432129,6.784698009490967,3.874262571334839,7.971938775510203e-05,38.0,232.25,4.0,1.992984693877551e-05
433,without_light,0,81.4835205078125,23.270809173583984,216.0,50.0,125.0,466.757080078125,135.4881134033203,58.38716125488281,121.87213134765625,0.0,0.00015943877551020407,7.0,2.0,3.985969387755102e-05,25.997314453125,396.5896911621094,62.515743255615234,88.21944427490234,96.47923278808594,112.0,0.2424972504377365,-25.703702926635742,-33.9634895324707,-34.009185791015625,0.0,0.0,0.0,0.0,0.0
434,without_light,0,36.865352630615234,15.819621086120605,249.0,3.0,55.0,68.91262817382812,59.96281051635742,26.499753952026367,52.539794921875,0.0,0.0025111607142857145,13.0,31.0,0.0006178252551020409,17.61868667602539,414.35992431640625,38.66181182861328,35.749061584472656,38.23738479614258,62.0,0.3352782726287842,2.9127471446990967,0.42442601919174194,0.2227957546710968,0.00025908801020408165,36.153846740722656,239.92308044433594,10.0,5.978954081632653e-05
435,without_light,0,33.2122917175293,9.024460792541504,248.0,10.0,41.0,13.758173942565918,44.972347259521484,28.263704299926758,41.38267135620117,0.0,0.0009367028061224489,2.0,46.0,0.0009167729591836735,10.4158935546875,173.4258575439453,32.9918098449707,32.926300048828125,35.55678176879883,42.0,0.3229186236858368,0.06550940871238708,-2.5649712085723877,-2.6635842323303223,9.964923469387755e-05,35.79999923706055,241.0,4.0,3.985969387755102e-05
436,without_light,0,58.535736083984375,9.962943077087402,208.0,41.0,75.0,52.01032257080078,84.11308288574219,48.961483001708984,73.78221893310547,0.0,7.971938775510203e-05,2.0,2.0,3.985969387755102e-05,19.637500762939453,319.150634765625,51.571407318115234,57.30793762207031,83.12105560302734,77.0,0.26516443490982056,-5.736527442932129,-31.549644470214844,-31.549644470214844,0.0,0.0,0.0,0.0,0.0
437,without_light,0,31.469009399414062,12.00505256652832,202.0,10.0,43.0,30.07619857788086,50.248966217041016,26.015308380126953,44.32041549682617,0.0,1.992984693877551e-05,1.0,1.0,1.992984693877551e-05,14.522270202636719,306.91363525390625,29.439672470092773,32.28627395629883,32.159759521484375,45.0,0.30873504281044006,-2.84660005569458,-2.720085382461548,-3.39168119430542,0.0,0.0,0.0,0.0,0.0
438,without_light,0,28.69569206237793,10.044490814208984,208.0,10.0,40.0,26.364116668701172,46.00413131713867,23.23851776123047,39.581512451171875,0.0,0.00027901785714285713,7.0,4.0,7.971938775510203e-05,12.098929405212402,230.73385620117188,26.995895385742188,28.368362426757812,35.26458740234375,41.0,0.29341769218444824,-1.3724689483642578,-8.268693923950195,-8.296635627746582,0.0,0.0,0.0,0.0,0.0
439,without_light,0,30.739097595214844,11.266657829284668,240.0,8.0,39.0,25.0474796295166,49.28345489501953,24.937284469604492,40.23952865600586,0.0,0.001295440051020408,13.0,21.0,0.0004185267857142857,11.922429084777832,243.19021606445312,27.155372619628906,32.94648742675781,28.258708953857422,38.0,0.30168166756629944,-5.7911152839660645,-1.103336215019226,-5.811104774475098,7.971938775510203e-05,33.5,232.75,4.0,1.992984693877551e-05
440,without_light,0,30.816347122192383,10.578873634338379,223.0,5.0,42.0,35.88697814941406,50.9901237487793,25.507654190063477,45.06962966918945,0.0,0.001096141581632653,7.0,25.0,0.0004982461734693878,12.693049430847168,189.21255493164062,30.454002380371094,29.249242782592773,39.960079193115234,47.0,0.29987120628356934,1.2047592401504517,-9.506078720092773,-9.592853546142578,1.992984693877551e-05,30.0,233.0,1.0,1.992984693877551e-05
441,without_light,0,34.588069915771484,8.44876766204834,219.0,11.0,46.0,25.915206909179688,47.535125732421875,29.196542739868164,45.61676025390625,0.0,0.0003786670918367347,4.0,7.0,0.00013950892857142856,9.908957481384277,210.11277770996094,17.2492618560791,41.44280242919922,45.642059326171875,28.0,0.15947526693344116,-24.193538665771484,-28.392797470092773,-28.422393798828125,0.0,0.0,0.0,0.0,0.0
442,without_light,0,54.38432693481445,8.8812255859375,225.0,25.0,66.0,27.978553771972656,69.0852279663086,47.29777908325195,64.80736541748047,0.0,0.0006377551020408163,8.0,15.0,0.00029894770408163266,11.064667701721191,192.77877807617188,25.61981773376465,65.98541259765625,70.89795684814453,35.0,0.15486720204353333,-40.36559295654297,-45.278141021728516,-45.32246398925781,0.0,0.0,0.0,0.0,0.0
443,without_light,0,51.536529541015625,8.779243469238281,220.0,21.0,62.0,20.9678897857666,64.674072265625,44.47407531738281,60.88630676269531,0.0,0.0006975446428571429,4.0,21.0,0.0004185267857142857,11.352673530578613,207.43849182128906,31.660375595092773,60.59831237792969,57.57005310058594,39.0,0.20964458584785461,-28.937938690185547,-25.909677505493164,-29.06283950805664,1.992984693877551e-05,32.0,232.0,1.0,1.992984693877551e-05
444,without_light,0,51.663944244384766,8.58007526397705,217.0,21.0,61.0,23.1715087890625,65.96280670166016,43.991111755371094,60.57244873046875,0.0,0.0007573341836734694,4.0,32.0,0.0006377551020408163,11.172699928283691,165.884765625,28.284439086914062,60.97293472290039,65.14642333984375,34.0,0.18194420635700226,-32.68849563598633,-36.86198425292969,-37.07096862792969,0.0,0.0,0.0,0.0,0.0
445,without_light,0,22.557876586914062,10.892634391784668,237.0,8.0,35.0,40.806358337402344,44.33626174926758,14.898765563964844,36.150089263916016,0.0,0.001016422193877551,3.0,38.0,0.0007573341836734694,11.611351013183594,252.13919067382812,19.134187698364258,21.751474380493164,35.2905158996582,29.0,0.24611955881118774,-2.6172871589660645,-16.156330108642578,-16.175521850585938,9.964923469387755e-05,42.400001525878906,240.8000030517578,5.0,1.992984693877551e-05
446,without_light,0,72.39291381835938,12.627835273742676,247.0,39.0,92.0,59.49327087402344,98.08296203613281,62.01234436035156,89.05876922607422,0.0,0.0021723533163265306,7.0,31.0,0.0006178252551020409,15.280988693237305,202.51231384277344,38.49708938598633,95.18614196777344,43.76006317138672,56.0,0.2133282870054245,-56.689056396484375,-5.262974262237549,-56.690330505371094,3.985969387755102e-05,41.5,240.0,2.0,1.992984693877551e-05
447,without_light,0,41.01445007324219,13.676060676574707,248.0,12.0,56.0,34.78257751464844,59.52839660644531,32.52525329589844,53.09646224975586,0.0,0.002570950255102041,10.0,23.0,0.00045838647959183676,15.073583602905273,356.3818664550781,43.31235885620117,40.448081970214844,37.7992057800293,63.0,0.3526272773742676,2.8642778396606445,5.513153553009033,2.7370853424072266,0.00023915816326530612,37.75,235.6666717529297,10.0,3.985969387755102e-05
448,without_light,0,44.530311584472656,12.15870475769043,248.0,25.0,61.0,43.104766845703125,64.1379165649414,36.02568054199219,58.99748611450195,0.0,0.0017139668367346938,5.0,45.0,0.000896843112244898,12.322046279907227,246.26742553710938,42.684173583984375,44.209922790527344,50.69746398925781,67.0,0.30483773350715637,-1.5257493257522583,-8.013293266296387,-8.165258407592773,0.00015943877551020407,41.75,243.125,7.0,3.985969387755102e-05
449,without_light,0,35.575355529785156,10.258285522460938,251.0,13.0,42.0,10.685225486755371,43.47209930419922,29.25101089477539,41.270286560058594,0.0,0.0012356505102040817,10.0,18.0,0.0003587372448979592,9.869562149047852,278.25830078125,41.461055755615234,32.00677490234375,38.54667663574219,51.0,0.36764246225357056,9.454280853271484,2.914381265640259,2.887336492538452,0.00025908801020408165,36.69230651855469,240.0,8.0,7.971938775510203e-05
450,without_light,0,39.19218444824219,12.130512237548828,248.0,13.0,46.0,18.109668731689453,49.015804290771484,32.25858688354492,47.01728820800781,0.0,0.002072704081632653,20.0,24.0,0.00047831632653061223,11.388041496276855,346.5386657714844,41.378868103027344,38.215858459472656,38.38490676879883,52.0,0.34706124663352966,3.16300630569458,2.9939613342285156,2.3922393321990967,0.00029894770408163266,41.0,237.0,13.0,3.985969387755102e-05
451,without_light,0,139.33242797851562,16.160654067993164,248.0,94.0,165.0,197.01365661621094,170.0113525390625,117.36060333251953,163.58485412597656,0.0,0.0005580357142857143,3.0,26.0,0.0005181760204081633,22.390644073486328,209.17239379882812,129.1265106201172,143.71641540527344,143.52963256835938,166.0,0.30777284502983093,-14.589903831481934,-14.403120994567871,-18.210378646850586,0.0,0.0,0.0,0.0,0.0
452,without_light,0,44.54631805419922,14.643986701965332,249.0,7.0,47.0,12.165170669555664,57.18074035644531,40.334815979003906,51.866275787353516,0.0,0.004444355867346939,10.0,130.0,0.002590880102040816,11.05317497253418,392.5398864746094,48.41497802734375,42.93576431274414,43.18291473388672,50.0,0.35861361026763916,5.479213237762451,5.232063293457031,4.715342044830322,0.00023915816326530612,42.41666793823242,241.1666717529297,9.0,3.985969387755102e-05
453,without_light,0,46.19411849975586,14.790258407592773,250.0,10.0,48.0,14.843056678771973,61.2271614074707,41.68938446044922,54.65678787231445,0.0,0.0048828125,10.0,124.0,0.0024713010204081634,10.204251289367676,346.88568115234375,51.122928619384766,44.25974655151367,43.19788360595703,53.0,0.36826205253601074,6.8631815910339355,7.925044059753418,6.616709232330322,0.0001992984693877551,37.0,238.5,8.0,5.978954081632653e-05
454,without_light,0,43.27373504638672,10.612735748291016,245.0,13.0,50.0,12.171860694885254,51.439998626708984,37.51616287231445,50.1619758605957,0.0,0.0020926339285714285,2.0,103.0,0.0020527742346938774,9.292906761169434,202.12648010253906,40.048248291015625,45.21199417114258,41.58159255981445,47.0,0.31305837631225586,-5.163743495941162,-1.5333425998687744,-5.173868179321289,1.992984693877551e-05,33.0,226.0,1.0,1.992984693877551e-05
455,without_light,0,42.907127380371094,9.662714958190918,250.0,8.0,46.0,10.672059059143066,56.388431549072266,39.1728401184082,49.957088470458984,0.0,0.001753826530612245,2.0,87.0,0.0017338966836734694,7.312756061553955,142.30653381347656,42.828922271728516,42.527103424072266,45.49252700805664,46.0,0.3253718614578247,0.3018175959587097,-2.6636040210723877,-2.7510762214660645,0.0003587372448979592,44.77777862548828,244.1666717529297,6.0,0.0002192283163265306
456,without_light,0,41.91489791870117,12.349215507507324,250.0,11.0,46.0,12.153177261352539,55.76444625854492,37.214813232421875,49.23469161987305,0.0,0.003168845663265306,8.0,135.0,0.002690529336734694,8.77529239654541,211.77284240722656,42.114295959472656,42.14132308959961,40.04944610595703,47.0,0.33809301257133484,-0.027024872601032257,2.064851760864258,-0.05801578611135483,0.00011957908163265306,41.33333206176758,239.8333282470703,6.0,1.992984693877551e-05
457,without_light,0,38.509586334228516,12.34697437286377,252.0,3.0,42.0,15.335750579833984,55.7817268371582,34.38518524169922,46.06651306152344,0.0,0.002969547193877551,6.0,133.0,0.002650669642857143,8.179417610168457,190.459716796875,46.50418472290039,34.25556182861328,38.85407257080078,50.0,0.38948264718055725,12.248624801635742,7.650111675262451,7.61906099319458,0.00015943877551020407,42.375,240.625,5.0,5.978954081632653e-05
458,without_light,0,42.5210075378418,11.621758460998535,250.0,4.0,46.0,5.7707929611206055,49.92828369140625,39.52424240112305,47.42317199707031,0.0,0.0027901785714285715,4.0,133.0,0.002650669642857143,8.1624174118042,222.4642791748047,44.29316711425781,41.81544876098633,41.171138763427734,49.0,0.34733596444129944,2.4777183532714844,3.12203049659729,2.1207151412963867,0.00011957908163265306,36.83333206176758,242.1666717529297,4.0,3.985969387755102e-05
459,without_light,0,42.919044494628906,12.019737243652344,251.0,7.0,50.0,13.48712158203125,54.48080825805664,38.83852005004883,51.05491638183594,0.0,0.0031090561224489796,5.0,133.0,0.002650669642857143,7.500535488128662,216.70065307617188,46.998146057128906,41.12466049194336,41.536949157714844,55.0,0.36262691020965576,5.873485565185547,5.461196422576904,5.077925682067871,5.978954081632653e-05,36.0,233.0,3.0,1.992984693877551e-05
460,without_light,0,44.508689880371094,16.897668838500977,250.0,6.0,51.0,33.437435150146484,61.74898910522461,39.47950744628906,58.71550369262695,0.0,0.005819515306122449,8.0,125.0,0.0024912308673469387,11.158212661743164,353.87261962890625,50.81208038330078,41.7876091003418,41.35911560058594,59.0,0.3779832124710083,9.024474143981934,9.45296573638916,8.651387214660645,0.00045838647959183676,37.956520080566406,238.6086883544922,16.0,5.978954081632653e-05
461,without_light,0,160.20936584472656,10.608892440795898,251.0,21.0,176.0,61.28766632080078,186.6483917236328,149.35308837890625,174.8126678466797,0.0,0.00701530612244898,20.0,175.0,0.0034877232142857145,17.25053596496582,175.9550323486328,164.07501220703125,159.89784240722656,151.6455535888672,181.0,0.3449260890483856,4.177176475524902,12.429468154907227,4.007513523101807,0.0,0.0,0.0,0.0,0.0
462,without_light,0,42.830814361572266,10.386425971984863,251.0,10.0,49.0,13.017241477966309,55.25606155395508,39.451358795166016,50.84749221801758,0.0,0.001992984693877551,8.0,87.0,0.0017338966836734694,7.187756538391113,192.38438415527344,46.692543029785156,41.594688415527344,39.21775436401367,56.0,0.36549338698387146,5.097855567932129,7.474788665771484,5.0691962242126465,7.971938775510203e-05,43.5,244.0,2.0,5.978954081632653e-05
463,without_light,0,45.89321517944336,10.306781768798828,250.0,10.0,53.0,21.699953079223633,59.900001525878906,41.182220458984375,55.536712646484375,0.0,0.001913265306122449,2.0,53.0,0.0010562818877551021,7.602392673492432,136.8186798095703,45.40114974975586,46.100067138671875,45.78960037231445,55.0,0.32807308435440063,-0.6989197731018066,-0.3884526491165161,-1.2660634517669678,0.0003985969387755102,45.599998474121094,245.10000610351562,4.0,0.00031887755102040814
464,without_light,0,138.7224578857422,19.236875534057617,211.0,98.0,176.0,320.2406311035156,180.25975036621094,118.4024658203125,174.36082458496094,0.0,0.00027901785714285713,6.0,7.0,0.00013950892857142856,19.39971351623535,188.57257080078125,94.64883422851562,159.74757385253906,146.0687713623047,147.0,0.23112867772579193,-65.0987319946289,-51.41994094848633,-65.10883331298828,0.0,0.0,0.0,0.0,0.0
465,without_light,0,44.8988151550293,15.333585739135742,249.0,9.0,49.0,21.149585723876953,57.89777755737305,38.74271774291992,54.3868293762207,0.0,0.00466358418367347,14.0,88.0,0.001753826530612245,11.020596504211426,377.0972900390625,43.649932861328125,45.933555603027344,43.014251708984375,48.0,0.32594871520996094,-2.2836215496063232,0.6356824040412903,-2.3092315196990967,0.00025908801020408165,37.92307662963867,237.76922607421875,7.0,5.978954081632653e-05
466,without_light,0,44.510841369628906,10.328960418701172,250.0,10.0,51.0,19.412073135375977,60.13838195800781,40.43585968017578,54.161712646484375,0.0,0.0017737563775510204,7.0,60.0,0.0011957908163265306,6.795661926269531,199.5054168701172,44.75942611694336,44.3212890625,45.36688995361328,52.0,0.3314247131347656,0.4381377696990967,-0.6074617505073547,-0.8709143996238708,0.00015943877551020407,38.0,241.375,8.0,1.992984693877551e-05
467,without_light,0,38.04059600830078,9.666610717773438,250.0,13.0,40.0,8.854413986206055,51.60606002807617,35.638519287109375,43.7596435546875,0.0,0.0018734056122448979,6.0,83.0,0.0016541772959183674,5.7424211502075195,167.8721160888672,40.122230529785156,37.13139724731445,37.06024932861328,42.0,0.35095086693763733,2.9908323287963867,3.0619819164276123,2.3033323287963867,0.00011957908163265306,38.0,241.0,4.0,5.978954081632653e-05
468,without_light,0,38.3076171875,12.358492851257324,250.0,4.0,40.0,9.393913269042969,51.50707244873047,35.91851806640625,44.8148193359375,0.0,0.0028300382653061226,9.0,82.0,0.001634247448979592,8.426048278808594,273.45733642578125,38.3701171875,38.184329986572266,39.327110290527344,40.0,0.3299347162246704,0.18578603863716125,-0.9569913744926453,-1.2314453125,0.00011957908163265306,35.16666793823242,235.8333282470703,6.0,1.992984693877551e-05
469,without_light,0,98.33452606201172,15.68297004699707,232.0,61.0,124.0,202.14813232421875,121.499755859375,74.1224136352539,118.87604522705078,0.0,0.00015943877551020407,4.0,5.0,9.964923469387755e-05,15.468032836914062,131.7706298828125,77.43840026855469,107.00908660888672,108.65298461914062,108.0,0.26124024391174316,-29.57069206237793,-31.214584350585938,-31.262435913085938,0.0,0.0,0.0,0.0,0.0
470,without_light,0,99.53954315185547,16.10184097290039,235.0,63.0,125.0,214.71817016601562,122.27703857421875,74.37397003173828,120.03374481201172,0.0,0.0002192283163265306,7.0,5.0,9.964923469387755e-05,15.173879623413086,126.77883911132812,78.5838623046875,108.23262023925781,109.8906021118164,110.0,0.2616662383079529,-29.64875602722168,-31.306739807128906,-31.356605529785156,1.992984693877551e-05,37.0,234.0,1.0,1.992984693877551e-05
471,without_light,0,98.56305694580078,16.122116088867188,235.0,62.0,124.0,216.1815185546875,121.44987487792969,73.34899139404297,119.22979736328125,0.0,0.0001992984693877551,5.0,5.0,9.964923469387755e-05,15.202672958374023,123.32501220703125,78.04644012451172,107.08232879638672,108.75902557373047,109.0,0.2623876929283142,-29.0358943939209,-30.71259117126465,-30.767417907714844,1.992984693877551e-05,30.0,223.0,1.0,1.992984693877551e-05
472,without_light,0,104.10002899169922,16.355792999267578,234.0,66.0,130.0,224.13943481445312,127.15308380126953,77.73939514160156,124.4800033569336,0.0,0.00015943877551020407,4.0,5.0,9.964923469387755e-05,14.972185134887695,117.43978881835938,82.84107971191406,112.92889404296875,114.55389404296875,114.0,0.2638150751590729,-30.087810516357422,-31.712810516357422,-31.783123016357422,1.992984693877551e-05,42.0,230.0,1.0,1.992984693877551e-05
473,without_light,0,96.33653259277344,15.999577522277832,225.0,0.0,121.0,200.03573608398438,118.6824722290039,72.24141693115234,116.36542510986328,0.0,9.964923469387755e-05,4.0,2.0,3.985969387755102e-05,14.923125267028809,116.91680145263672,75.81708526611328,104.8259506225586,106.6574478149414,105.0,0.2606288492679596,-29.008869171142578,-30.840362548828125,-30.878009796142578,0.0,0.0,0.0,0.0,0.0
474,without_light,0,97.12538146972656,15.696884155273438,229.0,0.0,121.0,193.3091583251953,118.88148498535156,73.45404052734375,117.24889373779297,0.0,0.00013950892857142856,5.0,2.0,3.985969387755102e-05,14.620328903198242,117.11196899414062,76.52196502685547,105.6533432006836,107.48648834228516,106.0,0.2610369920730591,-29.131378173828125,-30.96452522277832,-31.005300521850586,1.992984693877551e-05,35.0,226.0,1.0,1.992984693877551e-05
475,without_light,0,95.84825134277344,15.653329849243164,225.0,0.0,120.0,181.26429748535156,117.70172882080078,72.93636322021484,115.8493881225586,0.0,9.964923469387755e-05,4.0,2.0,3.985969387755102e-05,14.557565689086914,114.59476470947266,75.05825805664062,104.40365600585938,106.45852661132812,104.0,0.25919148325920105,-29.34540367126465,-31.400270462036133,-31.414840698242188,1.992984693877551e-05,45.0,232.0,1.0,1.992984693877551e-05
476,without_light,0,97.26686096191406,14.691093444824219,217.0,58.0,121.0,176.52073669433594,118.91210174560547,69.14192199707031,115.81110382080078,0.0,7.971938775510203e-05,4.0,1.0,1.992984693877551e-05,14.088542938232422,114.58612823486328,76.55430603027344,105.80036163330078,107.84394836425781,106.0,0.26158270239830017,-29.24605369567871,-31.289640426635742,-31.299266815185547,3.985969387755102e-05,37.5,228.5,2.0,1.992984693877551e-05
477,without_light,0,96.53852081298828,16.76064682006836,209.0,0.0,122.0,230.01800537109375,122.17778015136719,66.36060333251953,119.8636703491211,0.0,5.978954081632653e-05,2.0,2.0,3.985969387755102e-05,14.539419174194336,123.50970458984375,76.47038269042969,104.74922180175781,107.04817199707031,107.0,0.2622138261795044,-28.278839111328125,-30.57778549194336,-30.58101463317871,0.0,0.0,0.0,0.0,0.0
478,without_light,0,96.4474868774414,15.662735939025879,221.0,57.0,121.0,204.12025451660156,120.14716339111328,68.49797821044922,117.72417449951172,0.0,0.00013950892857142856,3.0,4.0,7.971938775510203e-05,14.986644744873047,133.7437744140625,75.7469711303711,104.89008331298828,107.34367370605469,106.0,0.2604537010192871,-29.143115997314453,-31.596698760986328,-31.599151611328125,1.992984693877551e-05,48.0,239.0,1.0,1.992984693877551e-05
479,without_light,0,96.27838134765625,14.484691619873047,227.0,58.0,121.0,168.42759704589844,120.73086547851562,69.85454559326172,116.03862762451172,0.0,0.00013950892857142856,4.0,4.0,7.971938775510203e-05,14.695878028869629,127.55062103271484,75.03256225585938,104.98148345947266,107.25442504882812,104.0,0.25899362564086914,-29.94891929626465,-32.221858978271484,-32.22446823120117,0.0,0.0,0.0,0.0,0.0
480,without_light,0,95.39569091796875,13.685661315917969,211.0,58.0,119.0,148.07835388183594,119.68345642089844,70.48686981201172,115.25809478759766,0.0,5.978954081632653e-05,3.0,1.0,1.992984693877551e-05,14.301346778869629,117.44283294677734,74.20527648925781,104.11499786376953,106.19764709472656,103.0,0.2588902413845062,-29.909717559814453,-31.992366790771484,-31.999940872192383,0.0,0.0,0.0,0.0,0.0
481,without_light,0,97.32089233398438,13.909438133239746,219.0,60.0,121.0,151.0135498046875,120.29234313964844,71.4308090209961,116.19918060302734,0.0,9.964923469387755e-05,3.0,3.0,5.978954081632653e-05,14.81897258758545,132.15176391601562,75.9323959350586,106.15533447265625,108.06864166259766,104.0,0.2596917748451233,-30.22293472290039,-32.1362419128418,-32.15786361694336,0.0,0.0,0.0,0.0,0.0
482,without_light,0,96.47789764404297,13.977572441101074,217.0,58.0,120.0,154.04896545410156,118.95407104492188,70.16666412353516,115.09662628173828,0.0,1.992984693877551e-05,1.0,1.0,1.992984693877551e-05,14.771570205688477,128.20089721679688,75.21725463867188,105.23672485351562,107.27272033691406,104.0,0.25941094756126404,-30.019472122192383,-32.05546569824219,-32.06905746459961,0.0,0.0,0.0,0.0,0.0
483,without_light,0,96.59879302978516,13.362189292907715,214.0,63.0,121.0,144.98875427246094,119.29777526855469,74.95858764648438,116.7794189453125,0.0,7.971938775510203e-05,3.0,2.0,3.985969387755102e-05,13.991464614868164,102.69204711914062,76.58390808105469,105.20834350585938,105.24211120605469,106.0,0.2646883428096771,-28.624441146850586,-28.658203125,-29.325653076171875,0.0,0.0,0.0,0.0,0.0
484,without_light,0,96.5041275024414,13.671361923217773,227.0,61.0,121.0,151.03367614746094,118.82123565673828,74.37374114990234,117.10848236083984,0.0,0.00013950892857142856,6.0,2.0,3.985969387755102e-05,14.160710334777832,113.68164825439453,75.71055603027344,105.27489471435547,106.26045989990234,105.0,0.26137998700141907,-29.564332962036133,-30.549903869628906,-30.78868293762207,0.0,0.0,0.0,0.0,0.0
485,without_light,0,95.40130615234375,14.481431007385254,215.0,59.0,120.0,172.60951232910156,119.02468872070312,72.36262512207031,117.4472427368164,0.0,9.964923469387755e-05,3.0,2.0,3.985969387755102e-05,13.844003677368164,105.20787048339844,75.13016510009766,103.89403533935547,105.25958251953125,103.0,0.261885404586792,-28.763870239257812,-30.129425048828125,-30.258350372314453,1.992984693877551e-05,32.0,236.0,1.0,1.992984693877551e-05
486,without_light,0,95.63544464111328,15.94882583618164,215.0,0.0,120.0,201.43504333496094,122.07308959960938,70.65908813476562,117.4115219116211,0.0,0.00015943877551020407,5.0,2.0,3.985969387755102e-05,14.30500602722168,109.50179290771484,75.63067626953125,103.92647552490234,105.75286865234375,103.0,0.2621227502822876,-28.295799255371094,-30.122190475463867,-30.17183494567871,1.992984693877551e-05,38.0,232.0,1.0,1.992984693877551e-05
487,without_light,0,95.82860565185547,16.197750091552734,216.0,0.0,120.0,206.37994384765625,122.23654174804688,69.33419799804688,116.6255111694336,0.0,0.00011957908163265306,3.0,4.0,7.971938775510203e-05,14.36140251159668,102.3541030883789,75.78990173339844,104.13603973388672,105.96173095703125,103.0,0.2619629204273224,-28.346141815185547,-30.17183494567871,-30.216995239257812,0.0,0.0,0.0,0.0,0.0
488,without_light,0,98.68106079101562,18.10205841064453,226.0,0.0,122.0,254.26429748535156,122.5634536743164,67.12654876708984,118.46826171875,0.0,0.00011957908163265306,4.0,3.0,5.978954081632653e-05,15.099353790283203,117.85917663574219,79.03157043457031,106.7502212524414,109.0450210571289,108.0,0.2641894221305847,-27.718650817871094,-30.013452529907227,-30.023496627807617,0.0,0.0,0.0,0.0,0.0
489,without_light,0,94.14140319824219,14.388317108154297,234.0,0.0,117.0,154.59783935546875,119.1323471069336,68.37625885009766,114.05069732666016,0.0,0.00011957908163265306,5.0,2.0,3.985969387755102e-05,13.816802024841309,100.0050048828125,73.62005615234375,102.6094741821289,104.61351776123047,99.0,0.2599872946739197,-28.989418029785156,-30.99346351623535,-31.008390426635742,1.992984693877551e-05,34.0,232.0,1.0,1.992984693877551e-05
490,without_light,0,97.23808288574219,12.797158241271973,222.0,61.0,116.0,135.33428955078125,114.62666320800781,70.37975311279297,113.2187728881836,0.0,3.985969387755102e-05,2.0,1.0,1.992984693877551e-05,12.998237609863281,103.58118438720703,76.6170883178711,105.9598388671875,106.74683380126953,98.0,0.2632474899291992,-29.342754364013672,-30.129743576049805,-30.325393676757812,0.0,0.0,0.0,0.0,0.0
491,without_light,0,96.4470443725586,12.877642631530762,228.0,65.0,115.0,139.30027770996094,115.05284118652344,74.47272491455078,113.32906341552734,0.0,7.971938775510203e-05,4.0,1.0,1.992984693877551e-05,12.206157684326172,81.58885955810547,74.57363891601562,105.62519836425781,106.79869079589844,97.0,0.257999062538147,-31.051559448242188,-32.22504806518555,-32.3392448425293,0.0,0.0,0.0,0.0,0.0
492,without_light,0,97.21615600585938,13.132136344909668,217.0,63.0,117.0,146.5161590576172,118.18123626708984,74.56868743896484,113.82650756835938,0.0,3.985969387755102e-05,2.0,1.0,1.992984693877551e-05,12.85931396484375,87.70025634765625,77.31640625,105.82878112792969,105.31333923339844,102.0,0.2661014795303345,-28.51237678527832,-27.996931076049805,-28.934371948242188,1.992984693877551e-05,32.0,235.0,1.0,1.992984693877551e-05
493,without_light,0,96.69014739990234,12.751623153686523,195.0,64.0,116.0,138.1522674560547,116.02913665771484,74.74797821044922,113.1285629272461,0.0,0.0,0.0,0.0,0.0,12.356348037719727,79.25350189208984,77.31170654296875,105.33990478515625,103.10533142089844,101.0,0.268741637468338,-28.028200149536133,-25.79362678527832,-28.169504165649414,0.0,0.0,0.0,0.0,0.0
494,without_light,0,96.94319915771484,12.202371597290039,218.0,66.0,115.0,125.94123840332031,114.22666931152344,76.95353698730469,112.5492935180664,0.0,5.978954081632653e-05,2.0,2.0,3.985969387755102e-05,11.991008758544922,71.2882080078125,78.28108978271484,105.56477355957031,101.89219665527344,101.0,0.27237531542778015,-27.283681869506836,-23.611108779907227,-27.320491790771484,0.0,0.0,0.0,0.0,0.0
495,without_light,0,96.57144927978516,12.238367080688477,216.0,63.0,115.0,124.55597686767578,112.66567993164062,73.20706939697266,111.5279541015625,0.0,7.971938775510203e-05,3.0,2.0,3.985969387755102e-05,12.794515609741211,100.73102569580078,75.98648834228516,105.40318298339844,105.28996276855469,97.0,0.2637602686882019,-29.41669273376465,-29.3034725189209,-29.93363380432129,0.0,0.0,0.0,0.0,0.0
496,without_light,0,97.14579010009766,12.174530029296875,224.0,64.0,114.0,123.21206665039062,113.1919174194336,73.71919250488281,112.23138427734375,0.0,9.964923469387755e-05,5.0,1.0,1.992984693877551e-05,12.599145889282227,95.63471221923828,76.5168228149414,106.06321716308594,105.51343536376953,96.0,0.2643335163593292,-29.546396255493164,-28.996612548828125,-29.95380210876465,1.992984693877551e-05,42.0,232.0,1.0,1.992984693877551e-05
497,without_light,0,96.53816223144531,12.634503364562988,227.0,61.0,114.0,134.2324676513672,114.42475128173828,71.31111145019531,112.1738510131836,0.0,0.00011957908163265306,5.0,2.0,3.985969387755102e-05,12.126158714294434,111.80785369873047,75.77017211914062,105.4667739868164,105.31008911132812,97.0,0.2630656957626343,-29.69660758972168,-29.539918899536133,-30.181081771850586,1.992984693877551e-05,48.0,235.0,1.0,1.992984693877551e-05
498,without_light,0,96.5939712524414,12.465224266052246,223.0,62.0,114.0,129.5443115234375,113.43737030029297,71.81515502929688,111.93311309814453,0.0,5.978954081632653e-05,3.0,1.0,1.992984693877551e-05,12.016958236694336,111.98371887207031,76.35562896728516,105.51297760009766,103.96558380126953,97.0,0.2657746970653534,-29.157346725463867,-27.609952926635742,-29.40758514404297,1.992984693877551e-05,38.0,229.0,1.0,1.992984693877551e-05
499,without_light,0,97.0538330078125,10.683385848999023,232.0,66.0,111.0,93.84935760498047,110.7155532836914,80.7616195678711,109.3425521850586,0.0,9.964923469387755e-05,3.0,2.0,3.985969387755102e-05,11.598184585571289,93.57286071777344,77.1310806274414,106.2990493774414,101.98854064941406,95.0,0.2690427303314209,-29.16796875,-24.85746192932129,-29.183574676513672,0.0,0.0,0.0,0.0,0.0
500,without_light,0,97.4970703125,11.594284057617188,238.0,65.0,114.0,111.25670623779297,113.3565444946289,78.58058166503906,110.99687957763672,0.0,7.971938775510203e-05,3.0,2.0,3.985969387755102e-05,12.258378028869629,103.72002410888672,77.58984375,106.65282440185547,102.80014038085938,98.0,0.2688305675983429,-29.062978744506836,-25.21030044555664,-29.090980529785156,0.0,0.0,0.0,0.0,0.0
501,without_light,0,97.57080841064453,11.48712158203125,213.0,66.0,114.0,108.3169937133789,113.12543487548828,78.91717529296875,110.67950439453125,0.0,3.985969387755102e-05,2.0,1.0,1.992984693877551e-05,12.404303550720215,101.54056549072266,77.47109985351562,106.73944091796875,103.2861557006836,98.0,0.2680051326751709,-29.268335342407227,-25.81505012512207,-29.310726165771484,0.0,0.0,0.0,0.0,0.0
502,without_light,0,98.0773696899414,10.971611976623535,215.0,65.0,113.0,100.05611419677734,111.87753295898438,78.17871856689453,110.51868438720703,0.0,9.964923469387755e-05,3.0,3.0,5.978954081632653e-05,12.195014953613281,84.73418426513672,79.29440307617188,107.0087661743164,101.60853576660156,98.0,0.2741508483886719,-27.714365005493164,-22.31413459777832,-27.719009399414062,0.0,0.0,0.0,0.0,0.0
503,without_light,0,98.30008697509766,11.228711128234863,223.0,64.0,113.0,106.2552719116211,112.66913604736328,78.10175323486328,111.12213897705078,0.0,9.964923469387755e-05,3.0,3.0,5.978954081632653e-05,11.981592178344727,83.28714752197266,80.2667007446289,107.08073425292969,100.69770050048828,100.0,0.2773168981075287,-26.814035415649414,-20.43100357055664,-26.814054489135742,0.0,0.0,0.0,0.0,0.0
504,without_light,0,98.80877685546875,10.926851272583008,214.0,64.0,113.0,101.83164978027344,112.28296661376953,78.58419799804688,111.27044677734375,0.0,3.985969387755102e-05,1.0,2.0,3.985969387755102e-05,11.669456481933594,71.1758041381836,81.51153564453125,107.46024322509766,99.82543182373047,100.0,0.28098398447036743,-25.948699951171875,-18.313894271850586,-25.948699951171875,0.0,0.0,0.0,0.0,0.0
505,without_light,0,96.90816497802734,11.11813735961914,215.0,67.0,112.0,102.9018783569336,111.68030548095703,77.24292755126953,110.02825164794922,0.0,5.978954081632653e-05,1.0,3.0,5.978954081632653e-05,11.160787582397461,86.49752807617188,76.94158935546875,106.13785552978516,102.0897216796875,95.0,0.26885294914245605,-29.196269989013672,-25.14813804626465,-29.270069122314453,0.0,0.0,0.0,0.0,0.0
506,without_light,0,96.0105209350586,10.837579727172852,232.0,66.0,111.0,97.22209167480469,110.06515502929688,76.78888702392578,108.72509765625,0.0,7.971938775510203e-05,4.0,1.0,1.992984693877551e-05,11.220234870910645,87.30036163330078,76.0021743774414,105.2541275024414,101.21833038330078,93.0,0.2681601643562317,-29.251953125,-25.21615982055664,-29.328323364257812,0.0,0.0,0.0,0.0,0.0
507,without_light,0,96.86742401123047,11.249213218688965,245.0,66.0,112.0,105.11787414550781,112.1697006225586,76.35757446289062,110.1703109741211,0.0,0.00013950892857142856,5.0,3.0,5.978954081632653e-05,11.551252365112305,106.70343017578125,76.28284454345703,106.1642837524414,103.11006927490234,94.0,0.2661049962043762,-29.881437301635742,-26.827228546142578,-30.00125503540039,1.992984693877551e-05,30.0,227.0,1.0,1.992984693877551e-05
508,without_light,0,96.49175262451172,11.688440322875977,216.0,64.0,113.0,113.95220947265625,113.57777404785156,74.90757751464844,111.10550689697266,0.0,5.978954081632653e-05,3.0,1.0,1.992984693877551e-05,11.408186912536621,116.03240966796875,75.8591537475586,105.77198028564453,102.93182373046875,96.0,0.26541462540626526,-29.912826538085938,-27.072664260864258,-30.02933692932129,0.0,0.0,0.0,0.0,0.0
509,without_light,0,96.5683822631836,11.45677375793457,220.0,64.0,112.0,109.89766693115234,112.90100860595703,75.75050354003906,110.86922454833984,0.0,5.978954081632653e-05,3.0,1.0,1.992984693877551e-05,11.168209075927734,103.93473052978516,76.32688903808594,105.85821533203125,102.07294464111328,96.0,0.26742517948150635,-29.531330108642578,-25.74605369567871,-29.619220733642578,0.0,0.0,0.0,0.0,0.0
510,without_light,0,97.7294692993164,7.184682369232178,217.0,63.0,107.0,37.38056945800781,106.0088882446289,79.4173583984375,105.7884750366211,0.0,1.992984693877551e-05,1.0,1.0,1.992984693877551e-05,10.033515930175781,59.53134536743164,78.16888427734375,107.12422180175781,100.91860961914062,89.0,0.2729589641094208,-28.955337524414062,-22.74972152709961,-28.956274032592773,0.0,0.0,0.0,0.0,0.0
511,without_light,0,96.20954132080078,10.170782089233398,233.0,62.0,112.0,81.2812728881836,112.3387680053711,73.2995834350586,109.09992218017578,0.0,0.00011957908163265306,5.0,2.0,3.985969387755102e-05,11.734225273132324,107.77874755859375,74.89076232910156,105.66194915771484,103.58956146240234,93.0,0.26254865527153015,-30.77118492126465,-28.698801040649414,-30.909059524536133,1.992984693877551e-05,35.0,238.0,1.0,1.992984693877551e-05
512,without_light,0,96.45256805419922,11.577754974365234,223.0,59.0,113.0,106.12152099609375,112.91802215576172,71.5397720336914,110.46221923828125,0.0,0.00013950892857142856,3.0,4.0,7.971938775510203e-05,12.272140502929688,116.16563415527344,75.37639617919922,105.74966430664062,104.03535461425781,96.0,0.26284897327423096,-30.373266220092773,-28.658960342407227,-30.557098388671875,3.985969387755102e-05,45.0,235.0,1.0,3.985969387755102e-05
513,without_light,0,99.12374114990234,12.399219512939453,224.0,61.0,117.0,125.84820556640625,120.478515625,72.84607696533203,115.529541015625,0.0,7.971938775510203e-05,3.0,2.0,3.985969387755102e-05,12.537979125976562,118.94434356689453,77.5341796875,108.53288269042969,107.49846649169922,100.0,0.2623657286167145,-30.99870491027832,-29.964284896850586,-31.292131423950195,1.992984693877551e-05,36.0,238.0,1.0,1.992984693877551e-05
514,without_light,0,95.82051086425781,12.205711364746094,219.0,64.0,111.0,114.52936553955078,109.92222595214844,74.08789825439453,108.82413482666016,0.0,9.964923469387755e-05,3.0,3.0,5.978954081632653e-05,12.736284255981445,193.2623748779297,71.62934112548828,106.01333618164062,106.90756225585938,90.0,0.25035619735717773,-34.38398742675781,-35.278221130371094,-35.52058792114258,0.0,0.0,0.0,0.0,0.0
515,without_light,0,96.17585754394531,9.545401573181152,234.0,70.0,111.0,70.18268585205078,108.08787536621094,79.86814880371094,107.84344482421875,0.0,0.00013950892857142856,5.0,2.0,3.985969387755102e-05,10.901456832885742,90.51541900634766,72.9882583618164,106.24925994873047,105.23062896728516,88.0,0.2559661567211151,-33.26100158691406,-32.242366790771484,-33.6138801574707,3.985969387755102e-05,44.0,239.5,2.0,1.992984693877551e-05
516,without_light,0,99.01255798339844,6.8789381980896,219.0,66.0,109.0,31.698230743408203,108.30913543701172,86.63182067871094,107.43012237548828,0.0,5.978954081632653e-05,2.0,2.0,3.985969387755102e-05,9.529333114624023,57.167903900146484,75.7402572631836,109.12984466552734,108.19766235351562,91.0,0.2579845190048218,-33.38958740234375,-32.4574089050293,-33.886619567871094,3.985969387755102e-05,32.5,235.0,2.0,1.992984693877551e-05
517,without_light,0,99.08099365234375,12.236035346984863,231.0,61.0,118.0,119.60989379882812,118.62617492675781,73.3548583984375,117.07259368896484,0.0,7.971938775510203e-05,2.0,3.0,5.978954081632653e-05,13.139578819274902,183.69532775878906,77.0528335571289,108.56961822509766,108.1418228149414,101.0,0.26069948077201843,-31.516780853271484,-31.088987350463867,-31.99836540222168,0.0,0.0,0.0,0.0,0.0
518,without_light,0,101.4306411743164,14.596868515014648,225.0,61.0,125.0,180.1072998046875,135.26617431640625,72.61518859863281,124.62667083740234,0.0,9.964923469387755e-05,3.0,3.0,5.978954081632653e-05,13.871789932250977,183.67559814453125,79.08344268798828,110.89522552490234,111.43482971191406,110.0,0.26003098487854004,-31.811782836914062,-32.351383209228516,-32.68728256225586,0.0,0.0,0.0,0.0,0.0
519,without_light,0,101.84809112548828,16.22251319885254,223.0,59.0,125.0,214.8199462890625,139.84445190429688,71.32489776611328,127.80362701416016,0.0,0.0005381058673469387,22.0,2.0,3.985969387755102e-05,14.913947105407715,278.9941101074219,78.82794189453125,111.51616668701172,112.51283264160156,108.0,0.2574688792228699,-32.68821716308594,-33.68489074707031,-33.85957336425781,0.0,0.0,0.0,0.0,0.0
520,without_light,0,95.86549377441406,8.556468963623047,222.0,73.0,110.0,55.80564880371094,108.02222442626953,80.74271392822266,107.32015991210938,0.0,5.978954081632653e-05,3.0,1.0,1.992984693877551e-05,9.82546329498291,78.27565002441406,73.26939392089844,105.65383911132812,104.83661651611328,90.0,0.25750479102134705,-32.38444519042969,-31.567222595214844,-32.7857551574707,1.992984693877551e-05,33.0,225.0,1.0,1.992984693877551e-05
521,without_light,0,97.51734161376953,8.142621040344238,224.0,74.0,111.0,46.704036712646484,110.4478988647461,86.26765441894531,108.04888916015625,0.0,0.00011957908163265306,4.0,3.0,5.978954081632653e-05,9.724178314208984,80.4324951171875,77.91449737548828,106.9062728881836,100.80546569824219,93.0,0.2721538543701172,-28.991769790649414,-22.89096450805664,-28.992446899414062,0.0,0.0,0.0,0.0,0.0
522,without_light,0,98.08844757080078,8.375582695007324,233.0,76.0,112.0,49.689674377441406,112.7066650390625,84.95802307128906,109.427001953125,0.0,9.964923469387755e-05,4.0,2.0,3.985969387755102e-05,10.169529914855957,91.51608276367188,77.66436004638672,107.7413330078125,102.21614074707031,94.0,0.2693445682525635,-30.076969146728516,-24.551776885986328,-30.090402603149414,3.985969387755102e-05,33.0,230.0,2.0,1.992984693877551e-05
523,without_light,0,96.59105682373047,8.867226600646973,231.0,72.0,112.0,58.58433151245117,113.23999786376953,80.38616943359375,109.09365844726562,0.0,7.971938775510203e-05,3.0,2.0,3.985969387755102e-05,10.796576499938965,104.33275604248047,73.63350677490234,106.50627899169922,105.83633422851562,91.0,0.25666335225105286,-32.87276840209961,-32.20282745361328,-33.298309326171875,0.0,0.0,0.0,0.0,0.0
524,without_light,0,99.99778747558594,13.982718467712402,245.0,67.0,120.0,146.1637725830078,132.78150939941406,76.58320617675781,119.10694122314453,0.0,0.0013153698979591836,26.0,13.0,0.00025908801020408165,13.889782905578613,257.4658508300781,75.85088348388672,110.11973571777344,111.32708740234375,102.0,0.2531034052371979,-34.26885223388672,-35.47620391845703,-35.605587005615234,1.992984693877551e-05,34.0,228.0,1.0,1.992984693877551e-05
525,without_light,0,106.02307891845703,18.334239959716797,249.0,62.0,131.0,271.7201843261719,158.06321716308594,73.34091186523438,135.78700256347656,0.0,0.004583864795918368,56.0,81.0,0.0016143176020408164,14.619525909423828,336.9058532714844,81.24766540527344,116.28186798095703,118.18026733398438,115.0,0.2541055381298065,-35.03419876098633,-36.93259811401367,-36.96354675292969,1.992984693877551e-05,42.0,232.0,1.0,1.992984693877551e-05
526,without_light,0,104.26614379882812,17.5313777923584,227.0,62.0,126.0,246.6475372314453,150.760986328125,72.87086486816406,132.00987243652344,0.0,0.0013153698979591836,39.0,7.0,0.00013950892857142856,13.839268684387207,214.7095947265625,81.36663055419922,113.82441711425781,115.16033935546875,110.0,0.2591956853866577,-32.45779037475586,-33.793704986572266,-33.87382507324219,1.992984693877551e-05,52.0,241.0,1.0,1.992984693877551e-05
527,without_light,0,100.58499908447266,12.771601676940918,220.0,67.0,122.0,139.37440490722656,127.5093002319336,75.90469360351562,120.08319854736328,0.0,7.971938775510203e-05,2.0,3.0,5.978954081632653e-05,12.433135032653809,118.37474822998047,77.96627807617188,109.96703338623047,111.65493774414062,107.0,0.2583208382129669,-32.00075912475586,-33.688655853271484,-33.744956970214844,1.992984693877551e-05,32.0,234.0,1.0,1.992984693877551e-05
528,without_light,0,99.01307678222656,11.116957664489746,217.0,69.0,117.0,102.4383316040039,119.92613983154297,77.67752838134766,114.95062255859375,0.0,5.978954081632653e-05,2.0,2.0,3.985969387755102e-05,11.699974060058594,106.98794555664062,76.76976776123047,108.40202331542969,109.1599349975586,101.0,0.259368360042572,-31.632253646850586,-32.390167236328125,-32.6490364074707,0.0,0.0,0.0,0.0,0.0
529,without_light,0,97.26819610595703,9.746968269348145,221.0,71.0,112.0,72.77262878417969,111.99703979492188,80.07061767578125,109.4717788696289,0.0,9.964923469387755e-05,4.0,2.0,3.985969387755102e-05,11.559856414794922,111.81730651855469,74.82389831542969,106.7305908203125,107.60997009277344,93.0,0.2577030658721924,-31.906688690185547,-32.78607177734375,-33.03920364379883,0.0,0.0,0.0,0.0,0.0
530,without_light,0,97.68919372558594,9.657109260559082,230.0,72.0,112.0,70.49821472167969,112.3916015625,80.77086639404297,109.4712905883789,0.0,7.971938775510203e-05,4.0,1.0,1.992984693877551e-05,11.882976531982422,119.45999908447266,74.60728454589844,107.35030364990234,108.57057189941406,93.0,0.2557562589645386,-32.74302291870117,-33.963287353515625,-34.13580322265625,1.992984693877551e-05,42.0,231.0,1.0,1.992984693877551e-05
531,without_light,0,97.63492584228516,10.050177574157715,233.0,71.0,113.0,76.87234497070312,112.14666748046875,79.1866683959961,110.54791259765625,0.0,7.971938775510203e-05,4.0,1.0,1.992984693877551e-05,11.937630653381348,125.72112274169922,74.68871307373047,107.25592041015625,108.39774322509766,95.0,0.2560950517654419,-32.567203521728516,-33.709022521972656,-33.896244049072266,0.0,0.0,0.0,0.0,0.0
532,without_light,0,107.57254791259766,7.7909955978393555,162.0,66.0,119.0,44.25031280517578,118.37481689453125,94.42716979980469,117.094482421875,0.0,0.0,0.0,0.0,0.0,12.656825065612793,45.22570037841797,97.39030456542969,113.89873504638672,101.74102783203125,109.0,0.31104370951652527,-16.50843048095703,-4.3507256507873535,-16.50844955444336,0.0,0.0,0.0,0.0,0.0
533,without_light,0,107.62663269042969,9.307937622070312,157.0,68.0,122.0,65.00827026367188,121.60099029541016,91.40959930419922,120.09793853759766,0.0,0.0,0.0,0.0,0.0,13.504332542419434,49.037437438964844,96.95796966552734,113.92349243164062,102.9697494506836,115.0,0.30859965085983276,-16.96552085876465,-6.011778354644775,-16.96552085876465,0.0,0.0,0.0,0.0,0.0
534,without_light,0,107.50035858154297,9.210326194763184,219.0,80.0,123.0,63.431907653808594,121.4869155883789,93.47979736328125,120.41185760498047,0.0,3.985969387755102e-05,1.0,2.0,3.985969387755102e-05,13.419787406921387,52.538002014160156,96.9030990600586,113.78848266601562,102.7255630493164,116.0,0.30882301926612854,-16.88538360595703,-5.822464942932129,-16.88737678527832,0.0,0.0,0.0,0.0,0.0
535,without_light,0,107.44286346435547,9.377656936645508,200.0,78.0,122.0,65.62236022949219,122.7802505493164,92.63687133789062,120.39769744873047,0.0,0.0,0.0,0.0,0.0,13.655282020568848,52.01215744018555,96.81865692138672,113.70890808105469,102.81620788574219,115.0,0.308624804019928,-16.89024543762207,-5.997548580169678,-16.891422271728516,0.0,0.0,0.0,0.0,0.0
536,without_light,0,110.6336669921875,9.157784461975098,209.0,72.0,122.0,65.6099624633789,118.94222259521484,91.70555877685547,118.56378936767578,0.0,1.992984693877551e-05,1.0,1.0,1.992984693877551e-05,13.90209674835205,52.9267692565918,99.61386108398438,116.97628021240234,106.66563415527344,113.0,0.307754784822464,-17.362424850463867,-7.0517778396606445,-17.367366790771484,0.0,0.0,0.0,0.0,0.0
537,without_light,0,108.36254119873047,9.022046089172363,222.0,75.0,122.0,59.041439056396484,121.85037231445312,88.99483489990234,119.57596588134766,0.0,3.985969387755102e-05,1.0,2.0,3.985969387755102e-05,13.613505363464355,52.79475402832031,97.69784545898438,114.66191101074219,103.5711669921875,114.0,0.3089030086994171,-16.964065551757812,-5.873325824737549,-16.964763641357422,0.0,0.0,0.0,0.0,0.0
538,without_light,0,108.06299591064453,8.913615226745605,225.0,72.0,121.0,57.99061965942383,122.01234436035156,88.82231140136719,119.73184967041016,0.0,3.985969387755102e-05,1.0,2.0,3.985969387755102e-05,13.716012001037598,53.874755859375,97.3653564453125,114.35420989990234,103.33970642089844,114.0,0.30874860286712646,-16.988859176635742,-5.974350452423096,-16.990333557128906,0.0,0.0,0.0,0.0,0.0
539,without_light,0,108.00629425048828,8.28315544128418,176.0,74.0,120.0,51.990943908691406,118.85432434082031,90.94731140136719,118.25711822509766,0.0,0.0,0.0,0.0,0.0,13.200998306274414,44.41599655151367,97.93297576904297,114.23248291015625,102.49674987792969,111.0,0.31107407808303833,-16.29950523376465,-4.563775539398193,-16.29950523376465,0.0,0.0,0.0,0.0,0.0
540,without_light,0,109.05667877197266,8.276941299438477,186.0,79.0,121.0,51.720096588134766,119.39456939697266,92.74948120117188,119.08081817626953,0.0,0.0,0.0,0.0,0.0,12.854238510131836,44.11336135864258,99.01213836669922,115.33163452148438,103.16413879394531,111.0,0.31171196699142456,-16.319496154785156,-4.152004718780518,-16.319496154785156,0.0,0.0,0.0,0.0,0.0
541,without_light,0,107.04521942138672,8.311901092529297,161.0,77.0,119.0,52.73008346557617,117.80148315429688,91.09452819824219,116.8365478515625,0.0,0.0,0.0,0.0,0.0,12.758462905883789,43.16545867919922,97.0226821899414,113.28583526611328,101.2061767578125,109.0,0.3113327920436859,-16.263153076171875,-4.1834940910339355,-16.263214111328125,0.0,0.0,0.0,0.0,0.0
542,without_light,0,107.80780029296875,8.381237983703613,168.0,78.0,119.0,53.850669860839844,118.86913299560547,91.10072326660156,117.71424102783203,0.0,0.0,0.0,0.0,0.0,12.681830406188965,43.99827575683594,97.63385009765625,114.12017822265625,101.98148345947266,109.0,0.3110629618167877,-16.486328125,-4.3476362228393555,-16.486328125,0.0,0.0,0.0,0.0,0.0
543,without_light,0,107.01885223388672,7.950603485107422,147.0,75.0,119.0,48.092041015625,118.38716125488281,92.15599060058594,117.09991455078125,0.0,0.0,0.0,0.0,0.0,12.275178909301758,39.4198112487793,97.00898742675781,113.2198486328125,101.06700134277344,109.0,0.31153547763824463,-16.210857391357422,-4.058015823364258,-16.210878372192383,0.0,0.0,0.0,0.0,0.0
544,without_light,0,108.5791015625,8.350617408752441,166.0,68.0,120.0,53.29389190673828,120.07308959960938,91.74845123291016,118.702880859375,0.0,0.0,0.0,0.0,0.0,12.111963272094727,38.74979019165039,98.97323608398438,114.68997192382812,101.79456329345703,111.0,0.3136163651943207,-15.716736793518066,-2.82132887840271,-15.716736793518066,0.0,0.0,0.0,0.0,0.0
545,without_light,0,109.01387023925781,7.731808185577393,168.0,78.0,119.0,43.84866714477539,119.0128402709961,93.736572265625,117.82715606689453,0.0,0.0,0.0,0.0,0.0,12.000006675720215,36.91665267944336,98.9657211303711,115.23004913330078,103.31488800048828,110.0,0.31150662899017334,-16.26432991027832,-4.349170684814453,-16.26432991027832,0.0,0.0,0.0,0.0,0.0
546,without_light,0,108.09546661376953,7.539969444274902,183.0,76.0,118.0,41.719276428222656,118.62370300292969,93.51033020019531,116.89678955078125,0.0,0.0,0.0,0.0,0.0,12.0758056640625,38.187015533447266,97.78882598876953,114.4365005493164,102.42426300048828,108.0,0.31064194440841675,-16.647680282592773,-4.635443210601807,-16.647680282592773,0.0,0.0,0.0,0.0,0.0
547,without_light,0,108.451171875,7.048079967498779,184.0,79.0,118.0,36.02728271484375,117.92691040039062,94.25981140136719,116.93909454345703,0.0,0.0,0.0,0.0,0.0,12.376237869262695,39.880340576171875,98.03852081298828,114.82222747802734,102.84133911132812,108.0,0.31049230694770813,-16.783700942993164,-4.80281400680542,-16.783700942993164,0.0,0.0,0.0,0.0,0.0
548,without_light,0,108.94300079345703,7.052391529083252,178.0,80.0,118.0,35.25236511230469,117.52987670898438,95.15908813476562,116.74979400634766,0.0,0.0,0.0,0.0,0.0,12.522154808044434,40.145633697509766,98.54586029052734,115.28565216064453,103.3594741821289,108.0,0.3106543719768524,-16.739795684814453,-4.8136162757873535,-16.739795684814453,0.0,0.0,0.0,0.0,0.0
549,without_light,0,108.09911346435547,7.559141635894775,142.0,81.0,118.0,37.9313850402832,117.12493896484375,94.93086242675781,116.10172271728516,0.0,0.0,0.0,0.0,0.0,12.604988098144531,37.77354049682617,97.86497497558594,114.37605285644531,102.68042755126953,108.0,0.31069332361221313,-16.51108169555664,-4.8154497146606445,-16.51108169555664,0.0,0.0,0.0,0.0,0.0
550,without_light,0,110.40679168701172,8.483073234558105,177.0,75.0,122.0,54.56037139892578,121.66370391845703,91.59813690185547,120.39061737060547,0.0,0.0,0.0,0.0,0.0,13.12968635559082,46.505157470703125,100.49395751953125,116.5353775024414,104.88426971435547,112.0,0.31203800439834595,-16.041414260864258,-4.390305995941162,-16.042190551757812,0.0,0.0,0.0,0.0,0.0
551,without_light,0,109.0964584350586,8.379656791687012,174.0,75.0,120.0,53.478878021240234,119.88790130615234,89.22675323486328,118.6432876586914,0.0,0.0,0.0,0.0,0.0,13.532734870910645,48.990806579589844,99.2569351196289,115.19712829589844,103.54701232910156,111.0,0.3120249807834625,-15.940190315246582,-4.290079116821289,-15.940190315246582,0.0,0.0,0.0,0.0,0.0
552,without_light,0,108.23772430419922,8.615250587463379,173.0,77.0,121.0,56.84318923950195,119.74271392822266,90.98760223388672,119.37530517578125,0.0,0.0,0.0,0.0,0.0,13.42053508758545,48.136260986328125,98.68413543701172,114.21741485595703,102.44312286376953,113.0,0.3127659261226654,-15.533283233642578,-3.758988380432129,-15.533283233642578,0.0,0.0,0.0,0.0,0.0
553,without_light,0,108.44245910644531,8.71644401550293,188.0,77.0,120.0,57.29978942871094,119.15605163574219,90.00858306884766,118.52625274658203,0.0,0.0,0.0,0.0,0.0,13.021493911743164,45.571495056152344,99.18038177490234,114.34954833984375,102.33402252197266,112.0,0.3137672543525696,-15.169164657592773,-3.153639078140259,-15.169164657592773,0.0,0.0,0.0,0.0,0.0
554,without_light,0,108.21717834472656,8.538859367370605,186.0,73.0,119.0,54.171714782714844,117.60395050048828,89.45454406738281,117.46106719970703,0.0,0.0,0.0,0.0,0.0,13.160360336303711,46.518924713134766,98.72692108154297,114.16334533691406,102.4600830078125,111.0,0.3128943145275116,-15.436424255371094,-3.733159303665161,-15.436424255371094,0.0,0.0,0.0,0.0,0.0
555,without_light,0,109.14026641845703,8.301892280578613,166.0,76.0,120.0,49.165428161621094,119.25777435302734,91.79898834228516,118.51407623291016,0.0,0.0,0.0,0.0,0.0,13.413021087646484,47.82347106933594,99.81452941894531,115.0469741821289,103.17594146728516,111.0,0.3137701153755188,-15.232441902160645,-3.36140775680542,-15.232441902160645,0.0,0.0,0.0,0.0,0.0
556,without_light,0,108.94132995605469,8.218301773071289,137.0,78.0,120.0,47.812442779541016,118.94024658203125,95.77525329589844,117.81777954101562,0.0,0.0,0.0,0.0,0.0,12.972859382629395,41.67068862915039,99.89825439453125,114.72574615478516,102.87828826904297,114.0,0.31441742181777954,-14.827486991882324,-2.9800302982330322,-14.827486991882324,0.0,0.0,0.0,0.0,0.0
557,without_light,0,110.5527114868164,7.856499195098877,160.0,79.0,121.0,43.18825149536133,119.94320678710938,97.52980041503906,119.0018081665039,0.0,0.0,0.0,0.0,0.0,13.206689834594727,42.668800354003906,101.17899322509766,116.42430877685547,104.8731460571289,113.0,0.3136209547519684,-15.245316505432129,-3.6941566467285156,-15.245316505432129,0.0,0.0,0.0,0.0,0.0
558,without_light,0,109.271484375,7.927002906799316,171.0,80.0,120.0,44.29685592651367,117.9150619506836,95.28080749511719,117.4439468383789,0.0,0.0,0.0,0.0,0.0,13.269290924072266,44.13258361816406,99.82481384277344,115.19702911376953,103.4835205078125,112.0,0.31328636407852173,-15.372209548950195,-3.6587014198303223,-15.372209548950195,0.0,0.0,0.0,0.0,0.0
559,without_light,0,109.20579528808594,8.166647911071777,161.0,81.0,120.0,47.470680236816406,118.25580596923828,95.19318389892578,117.96378326416016,0.0,0.0,0.0,0.0,0.0,13.124581336975098,42.84096908569336,100.03065490722656,115.0056381225586,103.30020141601562,113.0,0.31402719020843506,-14.974987983703613,-3.2695512771606445,-14.974987983703613,0.0,0.0,0.0,0.0,0.0
560,without_light,0,109.17998504638672,7.659566402435303,133.0,82.0,120.0,40.10435104370117,119.64444732666016,97.56043243408203,118.01448822021484,0.0,0.0,0.0,0.0,0.0,12.957380294799805,41.669517517089844,99.63069915771484,115.15690612792969,103.31295776367188,111.0,0.31310921907424927,-15.52620792388916,-3.682258367538452,-15.52620792388916,0.0,0.0,0.0,0.0,0.0
561,without_light,0,110.54330444335938,7.507662296295166,160.0,79.0,121.0,41.03599166870117,119.30370330810547,95.63739776611328,118.86666870117188,0.0,0.0,0.0,0.0,0.0,12.278685569763184,38.08779525756836,100.72747802734375,116.62061309814453,104.92113494873047,112.0,0.31234943866729736,-15.893136024475098,-4.193658351898193,-15.893315315246582,0.0,0.0,0.0,0.0,0.0
562,without_light,0,108.22289276123047,10.325997352600098,154.0,70.0,123.0,82.87966918945312,122.29975128173828,89.63737487792969,121.02237701416016,0.0,0.0,0.0,0.0,0.0,14.761483192443848,55.64338684082031,99.7394790649414,113.71332550048828,102.10116577148438,117.0,0.31563812494277954,-13.973852157592773,-2.361686944961548,-13.973892211914062,0.0,0.0,0.0,0.0,0.0
563,without_light,0,108.84075927734375,9.864608764648438,165.0,74.0,123.0,74.4397964477539,122.22024536132812,92.3353500366211,121.48477172851562,0.0,0.0,0.0,0.0,0.0,14.800394058227539,56.144107818603516,100.41717529296875,114.35539245605469,102.47434997558594,117.0,0.31613561511039734,-13.938217163085938,-2.0571787357330322,-13.938217163085938,0.0,0.0,0.0,0.0,0.0
564,without_light,0,108.8428955078125,9.908815383911133,188.0,74.0,123.0,77.17448425292969,121.89629364013672,90.58434295654297,120.96321868896484,0.0,0.0,0.0,0.0,0.0,15.164740562438965,61.65639114379883,100.53551483154297,114.28766632080078,102.49609375,117.0,0.31653904914855957,-13.752152442932129,-1.9605787992477417,-13.752172470092773,0.0,0.0,0.0,0.0,0.0
565,without_light,0,109.31275939941406,10.52078914642334,154.0,43.0,125.0,87.70719909667969,124.60247039794922,91.11415100097656,122.51012420654297,0.0,0.0,0.0,0.0,0.0,15.325135231018066,58.04892349243164,101.04047393798828,114.77174377441406,102.8770523071289,120.0,0.31655845046043396,-13.731266021728516,-1.8365752696990967,-13.731266021728516,0.0,0.0,0.0,0.0,0.0
566,without_light,0,109.82083129882812,11.166058540344238,159.0,60.0,127.0,91.56094360351562,123.79950714111328,89.34716033935547,122.94139862060547,0.0,0.0,0.0,0.0,0.0,19.31186294555664,101.36627197265625,101.96923065185547,115.23666381835938,102.49172973632812,122.0,0.318498820066452,-13.267438888549805,-0.5225008130073547,-13.267538070678711,0.0,0.0,0.0,0.0,0.0
567,without_light,0,110.54167175292969,10.922382354736328,158.0,61.0,127.0,84.48199462890625,124.81580352783203,94.02666473388672,123.63867950439453,0.0,0.0,0.0,0.0,0.0,19.762187957763672,111.55071258544922,102.71699523925781,115.96177673339844,103.1463623046875,121.0,0.318826287984848,-13.244778633117676,-0.42936861515045166,-13.244857788085938,0.0,0.0,0.0,0.0,0.0
568,without_light,0,115.21428680419922,14.058229446411133,198.0,70.0,139.0,134.29664611816406,133.2498779296875,85.23347473144531,130.9448699951172,0.0,0.0,0.0,0.0,0.0,28.137596130371094,315.10406494140625,108.95378112792969,120.61670684814453,103.85894012451172,135.0,0.3264164924621582,-11.66292667388916,5.094846248626709,-11.671595573425293,0.0,0.0,0.0,0.0,0.0
569,without_light,0,117.04818725585938,11.61543083190918,193.0,74.0,138.0,71.02735137939453,134.26864624023438,98.35252380371094,130.4215545654297,0.0,0.0,0.0,0.0,0.0,28.314268112182617,328.0724792480469,110.71133422851562,122.6677474975586,104.69071197509766,134.0,0.32731884717941284,-11.956413269042969,6.020627498626709,-11.962711334228516,0.0,0.0,0.0,0.0,0.0
570,without_light,0,114.81387329101562,12.884941101074219,191.0,73.0,137.0,102.73902130126953,132.3985137939453,92.11616516113281,129.69053649902344,0.0,0.0,0.0,0.0,0.0,27.72288703918457,310.1744384765625,108.05072021484375,120.5195541381836,103.17512512207031,134.0,0.32530477643013,-12.468830108642578,4.875597953796387,-12.472237586975098,0.0,0.0,0.0,0.0,0.0
571,without_light,0,113.85497283935547,17.515674591064453,207.0,69.0,145.25,234.3783416748047,142.0823211669922,88.16818237304688,138.88873291015625,0.0,9.964923469387755e-05,5.0,1.0,1.992984693877551e-05,29.125049591064453,367.4026184082031,106.24971771240234,119.4005126953125,105.23046875,141.0,0.32044681906700134,-13.150789260864258,1.0192521810531616,-13.19836139678955,0.0,0.0,0.0,0.0,0.0
572,without_light,0,114.69407653808594,20.2364444732666,212.0,67.0,151.25,327.6348876953125,150.20816040039062,83.9419174194336,144.10362243652344,0.0,0.0001793686224489796,8.0,2.0,3.985969387755102e-05,31.057029724121094,437.5524597167969,107.87728881835938,119.89156341552734,105.8320083618164,148.0,0.32245367765426636,-12.014269828796387,2.045280694961548,-12.100765228271484,0.0,0.0,0.0,0.0,0.0
573,without_light,0,115.1414794921875,18.04615020751953,200.0,66.0,146.0,257.63116455078125,144.10252380371094,85.93939208984375,140.68699645996094,0.0,0.0,0.0,0.0,0.0,29.25196075439453,353.1360778808594,108.41747283935547,120.38484191894531,105.81047058105469,142.0,0.3231697082519531,-11.967374801635742,2.6070034503936768,-12.016322135925293,0.0,0.0,0.0,0.0,0.0
23289748533_1a14a0f249_o,without_fire_light,0,88.04310607910156,53.00162887573242,245.0,2.0,176.0,2079.334716796875,151.86766052246094,16.07929229736328,148.6284637451172,0.0,0.013512436224489796,25.0,346.0,0.006895727040816327,67.32442474365234,1285.4810791015625,67.73403930664062,95.6075439453125,102.35202026367188,173.0,0.22264939546585083,-27.873504638671875,-34.617984771728516,-46.1513671875,0.0,0.0,0.0,0.0,0.0
24498907094_491ca433dd_o,without_fire_light,0,105.20962524414062,44.665523529052734,193.0,2.0,178.0,1418.869384765625,154.8257598876953,48.220741271972656,151.34767150878906,0.0,0.0,0.0,0.0,0.0,38.68958282470703,676.3416137695312,80.41523742675781,114.11164855957031,124.3830337524414,139.0,0.27959439158439636,-33.696407318115234,-43.96779251098633,-58.75259017944336,0.0,0.0,0.0,0.0,0.0
33696343816_811bd98925_o,without_fire_light,0,103.30291748046875,33.17660903930664,152.0,27.0,150.0,1007.5010375976562,145.6873779296875,57.88888931274414,145.3861541748047,0.0,0.0,0.0,0.0,0.0,21.023662567138672,169.62452697753906,86.69306182861328,107.42581939697266,125.66300964355469,126.0,0.27551546692848206,-20.73276138305664,-38.96994400024414,-39.2729377746582,0.0,0.0,0.0,0.0,0.0
35554264024_b33afa21ac_o,without_fire_light,0,121.17626190185547,69.87882232666016,254.0,5.0,232.0,3791.030029296875,218.81283569335938,40.692344665527344,213.3916015625,4.0,0.20067362882653061,19.0,10019.0,0.19967713647959184,68.56855010986328,1688.089599609375,133.7706298828125,118.66768646240234,101.04374694824219,244.0,0.4068402647972107,15.102937698364258,32.72688293457031,10.036630630493164,0.005440848214285714,41.9487190246582,242.45054626464844,20.0,0.003985969387755102
35581707273_fed23248e8_o,without_fire_light,0,131.31393432617188,64.84211730957031,254.0,3.0,232.0,3075.339599609375,216.8934326171875,56.88098907470703,214.348388671875,4.0,0.19638871173469388,37.0,3526.0,0.07027264030612244,70.48340606689453,1252.243896484375,130.16525268554688,132.16087341308594,129.99374389648438,232.0,0.3435947597026825,-1.9956154823303223,0.1715162694454193,-10.457868576049805,0.0,0.0,0.0,0.0,0.0
36644001004_f3e3a56edc_o,without_fire_light,0,121.0038833618164,66.77254486083984,255.0,16.0,243.0,2851.484130859375,239.1272735595703,65.04691314697266,230.48704528808594,4.0,0.18405213647959184,68.0,8935.0,0.1780731823979592,93.20622253417969,2274.95849609375,115.48664855957031,123.51068115234375,122.5539321899414,234.0,0.3287273645401001,-8.024035453796387,-7.0672831535339355,-16.84016227722168,0.0006776147959183673,33.588233947753906,229.1764678955078,13.0,0.0002192283163265306
39728540251_888dc24afa_o,without_fire_light,0,94.1834716796875,69.24241638183594,255.0,4.0,233.0,3369.6748046875,207.2661590576172,16.143939971923828,190.1990509033203,1.0,0.09656010841836735,145.0,2643.0,0.05267458545918367,74.39558410644531,1736.794921875,84.73931884765625,98.68522644042969,95.7696304321289,225.0,0.271575391292572,-13.945910453796387,-11.030313491821289,-22.185049057006836,0.0,0.0,0.0,0.0,0.0
41058079202_08ce34a338_o,without_fire_light,0,123.89937591552734,67.74337005615234,234.0,3.0,223.0,3815.390380859375,222.74343872070312,49.987876892089844,219.6328125,4.0,0.25980548469387754,1.0,13036.0,0.25980548469387754,46.46471405029297,1022.7402954101562,124.5739974975586,126.93757629394531,106.25492095947266,219.0,0.3695370554924011,-2.3635802268981934,18.319076538085938,-4.500339031219482,0.0,0.0,0.0,0.0,0.0
42376136734_b4524237bf_o,without_fire_light,0,95.90967559814453,38.15962219238281,249.0,11.0,167.0,875.5892333984375,142.65234375,45.252525329589844,136.3260498046875,0.0,0.004803093112244898,17.0,94.0,0.0018734056122448979,55.540836334228516,945.730224609375,84.3542709350586,99.53466033935547,107.53631591796875,163.0,0.31024330854415894,-15.180384635925293,-23.182039260864258,-32.1323127746582,0.0,0.0,0.0,0.0,0.0
43078090081_07d1f9ec0f_o,without_fire_light,0,111.54402160644531,69.2072982788086,252.0,15.0,210.0,3434.56396484375,212.595458984375,34.38814926147461,206.00909423828125,2.0,0.14490991709183673,9.0,7257.0,0.14463089923469388,38.2346305847168,790.9227294921875,98.01018524169922,117.67133331298828,115.49525451660156,183.0,0.2800522744655609,-19.661151885986328,-17.48507308959961,-38.28587341308594,0.0,0.0,0.0,0.0,0.0
45636031272_8408d32834_o,without_fire_light,0,110.2614974975586,48.137142181396484,172.0,0.0,164.0,1911.8421630859375,164.33636474609375,21.275253295898438,160.52537536621094,0.0,0.0,0.0,0.0,0.0,25.0571231842041,154.24105834960938,116.99699401855469,109.04830932617188,98.7149429321289,172.0,0.359335720539093,7.948680877685547,18.282047271728516,7.915397644042969,0.0,0.0,0.0,0.0,0.0
49200563427_e5295b4455_o,without_fire_light,0,96.47370910644531,64.26641845703125,255.0,4.0,203.0,2875.098388671875,192.92613220214844,34.43989944458008,188.9164581298828,0.0,0.05767697704081633,51.0,1671.0,0.033302774234693876,85.50067901611328,2451.274658203125,82.81816101074219,101.87158966064453,104.494140625,171.0,0.30441179871559143,-19.05343246459961,-21.675979614257812,-32.72745895385742,0.0,0.0,0.0,0.0,0.0
49422069676_3e89abc052_o,without_fire_light,0,112.1309585571289,73.6766128540039,255.0,3.0,224.0,3984.70751953125,218.3007354736328,10.394949913024902,209.12689208984375,3.0,0.16131218112244897,40.0,7462.0,0.14871651785714285,62.21388244628906,966.9102172851562,111.87675476074219,112.4151611328125,111.3368148803711,235.0,0.321445107460022,-0.5384048223495483,0.5399394035339355,-4.793885707855225,0.0036471619897959183,33.989070892333984,243.6502685546875,12.0,0.002570950255102041
50010867961_903b6432f7_o,without_fire_light,0,96.45384216308594,57.30648422241211,228.0,0.0,190.0,1681.8193359375,177.88938903808594,37.931358337402344,168.1751251220703,0.0,0.020786830357142856,42.0,373.0,0.0074338329081632655,95.51268768310547,2072.1904296875,101.04237365722656,94.70952606201172,93.3418960571289,204.0,0.35590261220932007,6.33284854888916,7.700474262237549,-1.1897121667861938,0.0013352997448979591,34.2835807800293,237.01492309570312,42.0,0.00013950892857142856
50380847112_db217aea45_o,without_fire_light,0,130.31118774414062,65.32176971435547,255.0,18.0,236.0,3355.862548828125,222.02626037597656,53.601009368896484,212.6002197265625,4.0,0.1831951530612245,31.0,3762.0,0.07497608418367346,53.73312759399414,316.26300048828125,116.9357681274414,134.345703125,144.53741455078125,230.0,0.2855522930622101,-17.409936904907227,-27.601642608642578,-28.76761817932129,0.0,0.0,0.0,0.0,0.0
51099217941_143488e656_o,without_fire_light,0,138.1955108642578,41.21400451660156,236.0,7.0,208.0,1230.7880859375,192.0811004638672,84.68395233154297,190.671142578125,0.0,0.07521524234693877,18.0,3653.0,0.07280373086734694,54.83677291870117,1193.27490234375,129.66358947753906,140.6722869873047,147.8906707763672,181.0,0.32190993428230286,-11.008708953857422,-18.227081298828125,-26.05733871459961,0.0007374043367346938,34.378379821777344,238.51351928710938,14.0,0.00025908801020408165
52357656897_dde5e5a66a_o,without_fire_light,0,72.38554382324219,54.808841705322266,193.0,4.0,173.0,2658.683837890625,172.7940673828125,5.699259281158447,165.5084991455078,0.0,0.0,0.0,0.0,0.0,29.884937286376953,434.7365417480469,65.76827239990234,73.8614501953125,82.22406768798828,169.0,0.30677974224090576,-8.093172073364258,-16.455795288085938,-20.822843551635742,0.0,0.0,0.0,0.0,0.0
52358616216_ec885ff145_o,without_fire_light,0,139.6747283935547,46.13920593261719,254.0,2.0,216.0,1034.85791015625,207.63182067871094,94.57530975341797,204.4954071044922,3.0,0.12318638392857142,149.0,3583.0,0.07140864158163265,87.24153900146484,1503.5740966796875,132.75668334960938,142.4566650390625,143.49954223632812,218.0,0.31307998299598694,-9.699995994567871,-10.742865562438965,-18.83364486694336,0.01167889030612245,40.436859130859375,242.39932250976562,85.0,0.002650669642857143
52358931719_b6fbcc77f2_o,without_fire_light,0,115.8701171875,59.429649353027344,250.0,0.0,214.0,2044.1231689453125,193.53135681152344,46.747161865234375,188.9752960205078,0.0,0.1258968431122449,208.0,2113.0,0.042111766581632654,85.80158996582031,2876.124267578125,103.45842742919922,122.42596435546875,114.66858673095703,222.0,0.29878976941108704,-18.9675350189209,-11.210160255432129,-29.356565475463867,0.0017338966836734694,33.95402145385742,233.74713134765625,30.0,0.0005580357142857143
52359026765_4a4ba189c8_o,without_fire_light,0,93.1415023803711,66.01067352294922,253.0,1.0,238.0,3003.635009765625,227.66464233398438,36.001976013183594,216.47491455078125,3.0,0.11411830357142858,10.0,5713.0,0.11385921556122448,96.45068359375,3108.5146484375,92.35610961914062,96.39401245117188,78.47050476074219,220.0,0.3499263823032379,-4.037906646728516,13.885602951049805,-10.173648834228516,0.0,0.0,0.0,0.0,0.0
52359041065_1566fd6ec1_o,without_fire_light,0,102.9013442993164,48.60751724243164,217.0,0.0,196.0,1593.1956787109375,199.00454711914062,48.827274322509766,181.646484375,0.0,0.03977997448979592,6.0,1990.0,0.03966039540816327,62.38284683227539,1173.01416015625,82.15768432617188,108.32569122314453,129.3763885498047,182.0,0.2721395194530487,-26.16800880432129,-47.218711853027344,-54.36166763305664,0.0,0.0,0.0,0.0,0.0
52452040025_916ddf3f9d_o,without_fire_light,0,103.15144348144531,33.66645431518555,224.0,21.0,185.0,399.0045166015625,142.91717529296875,58.657283782958984,135.60317993164062,0.0,0.01598373724489796,50.0,239.0,0.004763233418367347,55.16291809082031,812.671142578125,103.40100860595703,105.18038177490234,92.02288055419922,189.0,0.3420359194278717,-1.7793766260147095,11.378129005432129,-4.956791877746582,0.0,0.0,0.0,0.0,0.0
52452051055_4e2a4e4de0_o,without_fire_light,0,101.25643920898438,64.93521118164062,232.0,6.0,224.0,3318.10791015625,218.0772705078125,18.65505027770996,209.6920623779297,3.0,0.15666852678571427,12.0,7845.0,0.15634964923469388,67.64091491699219,1336.3223876953125,108.8406982421875,100.36471557617188,85.91665649414062,218.0,0.3930259346961975,8.475984573364258,22.924047470092773,1.5096659660339355,0.0003587372448979592,34.11111068725586,231.1666717529297,12.0,5.978954081632653e-05
53078944067_43c7e3552a_o,without_fire_light,0,125.39716339111328,45.31884002685547,232.0,27.0,193.0,966.428955078125,194.11312866210938,79.99752807617188,185.3750762939453,0.0,0.031230070153061226,71.0,1338.0,0.026666135204081634,92.8262710571289,2668.32275390625,153.5380096435547,125.82186889648438,49.34592056274414,246.0,0.4639791250228882,27.71613883972168,104.19208526611328,27.71613883972168,0.014967315051020409,45.34886932373047,247.28761291503906,23.0,0.01225685586734694
