image_path,file_name,class_name,label,R_mean,G_mean,B_mean,R_std,G_std,B_std,R_over_G,R_over_B,G_over_B,R_minus_G,R_minus_B,RGB_max_minus_min,pixel_R_over_G_mean,pixel_R_over_B_mean,pixel_G_over_B_mean,pixel_RG_normalized_diff_mean,pixel_RB_normalized_diff_mean,H_mean,S_mean,V_mean,S_std,V_std,gray_mean,gray_std,gray_max,gray_p95,gray_p99,bright_pixel_ratio,LBP_hist_00,LBP_hist_01,LBP_hist_02,LBP_hist_03,LBP_hist_04,LBP_hist_05,LBP_hist_06,LBP_hist_07,LBP_hist_08,LBP_hist_09,LBP_hist_10,LBP_hist_11,LBP_hist_12,LBP_hist_13,LBP_hist_14,LBP_hist_15,GLCM_contrast,GLCM_homogeneity,GLCM_energy,GLCM_correlation,entropy,Sobel_mean,Sobel_std,Laplacian_variance,Canny_edge_ratio,highlight_pixel_ratio,highlight_R_mean,highlight_G_mean,highlight_B_mean,highlight_R_std,highlight_G_std,highlight_B_std,highlight_H_mean,highlight_S_mean,highlight_V_mean,highlight_H_std,highlight_S_std,highlight_V_std,highlight_LBP_hist_00,highlight_LBP_hist_01,highlight_LBP_hist_02,highlight_LBP_hist_03,highlight_LBP_hist_04,highlight_LBP_hist_05,highlight_LBP_hist_06,highlight_LBP_hist_07,highlight_GLCM_contrast,highlight_GLCM_homogeneity,highlight_GLCM_energy,highlight_GLCM_correlation,highlight_entropy,highlight_Sobel_mean,highlight_Sobel_std,highlight_Laplacian_variance,highlight_Canny_edge_ratio,highlight_gray_over_global_gray,highlight_saturation_over_global_saturation,highlight_entropy_minus_global_entropy,block_nonempty_ratio,block_coverage_std,block_gray_var,block_gray_range,block_rg_ratio_var,block_rg_ratio_range,block_value_var,block_value_range,HOG_hist_00,HOG_hist_01,HOG_hist_02,HOG_hist_03,HOG_hist_04,HOG_hist_05,HOG_hist_06,HOG_hist_07,HOG_hist_08,Sobel_x_over_y,dominant_direction_ratio,gradient_direction_entropy,highlight_component_count,highlight_total_area_ratio,highlight_largest_area_ratio,highlight_bbox_aspect_ratio,highlight_circularity,highlight_boundary_complexity,clahe_LBP_hist_00,clahe_LBP_hist_01,clahe_LBP_hist_02,clahe_LBP_hist_03,clahe_LBP_hist_04,clahe_LBP_hist_05,clahe_LBP_hist_06,clahe_LBP_hist_07,clahe_GLCM_contrast,clahe_GLCM_homogeneity,clahe_GLCM_energy,clahe_GLCM_correlation,clahe_Sobel_mean,clahe_Sobel_std,clahe_Laplacian_variance,clahe_Canny_edge_ratio,ms256_gray_mean,ms256_gray_std,ms256_gray_max,ms256_gray_p95,ms256_gray_p99,ms256_bright_pixel_ratio,ms256_LBP_hist_00,ms256_LBP_hist_01,ms256_LBP_hist_02,ms256_LBP_hist_03,ms256_LBP_hist_04,ms256_LBP_hist_05,ms256_LBP_hist_06,ms256_LBP_hist_07,ms256_GLCM_contrast,ms256_GLCM_homogeneity,ms256_GLCM_energy,ms256_GLCM_correlation,center_gray_mean,center_gray_std,center_gray_max,center_gray_p95,center_gray_p99,center_bright_pixel_ratio,center_LBP_hist_00,center_LBP_hist_01,center_LBP_hist_02,center_LBP_hist_03,center_LBP_hist_04,center_LBP_hist_05,center_LBP_hist_06,center_LBP_hist_07,center_GLCM_contrast,center_GLCM_homogeneity,center_GLCM_energy,center_GLCM_correlation
C:\Users\Administrator\Desktop\机器学习版本记录\纹理识别模型\glint\glint_001.jpg,glint_001.jpg,glint,0,105.60137176513672,130.14346313476562,134.5126495361328,37.540279388427734,33.96554183959961,34.319644927978516,0.8114227822903562,0.7850664702854105,0.9675183903970911,-24.542091369628906,-28.911277770996094,28.911277770996094,5579.11279296875,4331.1240234375,4563.1796875,-0.07298047840595245,-0.0867697224020958,95.1653060913086,61.68865203857422,134.58346557617188,32.75177764892578,34.33806610107422,123.30139923095703,34.808109283447266,255.0,188.0,251.0,0.032399293503092626,0.22049733996391296,0.07204800099134445,0.016915015876293182,0.05373493954539299,0.039166152477264404,0.01211873721331358,0.02016790397465229,0.05159633606672287,0.0467931367456913,0.021143769845366478,0.009890163317322731,0.036778394132852554,0.05576280131936073,0.020437825471162796,0.074027419090271,0.24892204999923706,2.743158100637262,0.6663767818281351,0.307853600200842,0.687952193551902,6.392072363275841,83.52350616455078,96.33232116699219,25881.76953125,0.12871054143279326,0.043999208941386675,203.27635192871094,206.4888458251953,211.6703338623047,38.6808967590332,37.6782341003418,36.68639373779297,110.29835510253906,11.777433395385742,211.88003540039062,18.1805477142334,6.953797340393066,36.652618408203125,0.3594752252101898,0.04431486874818802,0.07609329372644424,0.06268221884965897,0.04256559908390045,0.051020409911870956,0.06559766829013824,0.2982507348060608,8.420135799578555,0.3891999071532123,0.18828822813336085,0.21415725933532823,6.675778605786739,182.90032958984375,95.22676086425781,86516.2109375,0.3206997084548105,1.671744958910394,0.1909173375534923,0.28370624251089804,0.9999999375000038,0.4406186180024299,500.759521484375,71.77173614501953,0.0071500493213534355,0.3037036657333374,475.19219970703125,69.682373046875,0.14391487836837769,0.11109832674264908,0.10699732601642609,0.1139686107635498,0.11003336310386658,0.1011633649468422,0.09386347234249115,0.08950336277484894,0.12945732474327087,1.081735610961914,0.14391487836837769,3.1553432941436768,73.0,0.043999208941386675,0.02533432442920823,1.8441558202057686,0.039936313512577336,314.66025543414844,0.29936257004737854,0.06800612062215805,0.05258604511618614,0.07107213884592056,0.06697488576173782,0.04742295295000076,0.07665049284696579,0.3179247975349426,6.6266013047223264,0.46579792944312315,0.15370511851554697,0.49812816873263915,153.45494079589844,123.24202728271484,63582.17578125,0.3145058032902614,123.40370178222656,31.643892288208008,254.0,184.0,227.0,0.014754813723885889,0.28937259316444397,0.07718643546104431,0.04882257804274559,0.07598953694105148,0.06844624876976013,0.04178032651543617,0.07983076572418213,0.3185715079307556,2.1147018536491355,0.6988841575433549,0.33856877134318497,0.703287754055548,138.24441528320312,34.299522399902344,255.0,231.0,252.0,0.059844970703125,0.283416748046875,0.0781402587890625,0.049560546875,0.0662841796875,0.0713348388671875,0.052215576171875,0.0774383544921875,0.3216094970703125,3.9123019070641956,0.5989176855422977,0.2740402406137078,0.5719941410159753
C:\Users\Administrator\Desktop\机器学习版本记录\纹理识别模型\glint\glint_003.jpg,glint_003.jpg,glint,0,105.25865173339844,132.54995727539062,136.61318969726562,44.07476043701172,42.74188232421875,43.17136764526367,0.7941055063533798,0.7704867384779209,0.9702573858268261,-27.291305541992188,-31.354537963867188,31.354537963867188,12723.48046875,15921.7119140625,14853.490234375,-0.07811912149190903,-0.0947788879275322,93.10269165039062,72.44754028320312,136.70367431640625,48.21692657470703,43.139095306396484,124.84141540527344,42.81228256225586,255.0,203.0,253.0,0.04071978350261835,0.22178666293621063,0.07592892646789551,0.016756730154156685,0.04936107620596886,0.038117196410894394,0.012640275992453098,0.020160440355539322,0.05297570303082466,0.04478643089532852,0.021520469337701797,0.009236564859747887,0.03320072591304779,0.05595758557319641,0.019694974645972252,0.06991425156593323,0.2579619884490967,2.1241685776240695,0.7005603549984932,0.33819983598844083,0.8280952211864723,6.352439908049371,75.73302459716797,93.96558380126953,20418.38671875,0.10211859167836389,0.06539907918275473,211.6804656982422,215.07545471191406,217.7575225830078,36.74790573120117,35.104736328125,34.31365203857422,99.08566284179688,8.36962604522705,217.96517944335938,32.846900939941406,7.278440475463867,34.28437805175781,0.369047611951828,0.04619047790765762,0.07904762029647827,0.06825397163629532,0.042698413133621216,0.03809523954987526,0.07634920626878738,0.2803174555301666,6.00597875569044,0.4628742613678434,0.2499837662046061,0.3263485363314648,6.422872833158484,166.28231811523438,95.78700256347656,59001.35546875,0.3280952380952381,1.7170735391555558,0.11552670935386924,0.07043292510911314,0.9999999375000038,0.45736045879576004,2427.1455078125,137.2236785888672,0.008482789620757103,0.28769969940185547,2813.21435546875,142.3284149169922,0.147637277841568,0.09812679886817932,0.10270761698484421,0.1114751398563385,0.11427443474531174,0.10924562811851501,0.09671175479888916,0.08731457591056824,0.13250677287578583,1.0774714946746826,0.147637277841568,3.1522064208984375,60.0,0.06539907918275473,0.045141109900220425,2.2307692021696255,0.12046728999980871,104.31354944901308,0.3024938702583313,0.06605234742164612,0.05125202611088753,0.07347796857357025,0.06469231843948364,0.04316457733511925,0.07432889193296432,0.324537992477417,5.518987522205414,0.48577087138852615,0.1576854731454596,0.6488531980994892,143.17703247070312,115.66767120361328,52946.5234375,0.3067703295344626,124.7021484375,40.54943084716797,255.0,198.0,243.0,0.02991105249866719,0.2885156571865082,0.07175518572330475,0.04757298529148102,0.08016766607761383,0.07571227848529816,0.03634658083319664,0.08567827194929123,0.3142513632774353,1.6240527795865505,0.7310350578946299,0.37913036603686634,0.8478265034054562,145.50509643554688,36.12738037109375,255.0,246.0,254.0,0.0805816650390625,0.2967987060546875,0.0728759765625,0.0494842529296875,0.06988525390625,0.0693817138671875,0.0456085205078125,0.073394775390625,0.32257080078125,2.661920110509957,0.6455649995667336,0.3057379086296086,0.7330337238155165
C:\Users\Administrator\Desktop\机器学习版本记录\纹理识别模型\glint\glint_005.jpg,glint_005.jpg,glint,0,101.3985366821289,126.16719055175781,130.69728088378906,39.27715301513672,34.10523223876953,34.273101806640625,0.8036838692769981,0.7758274328328307,0.965339054747449,-24.768653869628906,-29.298744201660156,29.298744201660156,2050.708251953125,1840.9515380859375,1144.317138671875,-0.07713499665260315,-0.0939159020781517,95.6521987915039,63.932838439941406,130.7506103515625,31.195873260498047,34.29267120361328,119.27052307128906,35.42970657348633,255.0,197.0,251.0,0.03806914281848319,0.21727655827999115,0.06895893067121506,0.016462309285998344,0.056874752044677734,0.03826429694890976,0.0115590775385499,0.019408339634537697,0.05303536728024483,0.052114732563495636,0.020124388858675957,0.010590706020593643,0.037589166313409805,0.0596843920648098,0.019183294847607613,0.07440090924501419,0.24447278678417206,3.4024373880032948,0.648933839329407,0.30670890690519576,0.6404846503339566,6.465397750611322,96.06575012207031,107.03764343261719,32927.23046875,0.14697418131725745,0.0383465259452111,205.67007446289062,208.96029663085938,213.69442749023438,39.30785369873047,38.607177734375,37.443119049072266,107.98905944824219,11.038814544677734,213.8666229248047,19.807289123535156,6.958155155181885,37.42272186279297,0.365643709897995,0.04378742352128029,0.07934131473302841,0.057260479778051376,0.041167665272951126,0.05202095955610275,0.07410179823637009,0.28667664527893066,9.044303097345132,0.39174504516500686,0.20666465833039604,0.19273575306056906,6.583721254467406,190.16317749023438,102.79312896728516,99221.8359375,0.30538922155688625,1.7483427566001117,0.1726626666573696,0.11832350385608414,0.9999999375000038,0.4361618226853057,392.3556213378906,64.4732666015625,0.008655115962028503,0.3079659342765808,346.2253112792969,60.584320068359375,0.14779485762119293,0.11491162329912186,0.10588130354881287,0.10546809434890747,0.10466800630092621,0.09745845198631287,0.09248113632202148,0.09455504268407822,0.1367814540863037,1.1257266998291016,0.14779485762119293,3.151747465133667,108.0,0.0383465259452111,0.016088221365157376,1.9411764325259524,0.087398392044508,143.7826293490447,0.2933073341846466,0.07075246423482895,0.0512145571410656,0.07219137996435165,0.07101161032915115,0.04814577475190163,0.08037479966878891,0.3130020797252655,7.147778749713373,0.44832298333017995,0.14430434385609997,0.506889229069104,165.8427734375,129.93128967285156,68746.484375,0.3282777997517697,119.67072296142578,30.22723960876465,254.0,186.0,226.0,0.01388813540932024,0.2845076620578766,0.07841087132692337,0.05048559606075287,0.07439403235912323,0.0669381245970726,0.04866976663470268,0.08135472238063812,0.31523922085762024,2.3743513308400734,0.6687640608684556,0.3356977819206716,0.6579452428596295,132.99124145507812,37.12440490722656,255.0,236.0,253.0,0.06500244140625,0.2796630859375,0.0803985595703125,0.0487060546875,0.0686187744140625,0.0723724365234375,0.05279541015625,0.079254150390625,0.3181915283203125,4.502636122942327,0.5953604657989321,0.2653388600796908,0.5819121357319585
C:\Users\Administrator\Desktop\机器学习版本记录\纹理识别模型\glint\glint_006.jpg,glint_006.jpg,glint,0,120.69493103027344,137.021728515625,141.06304931640625,44.393707275390625,43.82270431518555,44.06221008300781,0.880845187525605,0.8556098195775091,0.9713509541179174,-16.326797485351562,-20.368118286132812,20.368118286132812,19886.072265625,16128.205078125,13973.09375,-0.042380668222904205,-0.052929528057575226,94.62555694580078,50.210880279541016,141.19273376464844,49.732181549072266,44.05218505859375,132.578125,43.82795715332031,255.0,201.0,249.0,0.03513764932349663,0.22012095153331757,0.08337333053350449,0.017481040209531784,0.05733896419405937,0.03239896148443222,0.010492464527487755,0.019103389233350754,0.04831525310873985,0.0452241525053978,0.020120956003665924,0.009033311158418655,0.03338773176074028,0.05211673304438591,0.017605837434530258,0.08368052542209625,0.2502063810825348,3.0754723614910238,0.6183464199933848,0.21770948563292167,0.7545840263969561,6.7491769421964385,101.15194702148438,98.40043640136719,29777.037109375,0.21360276471152922,0.024057546535289093,214.6730499267578,217.0409698486328,218.8445587158203,29.756263732910156,29.26029396057129,29.123140335083008,98.73698425292969,6.689509868621826,219.536376953125,32.78950500488281,5.309314250946045,29.01285171508789,0.37254902720451355,0.04139433428645134,0.08714596927165985,0.057734206318855286,0.03703703731298447,0.0479302816092968,0.054466232657432556,0.30174291133880615,5.645111425995104,0.4340623195882306,0.20987006136570047,0.14442964136448488,6.443295782394715,129.86927795410156,72.7100830078125,55494.0078125,0.23420479302832245,1.6332102484354207,0.13322829032573746,-0.30588115980172326,0.4999999687500019,0.005419507526333683,275.51220703125,45.985877990722656,0.002362319268286228,0.14293843507766724,217.77066040039062,40.8585205078125,0.13404253125190735,0.0990346297621727,0.11849091947078705,0.12416446954011917,0.12085825949907303,0.10504153370857239,0.09199374914169312,0.08527018874883652,0.12110380828380585,1.0179154872894287,0.13404253125190735,3.155618667602539,81.0,0.024057546535289093,0.002735486723193285,1.3636363016528954,0.24391446537157843,51.51957901341905,0.3109436631202698,0.07289046794176102,0.04478256776928902,0.06773543357849121,0.06270519644021988,0.04292982444167137,0.06954017281532288,0.32847270369529724,7.853968164675493,0.4244735710480426,0.11994524969293144,0.5866091014958551,184.5763702392578,127.0381851196289,75905.03125,0.3510415666698666,132.6797332763672,41.23847198486328,254.0,191.0,223.0,0.012598541221542768,0.3111569583415985,0.07046091556549072,0.041381191462278366,0.06987698376178741,0.06318125128746033,0.04044689983129501,0.07116163522005081,0.33233416080474854,2.623363611444559,0.638136376020487,0.23068607122902726,0.7393084942197632,147.58689880371094,45.957401275634766,255.0,232.0,252.0,0.06544042887512709,0.2947463393211365,0.07668057084083557,0.04625055193901062,0.06710751354694366,0.06758809089660645,0.04890332743525505,0.0688183605670929,0.329905241727829,4.219486010792078,0.5737279180623456,0.22991708924414136,0.687999328169399
C:\Users\Administrator\Desktop\机器学习版本记录\纹理识别模型\glint\glint_007.jpg,glint_007.jpg,glint,0,111.4257583618164,136.9538116455078,141.50315856933594,44.617454528808594,41.31188201904297,41.42961120605469,0.8136009959082454,0.7874436069197329,0.9678498491646828,-25.528053283691406,-30.07740020751953,30.07740020751953,8035.9111328125,8695.943359375,10500.30078125,-0.07437986135482788,-0.09131702780723572,94.62896728515625,65.03392791748047,141.6000518798828,41.83550262451172,41.434940338134766,129.83740234375,41.99370193481445,255.0,221.0,253.0,0.050983049654128455,0.22801174223423004,0.07903170585632324,0.01740155927836895,0.05010712891817093,0.036630596965551376,0.012558290734887123,0.020912479609251022,0.048225633800029755,0.042545147240161896,0.02171368896961212,0.009308438748121262,0.03380385786294937,0.052942872047424316,0.02053437940776348,0.07476458698511124,0.2515079081058502,2.558456982515961,0.662547406134632,0.2959245203943271,0.7941469729797794,6.532793188775841,85.67672729492188,98.86270141601562,24176.994140625,0.12323328712122576,0.06310175487948971,220.25021362304688,222.56137084960938,224.9892578125,32.65707778930664,31.703035354614258,30.948144912719727,99.87908172607422,6.30836820602417,225.16122436523438,36.661075592041016,5.193134307861328,30.981380462646484,0.380538672208786,0.0421372726559639,0.07971329241991043,0.0725456103682518,0.03714161738753319,0.03801042586565018,0.07319722324609756,0.2767159044742584,5.144032593065985,0.4983342655037063,0.3017975051894845,0.2841297863546682,6.184167664610807,148.2899932861328,88.65100860595703,51445.43359375,0.30386620330147696,1.7109286432700836,0.09700118555083244,-0.34862552416503423,0.4999999687500019,0.0016413663143000484,398.48907470703125,55.64215850830078,0.0049398597329854965,0.19277852773666382,314.1959228515625,50.216552734375,0.14298810064792633,0.09875211119651794,0.1030101552605629,0.11302846670150757,0.1175839751958847,0.11074060946702957,0.09765297919511795,0.08487852662801743,0.13136504590511322,1.0577458143234253,0.14298810064792633,3.1535139083862305,50.0,0.06310175487948971,0.04623941703442663,2.1866666375111117,0.08726310339901612,144.00554326483504,0.3119317293167114,0.06690552830696106,0.049431949853897095,0.07003834843635559,0.0627734437584877,0.043976522982120514,0.07246898859739304,0.3224734961986542,6.354486889190797,0.45519801392501436,0.14355804251543944,0.6051869643546299,155.59597778320312,120.75442504882812,60612.6484375,0.32800093624529625,129.90309143066406,39.45060729980469,255.0,209.0,245.0,0.03853056054048348,0.29564398527145386,0.06845691055059433,0.04464738816022873,0.07584982365369797,0.07338552176952362,0.03841414675116539,0.08306153863668442,0.3205406963825226,2.2471712906042303,0.6958829188548736,0.33182861881568493,0.7919840068213198,144.99803161621094,47.75204086303711,255.0,249.0,254.0,0.09800056322162772,0.2981316149234772,0.07378140836954117,0.046241629868745804,0.06764345616102219,0.06784145534038544,0.04642162844538689,0.07626538723707199,0.32367339730262756,3.691089628430657,0.6098811639368156,0.24786717181341528,0.7696822860780583
C:\Users\Administrator\Desktop\机器学习版本记录\纹理识别模型\glint\glint_009.jpg,glint_009.jpg,glint,0,114.5219497680664,133.91392517089844,137.5837860107422,41.396358489990234,41.300392150878906,41.694007873535156,0.8551907411176612,0.8323796884521345,0.9733263495679384,-19.39197540283203,-23.06183624267578,23.06183624267578,20165.7578125,14241.966796875,16667.490234375,-0.05367981642484665,-0.0643337070941925,94.11865997314453,56.16294479370117,137.67991638183594,49.75080490112305,41.65961837768555,128.5031280517578,41.12716293334961,255.0,182.0,245.0,0.024114132608681848,0.21496900916099548,0.08270799368619919,0.016685154289007187,0.05634583905339241,0.03325285390019417,0.010753670707345009,0.01950407773256302,0.04929853230714798,0.04387601837515831,0.02041761763393879,0.008665579371154308,0.031791191548109055,0.05516476184129715,0.018969004973769188,0.08033278584480286,0.2572658956050873,2.281058906109704,0.6676722445821731,0.253004832576104,0.8019597978972052,6.577970634647827,82.70203399658203,87.24014282226562,21551.990234375,0.15739641109298533,0.02881886464194628,204.15487670898438,208.07843017578125,210.1484832763672,33.306339263916016,31.920291900634766,31.662199020385742,98.4481201171875,8.77924633026123,210.60960388183594,28.230873107910156,6.666723728179932,31.719532012939453,0.3641207814216614,0.05565423145890236,0.07637655735015869,0.05624629929661751,0.04381290823221207,0.044997040182352066,0.05743043124675751,0.30136173963546753,6.327990045381351,0.41707426078270066,0.1814894394306175,0.19763714097525537,6.579484291515575,146.2881622314453,79.58861541748047,62517.296875,0.27412670219064533,1.611850066438332,0.156317411884151,0.001513656867747848,0.9999999375000038,0.3993928626309962,850.920654296875,93.17579650878906,0.005092953331768513,0.23973184823989868,879.1668701171875,92.24063110351562,0.13105808198451996,0.10426485538482666,0.12119397521018982,0.1256706714630127,0.1205129623413086,0.10582631826400757,0.09081489592790604,0.08399540185928345,0.11666286736726761,1.005149006843567,0.13105808198451996,3.1562016010284424,122.0,0.02881886464194628,0.0029206163770203325,1.1379309952437588,0.31168580145536867,40.31743033428752,0.3048091232776642,0.07184339314699173,0.04569004848599434,0.06929200887680054,0.062440454959869385,0.04131158068776131,0.07250244915485382,0.3321109414100647,6.468280522417668,0.4607632362357956,0.13521442770872574,0.6255045336561171,162.99130249023438,120.12390899658203,61383.5234375,0.32873083197389885,128.67547607421875,38.19564437866211,254.0,181.0,217.0,0.008790873751873778,0.3006554841995239,0.07456256449222565,0.041946396231651306,0.07001638412475586,0.06557593494653702,0.03808743506669998,0.08151397854089737,0.3276418149471283,1.5978350348403825,0.6798170379525847,0.2655244841386918,0.8232353493919553,148.95703125,27.663543701171875,255.0,213.0,251.0,0.0438232421875,0.295013427734375,0.077880859375,0.0479888916015625,0.066650390625,0.067901611328125,0.0467681884765625,0.0730743408203125,0.3247222900390625,2.705487126357392,0.6162533648827079,0.25871551211384136,0.5553268018183346
C:\Users\Administrator\Desktop\机器学习版本记录\纹理识别模型\glint\glint_010.jpg,glint_010.jpg,glint,0,105.60137176513672,130.14346313476562,134.5126495361328,37.540279388427734,33.96554183959961,34.319644927978516,0.8114227822903562,0.7850664702854105,0.9675183903970911,-24.542091369628906,-28.911277770996094,28.911277770996094,5579.11279296875,4331.1240234375,4563.1796875,-0.07298047840595245,-0.0867697224020958,95.1653060913086,61.68865203857422,134.58346557617188,32.75177764892578,34.33806610107422,123.30139923095703,34.808109283447266,255.0,188.0,251.0,0.032399293503092626,0.22049733996391296,0.07204800099134445,0.016915015876293182,0.05373493954539299,0.039166152477264404,0.01211873721331358,0.02016790397465229,0.05159633606672287,0.0467931367456913,0.021143769845366478,0.009890163317322731,0.036778394132852554,0.05576280131936073,0.020437825471162796,0.074027419090271,0.24892204999923706,2.743158100637262,0.6663767818281351,0.307853600200842,0.687952193551902,6.392072363275841,83.52350616455078,96.33232116699219,25881.76953125,0.12871054143279326,0.043999208941386675,203.27635192871094,206.4888458251953,211.6703338623047,38.6808967590332,37.6782341003418,36.68639373779297,110.29835510253906,11.777433395385742,211.88003540039062,18.1805477142334,6.953797340393066,36.652618408203125,0.3594752252101898,0.04431486874818802,0.07609329372644424,0.06268221884965897,0.04256559908390045,0.051020409911870956,0.06559766829013824,0.2982507348060608,8.420135799578555,0.3891999071532123,0.18828822813336085,0.21415725933532823,6.675778605786739,182.90032958984375,95.22676086425781,86516.2109375,0.3206997084548105,1.671744958910394,0.1909173375534923,0.28370624251089804,0.9999999375000038,0.4406186180024299,500.759521484375,71.77173614501953,0.0071500493213534355,0.3037036657333374,475.19219970703125,69.682373046875,0.14391487836837769,0.11109832674264908,0.10699732601642609,0.1139686107635498,0.11003336310386658,0.1011633649468422,0.09386347234249115,0.08950336277484894,0.12945732474327087,1.081735610961914,0.14391487836837769,3.1553432941436768,73.0,0.043999208941386675,0.02533432442920823,1.8441558202057686,0.039936313512577336,314.66025543414844,0.29936257004737854,0.06800612062215805,0.05258604511618614,0.07107213884592056,0.06697488576173782,0.04742295295000076,0.07665049284696579,0.3179247975349426,6.6266013047223264,0.46579792944312315,0.15370511851554697,0.49812816873263915,153.45494079589844,123.24202728271484,63582.17578125,0.3145058032902614,123.40370178222656,31.643892288208008,254.0,184.0,227.0,0.014754813723885889,0.28937259316444397,0.07718643546104431,0.04882257804274559,0.07598953694105148,0.06844624876976013,0.04178032651543617,0.07983076572418213,0.3185715079307556,2.1147018536491355,0.6988841575433549,0.33856877134318497,0.703287754055548,138.24441528320312,34.299522399902344,255.0,231.0,252.0,0.059844970703125,0.283416748046875,0.0781402587890625,0.049560546875,0.0662841796875,0.0713348388671875,0.052215576171875,0.0774383544921875,0.3216094970703125,3.9123019070641956,0.5989176855422977,0.2740402406137078,0.5719941410159753
C:\Users\Administrator\Desktop\机器学习版本记录\纹理识别模型\glint\glint_011.jpg,glint_011.jpg,glint,0,107.69690704345703,136.90968322753906,140.97262573242188,38.990665435791016,33.889034271240234,33.97636795043945,0.7866273861567643,0.7639561632619288,0.9711792026646803,-29.21277618408203,-33.275718688964844,33.275718688964844,4140.1396484375,3976.72021484375,2635.730224609375,-0.08333548158407211,-0.09651318192481995,94.03509521484375,67.20347595214844,141.04624938964844,33.20269012451172,34.01287841796875,128.6291046142578,35.09733963012695,255.0,200.0,253.0,0.039569177979602674,0.2258048951625824,0.07683983445167542,0.017059436067938805,0.049737732857465744,0.03859223425388336,0.01330980658531189,0.021098557859659195,0.05131616070866585,0.04394097253680229,0.02153969183564186,0.00906390231102705,0.03324349969625473,0.05306001380085945,0.021119236946105957,0.07089832425117493,0.25337570905685425,2.0593312293768915,0.7043176794361895,0.3624191608693266,0.7688123598360653,6.296073477502866,72.68601989746094,90.28197479248047,19076.30859375,0.09538809354774229,0.06629811685525593,210.09036254882812,213.88970947265625,216.66738891601562,37.49335861206055,35.55500793457031,34.743431091308594,100.27552032470703,8.976073265075684,216.82666015625,32.546966552734375,7.211141109466553,34.78868103027344,0.3718373477458954,0.047590360045433044,0.07138554006814957,0.07018072158098221,0.041415661573410034,0.03900602459907532,0.07530120760202408,0.28328314423561096,6.190776530494155,0.45735098575653527,0.24448669667587727,0.3344613343695065,6.45690675214339,168.3055419921875,96.11577606201172,60465.4921875,0.3316265060240964,1.6564706875638922,0.13356560809297124,0.16083327464052388,0.9999999375000038,0.43969065121373047,543.0879516601562,71.97547912597656,0.009777355007827282,0.32328999042510986,481.379150390625,70.3735122680664,0.14182692766189575,0.09972751140594482,0.10313033312559128,0.11130387336015701,0.11696884036064148,0.1100616380572319,0.0996357873082161,0.08813004195690155,0.12921510636806488,1.0576443672180176,0.14182692766189575,3.1561758518218994,63.0,0.06629811685525593,0.0450974251436861,2.1025640756081527,0.12672163064590314,99.1651586898926,0.3068837523460388,0.06683163344860077,0.05194339528679848,0.073262520134449,0.06416415423154831,0.04321034625172615,0.07277314364910126,0.320931077003479,5.247713487684324,0.48897127303429483,0.16837079173474517,0.5675491557581598,137.06640625,112.40628051757812,49309.8515625,0.2954832128259386,128.81349182128906,32.4952392578125,255.0,198.0,242.0,0.030161844041196664,0.29261788725852966,0.06887740641832352,0.046825528144836426,0.07890351861715317,0.07393211871385574,0.03835471719503403,0.08398599922657013,0.31650280952453613,1.7971928956340042,0.739576273531454,0.4091261633650838,0.7629421906052118,142.9398193359375,34.1412467956543,255.0,239.0,254.0,0.06756591796875,0.2957000732421875,0.073272705078125,0.04925537109375,0.0698089599609375,0.0682830810546875,0.0451812744140625,0.0747222900390625,0.3237762451171875,2.4273704002148806,0.6617386390336029,0.32499624096324936,0.727311481861932
C:\Users\Administrator\Desktop\机器学习版本记录\纹理识别模型\glint\glint_012.jpg,glint_012.jpg,glint,0,110.7537612915039,132.86489868164062,137.52420043945312,52.73274612426758,52.00353240966797,52.445945739746094,0.8335817929105617,0.8053401520041892,0.9661201249740482,-22.11113739013672,-26.77043914794922,26.77043914794922,21942.92578125,16465.3828125,21065.8046875,-0.06618021428585052,-0.08917325735092163,94.27399444580078,69.53970336914062,137.65350341796875,57.642120361328125,52.420867919921875,126.7803726196289,51.956546783447266,255.0,234.0,254.0,0.06183603821424369,0.2242327481508255,0.07892398536205292,0.016857659444212914,0.04915599152445793,0.036504313349723816,0.012359284795820713,0.020231440663337708,0.049459632486104965,0.042543381452560425,0.020838722586631775,0.009266652166843414,0.033119287341833115,0.051540132611989975,0.0188144538551569,0.0737733468413353,0.2623789608478546,3.0269675063652812,0.6414946022232779,0.2531264182464725,0.8327021836448032,6.661726820785557,97.37004852294922,109.79850006103516,29864.068359375,0.1514153012224334,0.05719298620930972,228.27552795410156,229.71231079101562,231.80209350585938,27.82990837097168,27.38475227355957,26.807891845703125,98.21174621582031,4.717732906341553,232.00112915039062,41.3394660949707,3.8730571269989014,26.807952880859375,0.39208048582077026,0.031807854771614075,0.09509899467229843,0.06945797055959702,0.035702694207429886,0.03278156369924545,0.08114248514175415,0.26192793250083923,4.051010852200738,0.5469412511554307,0.36215864543473153,0.22604343384079412,5.860776524102014,128.0067901611328,82.02576446533203,41791.95703125,0.2590068159688413,1.8103071242147246,0.06784229166834255,-0.8009502966835429,0.4999999687500019,0.011458017142134435,526.9041748046875,63.152259826660156,0.004747540690004826,0.18909502029418945,428.1023864746094,57.598052978515625,0.15167734026908875,0.09560396522283554,0.1009170264005661,0.11406281590461731,0.11423343420028687,0.10938334465026855,0.09505578875541687,0.08298918604850769,0.13607707619667053,1.0835052728652954,0.15167734026908875,3.1467061042785645,45.0,0.05719298620930972,0.036705786697370305,2.603773535777858,0.06692887671072799,187.7570822679415,0.3087797164916992,0.06513646990060806,0.04905477911233902,0.07036583125591278,0.061740197241306305,0.04347679391503334,0.06983727216720581,0.33160895109176636,7.328494900952678,0.44143649730373036,0.13585055254333067,0.664632300027056,171.98927307128906,130.18016052246094,71924.2421875,0.3412917083703512,127.36083984375,48.705787658691406,255.0,216.0,248.0,0.04539987973541792,0.2971360385417938,0.07334312796592712,0.04474940150976181,0.076693594455719,0.0699467584490776,0.03859923034906387,0.07958509027957916,0.3199467658996582,2.5362733825675496,0.6687052258696011,0.2811572409853582,0.8322939935854824,145.6109619140625,56.99922561645508,255.0,251.0,254.0,0.12015637824528057,0.2956671416759491,0.07252383977174759,0.04754139110445976,0.0670652985572815,0.06828837096691132,0.0454123355448246,0.073837511241436,0.32966411113739014,4.460841513179663,0.5784184537032662,0.21261415663683725,0.7934672225709678
C:\Users\Administrator\Desktop\机器学习版本记录\纹理识别模型\glint\glint_014.jpg,glint_014.jpg,glint,0,100.96531677246094,125.3829345703125,129.89979553222656,40.242305755615234,35.85158157348633,36.09233093261719,0.805255645939486,0.7772553881361367,0.9652281059517019,-24.417617797851562,-28.934478759765625,28.934478759765625,4228.92138671875,2240.78076171875,2472.47607421875,-0.07650677114725113,-0.09443079680204391,95.55245208740234,64.39956665039062,129.95458984375,33.73592758178711,36.10557174682617,118.58995056152344,36.93006134033203,255.0,198.0,251.0,0.03825073362701109,0.21699251234531403,0.06764476746320724,0.01691119186580181,0.05626727268099785,0.0391562320291996,0.011866778135299683,0.019385160878300667,0.052897438406944275,0.05255976319313049,0.01983998529613018,0.010247328318655491,0.03748854249715805,0.05896176025271416,0.019268007948994637,0.07420526444911957,0.24630799889564514,3.426925789246664,0.6485794206074785,0.3018420342616398,0.6612008388702388,6.489985033049413,96.68172454833984,107.92900848388672,33568.921875,0.14887224262805715,0.0394286220064993,205.0210723876953,208.34864807128906,213.1636962890625,39.59626007080078,38.8542366027832,37.72526550292969,107.44621276855469,11.222068786621094,213.346923828125,20.33724021911621,7.017879962921143,37.69490432739258,0.3590218722820282,0.042237866669893265,0.0841052234172821,0.06113375350832939,0.04520192742347717,0.051500555127859116,0.07373101264238358,0.2830677926540375,9.058406792493644,0.3937908597069844,0.206840921425236,0.20548211597337818,6.605504229532846,191.50576782226562,102.45726776123047,100351.1484375,0.31233790292701,1.7531697011332568,0.1742568963745679,0.115519196483433,0.9999999375000038,0.43973376847971807,453.92486572265625,73.01274108886719,0.008467176929116249,0.3041508197784424,425.1139831542969,70.382080078125,0.1505226492881775,0.11307418346405029,0.10640501230955124,0.10411430895328522,0.10505859553813934,0.09594444930553436,0.09339617192745209,0.09587167203426361,0.13561297953128815,1.1297593116760254,0.1505226492881775,3.1511783599853516,104.0,0.0394286220064993,0.016231710389137337,2.0980391745482514,0.09017379605588235,139.3572319087311,0.2917008399963379,0.07066314667463303,0.05256665498018265,0.07189668715000153,0.07131092995405197,0.04759115353226662,0.07955978810787201,0.314710795879364,7.158871194122843,0.44912415148364804,0.1427614652715255,0.5272709589405831,166.13986206054688,130.19729614257812,69353.640625,0.3280936662279221,118.71976470947266,32.42119216918945,254.0,186.0,226.0,0.01421723499291862,0.28185221552848816,0.0763343945145607,0.05057534947991371,0.07533619552850723,0.06735061854124069,0.04907805472612381,0.08495771884918213,0.31451547145843506,2.444091080811897,0.6663181937333721,0.32897772338646186,0.6828288198400395,133.38096618652344,37.3335075378418,255.0,237.0,253.0,0.066009521484375,0.2794342041015625,0.0801849365234375,0.0492095947265625,0.0691986083984375,0.072052001953125,0.05072021484375,0.0796966552734375,0.3195037841796875,4.562399754422317,0.5916289183680148,0.2614698874573738,0.5804226603729098
C:\Users\Administrator\Desktop\机器学习版本记录\纹理识别模型\glint\glint_015.jpg,glint_015.jpg,glint,0,103.6622543334961,128.23545837402344,132.26377868652344,43.136619567871094,40.96913146972656,41.51275634765625,0.8083743360808273,0.7837539088871086,0.9695432769118842,-24.573204040527344,-28.601524353027344,28.601524353027344,15852.4541015625,9875.87109375,7289.57080078125,-0.06934399902820587,-0.09206373244524002,94.89879608154297,67.35726928710938,132.2853240966797,44.69257736206055,41.458457946777344,121.35517120361328,41.39131546020508,255.0,209.0,251.0,0.0431982120548186,0.2179626077413559,0.06462282687425613,0.01611863262951374,0.051715023815631866,0.04003223776817322,0.013088329695165157,0.019490651786327362,0.059445519000291824,0.055132173001766205,0.020386846736073494,0.010980012826621532,0.037208251655101776,0.05486782640218735,0.020128948614001274,0.06279819458723068,0.2560219168663025,3.231782128545936,0.6698702399947674,0.3111629752853789,0.7297221265029394,6.408024317165793,88.56237030029297,104.21831512451172,31972.14453125,0.13851063829787233,0.04296592985050464,211.1092987060547,213.58314514160156,218.9529571533203,37.049583435058594,36.437538146972656,35.29987716674805,111.7412338256836,10.164231300354004,218.9710693359375,15.200139045715332,5.935945510864258,35.30160903930664,0.36622291803359985,0.044896893203258514,0.08692247420549393,0.06369094550609589,0.04124249517917633,0.056904204189777374,0.06604019552469254,0.2740798890590668,8.039294097192037,0.40520490004423027,0.21855273037026932,0.18926997883329472,6.582262112520906,178.98619079589844,100.76935577392578,87503.1484375,0.3140172278778387,1.7589279299353933,0.15090028525546118,0.17423779535511308,0.9999999375000038,0.39238794187709586,758.306396484375,91.1163330078125,0.008238105103373528,0.29799020290374756,731.4698486328125,88.3532485961914,0.1511250138282776,0.0939379632472992,0.0864575132727623,0.08855462074279785,0.09670308977365494,0.09985186904668808,0.10600753873586655,0.1181672215461731,0.15919514000415802,1.2042009830474854,0.15919514000415802,3.1347737312316895,65.0,0.04296592985050464,0.024038069169722717,2.0781249675292974,0.0882173854184338,142.4477788754368,0.28742101788520813,0.06611863523721695,0.054074790328741074,0.07869116961956024,0.07519664615392685,0.04863958805799484,0.07630561292171478,0.3135525584220886,7.175209088773029,0.47690912220986537,0.1522319164105824,0.5411226258849818,156.6951904296875,131.3758087158203,71254.4921875,0.3144745325596389,121.35499572753906,37.83995056152344,254.0,193.0,233.0,0.02012042147516307,0.2759186923503876,0.07258274406194687,0.05655460059642792,0.08232994377613068,0.07531926035881042,0.04985665902495384,0.08141777664422989,0.3060203194618225,2.09850378049482,0.6945898315628725,0.34161676000347063,0.7753722535089599,137.55209350585938,35.705020904541016,255.0,238.0,253.0,0.0691986083984375,0.2772064208984375,0.0694122314453125,0.054718017578125,0.07879638671875,0.08087158203125,0.05401611328125,0.074005126953125,0.31097412109375,3.971628103296113,0.6280530593446113,0.31633693332217827,0.5989380471280932
C:\Users\Administrator\Desktop\机器学习版本记录\纹理识别模型\glint\glint_016.jpg,glint_016.jpg,glint,0,103.26324462890625,126.22460174560547,130.57327270507812,42.34041213989258,41.603309631347656,42.24795913696289,0.8180912625807522,0.7908451836946648,0.9666955431530738,-22.96135711669922,-27.310028076171875,27.310028076171875,15309.328125,14648.2998046875,15569.6669921875,-0.06955058872699738,-0.08512204140424728,94.54239654541016,67.22684478759766,130.663818359375,48.365875244140625,42.21579360961914,119.85106658935547,41.60767364501953,255.0,190.0,251.0,0.03345803330333033,0.21795281767845154,0.07076645642518997,0.018109984695911407,0.05300571769475937,0.03940685838460922,0.011779856868088245,0.01977618969976902,0.05189976468682289,0.04630451649427414,0.021165907382965088,0.009647986851632595,0.0357106477022171,0.05581425875425339,0.02005995437502861,0.07305112481117249,0.25554797053337097,2.837195493789517,0.6655387298251341,0.2931375741973259,0.7594652035146849,6.440282944550143,86.88423919677734,100.74732971191406,27765.228515625,0.1371964085624063,0.04303555355505291,204.5176544189453,207.7160186767578,212.83888244628906,38.287776947021484,37.26445770263672,36.274681091308594,109.97761535644531,11.584477424621582,213.0526123046875,19.192258834838867,6.844327926635742,36.23202896118164,0.3651387691497803,0.041471779346466064,0.07982537895441055,0.0632990300655365,0.042719051241874695,0.046460866928100586,0.06267539411783218,0.29840973019599915,8.204790538190132,0.39214726552563,0.19208112628836932,0.2156928045321691,6.644416026025676,181.11767578125,95.14324951171875,84645.890625,0.31524789522918617,1.7300161627933,0.17231921695720467,0.20413308147553355,0.9999999375000038,0.45757173456158845,2242.6279296875,135.22799682617188,0.005801936145871878,0.2580735683441162,2574.10205078125,140.00572204589844,0.14818669855594635,0.10884890705347061,0.10559353232383728,0.11220523715019226,0.10906250029802322,0.10018481314182281,0.09184130281209946,0.08693461865186691,0.13714241981506348,1.1061359643936157,0.14818669855594635,3.150024890899658,82.0,0.04303555355505291,0.017193125562435352,1.8441558202057686,0.04092941128702591,307.0254424398767,0.29607531428337097,0.06898383051156998,0.052547331899404526,0.07113753259181976,0.06605887413024902,0.04607895761728287,0.07618708163499832,0.32293108105659485,6.9068427640658605,0.464971633732677,0.1460228438861399,0.5794372198405391,159.19744873046875,127.1058120727539,67707.0703125,0.32100292495525257,119.94271850585938,38.17060089111328,254.0,185.0,227.0,0.014961050648218455,0.2844047546386719,0.07562580704689026,0.04933012276887894,0.08056175708770752,0.06795745342969894,0.04263133183121681,0.08200141042470932,0.31748735904693604,1.8969629135366668,0.6903020774720954,0.321729658667065,0.7977048087441598,140.12315368652344,35.628257751464844,255.0,237.0,253.0,0.0677642822265625,0.28369140625,0.077880859375,0.0493011474609375,0.0661468505859375,0.0717926025390625,0.0511932373046875,0.0768585205078125,0.3231353759765625,4.18754460688385,0.5850283998720609,0.2616570811964387,0.5755658676767275
C:\Users\Administrator\Desktop\机器学习版本记录\纹理识别模型\glint\glint_017.jpg,glint_017.jpg,glint,0,120.89167785644531,137.2480926513672,141.2944793701172,44.15158462524414,43.509437561035156,43.724884033203125,0.8808259163404494,0.8556008524874625,0.9713620255501093,-16.356414794921875,-20.402801513671875,20.402801513671875,19724.62890625,15628.5478515625,12482.8251953125,-0.041321322321891785,-0.05290019139647484,94.68864440917969,49.80516815185547,141.42437744140625,48.91093826293945,43.72211456298828,132.79624938964844,43.53322982788086,255.0,201.0,249.0,0.03520392630792365,0.21949297189712524,0.08353441953659058,0.01670880801975727,0.05730793997645378,0.032475460320711136,0.011123182252049446,0.019775614142417908,0.048867013305425644,0.04481959715485573,0.020573560148477554,0.009671496227383614,0.03329263627529144,0.05175115540623665,0.017227953299880028,0.08415932208299637,0.2492188811302185,3.0795194696041284,0.6172809678546333,0.21774147376977573,0.7505919964163741,6.752083366855921,101.20928192138672,98.38837432861328,29734.52734375,0.21422459790226597,0.02360766441853919,214.5404510498047,216.83547973632812,218.636962890625,29.8393611907959,29.362030029296875,29.244464874267578,99.65377044677734,6.829230308532715,219.45330810546875,31.084217071533203,5.410913467407227,29.109460830688477,0.3542354106903076,0.044004399329423904,0.07150714844465256,0.057205721735954285,0.045104511082172394,0.049504950642585754,0.058305829763412476,0.3201320171356201,5.562557558216024,0.43873327526515576,0.21109996249059465,0.16433263776919083,6.439757360904737,131.9646453857422,75.03573608398438,55226.88671875,0.23102310231023102,1.6291209681830243,0.13711890602580748,-0.3123260059511832,0.4999999687500019,0.005655635739464458,277.0138244628906,45.78675842285156,0.002362020779401064,0.14256727695465088,219.12173461914062,40.658363342285156,0.13466161489486694,0.09870404750108719,0.11788371205329895,0.12569017708301544,0.12037229537963867,0.10475271195173264,0.09200339019298553,0.08492594957351685,0.12100612372159958,1.0170526504516602,0.13466161489486694,3.1551051139831543,80.0,0.02360766441853919,0.0026199987084271708,1.181818128099176,0.2586895864365741,48.57702523824457,0.31009355187416077,0.0723247155547142,0.04580020532011986,0.06883490085601807,0.0631435215473175,0.04328138753771782,0.06836382299661636,0.328157901763916,7.841768674902452,0.42388571179159584,0.11974222361043176,0.5834623979421139,184.69361877441406,126.84912109375,75759.96875,0.3516925118009556,133.0040283203125,40.76343536376953,255.0,191.0,223.0,0.012370753323485967,0.31063762307167053,0.07178748399019241,0.041210610419511795,0.06960619986057281,0.06364662945270538,0.0403536781668663,0.0706578865647316,0.33209988474845886,2.626376957102399,0.6381655143051829,0.23141395918081953,0.7322779690088501,147.85275268554688,45.55760192871094,255.0,232.0,252.0,0.06552337210163715,0.29304739832878113,0.07637272775173187,0.04746610298752785,0.06760265678167343,0.0677565187215805,0.049158573150634766,0.0684681236743927,0.33012789487838745,4.22698857207513,0.5729659968943086,0.23038690198034914,0.6832541407575725
C:\Users\Administrator\Desktop\机器学习版本记录\纹理识别模型\glint\glint_020.jpg,glint_020.jpg,glint,0,107.5639877319336,130.63185119628906,135.19964599609375,39.50957107543945,36.40082550048828,36.7490348815918,0.823413171623002,0.7955937025119701,0.9662144398946791,-23.06786346435547,-27.635658264160156,27.635658264160156,5066.83203125,4851.55419921875,5920.2939453125,-0.0696500912308693,-0.08504097908735275,95.5666275024414,60.154903411865234,135.2779998779297,35.58899688720703,36.76627731323242,124.2495346069336,37.12221145629883,255.0,196.0,251.0,0.036230992758413925,0.22168216109275818,0.07084938138723373,0.017563633620738983,0.05376318842172623,0.03771797940135002,0.011889108456671238,0.020005635917186737,0.05250305309891701,0.04720421880483627,0.02060048282146454,0.01037068385630846,0.03730315342545509,0.055688612163066864,0.020170001313090324,0.07445759326219559,0.24823111295700073,3.0526507419443547,0.6478404961385501,0.28974758985605736,0.6915569431843129,6.490637931628953,90.55130004882812,101.59297943115234,29217.708984375,0.14487649103033717,0.04097415476360316,208.22232055664062,210.74896240234375,215.9142608642578,36.88673782348633,36.30226516723633,35.206172943115234,111.11351013183594,10.699999809265137,216.14671325683594,19.38296890258789,6.354554176330566,35.13955307006836,0.3592880964279175,0.041156839579343796,0.08008898794651031,0.06377456337213516,0.04152762144804001,0.046718575060367584,0.0708194300532341,0.29662588238716125,7.671957671957671,0.40299810398288766,0.20598235628753855,0.21246842196953336,6.572911558001527,175.20318603515625,94.78214263916016,80076.1015625,0.3018168335187245,1.694921799355273,0.17787410542630036,0.08227362637257407,0.4999999687500019,0.00332610102570767,293.57354736328125,48.762046813964844,0.004027498420327902,0.20067822933197021,245.0323486328125,44.627952575683594,0.14774325489997864,0.10712981224060059,0.10819834470748901,0.11195845156908035,0.10854433476924896,0.10301019251346588,0.09219885617494583,0.0883442610502243,0.13287246227264404,1.096323013305664,0.14774325489997864,3.1524147987365723,69.0,0.04097415476360316,0.011239064589941429,1.3529411565743947,0.062370823600619366,201.47834965572576,0.29924705624580383,0.06882220506668091,0.05100028216838837,0.07226604968309402,0.06750728189945221,0.04822172224521637,0.07618734240531921,0.3167480528354645,7.2519105406064925,0.4497075791554228,0.14357455626026083,0.5045674850866786,162.4560089111328,127.92411041259766,70109.1328125,0.3244575936883629,124.26190948486328,33.57746124267578,254.0,188.0,228.0,0.016621094350056837,0.28849664330482483,0.07733937352895737,0.04776288568973541,0.0764269083738327,0.06793153285980225,0.045969415456056595,0.0791957676410675,0.31687748432159424,2.2060261724025523,0.6782270902723595,0.3183019434603748,0.7234309619692574,137.6354217529297,42.65630340576172,255.0,238.0,253.0,0.07011988933292346,0.2819775640964508,0.07847119867801666,0.04650145396590233,0.07095534354448318,0.07173661887645721,0.05248601362109184,0.07631488144397736,0.3215569257736206,4.750182272276,0.5792299208164289,0.24637986790005384,0.6365554239008214
C:\Users\Administrator\Desktop\机器学习版本记录\纹理识别模型\glint\glint_021.jpg,glint_021.jpg,glint,0,110.67874145507812,134.28419494628906,138.6649169921875,41.40711212158203,36.374080657958984,36.56338119506836,0.8242127130086653,0.7981740663583983,0.9684078488681236,-23.605453491210938,-27.986175537109375,27.986175537109375,326.5302429199219,61.372798919677734,455.4705505371094,-0.07146157324314117,-0.08878113329410553,96.16642761230469,58.3795166015625,138.671142578125,31.801651000976562,36.56675720214844,127.72623443603516,37.706119537353516,255.0,223.0,252.0,0.05260207560033331,0.22384287416934967,0.06370419263839722,0.016869163140654564,0.05040130019187927,0.04007666930556297,0.012562142685055733,0.01938159205019474,0.057724762707948685,0.05510542169213295,0.019862694665789604,0.011798486113548279,0.03940465301275253,0.055143605917692184,0.01928231678903103,0.06630062311887741,0.2485395073890686,3.8324789381278377,0.6345711527549165,0.2944749342655331,0.6406704993100363,6.5197077257919105,99.735107421875,109.087158203125,37392.37109375,0.16463661425440437,0.03644420877178665,218.67782592773438,220.29287719726562,225.47889709472656,33.33241653442383,33.02652359008789,31.716188430786133,113.64955139160156,8.695074081420898,225.5223388671875,16.921974182128906,5.177812576293945,31.728919982910156,0.3842281997203827,0.033557046204805374,0.09479865431785583,0.07046979665756226,0.03229865804314613,0.052013423293828964,0.07214765250682831,0.26048657298088074,6.815209027955887,0.4411477036833463,0.2589118866718315,0.16526567630646224,6.350732358029752,161.89234924316406,96.70758056640625,75989.1875,0.2873322147651007,1.725550275705565,0.14894049212198662,-0.16897536776215816,0.4999999687500019,6.055644175105112e-05,403.0806579589844,67.21656799316406,0.004491562955081463,0.19806814193725586,335.08056640625,61.44036865234375,0.15149874985218048,0.09207019209861755,0.08521878719329834,0.0885959193110466,0.09905654191970825,0.10083445906639099,0.1064661517739296,0.11759795993566513,0.15866121649742126,1.198500156402588,0.15866121649742126,3.1346092224121094,69.0,0.03644420877178665,0.018286493447327575,1.5079364840010083,0.06344673204213504,198.06174730610127,0.29284682869911194,0.06567442417144775,0.053906481713056564,0.0767856165766716,0.07435718923807144,0.051195502281188965,0.0757623165845871,0.30947163701057434,8.503430579042178,0.4359727208588891,0.13734673425239247,0.4401374796266475,173.15174865722656,137.04981994628906,83534.375,0.3336184316031432,127.76973724365234,32.4476318359375,253.0,200.0,235.0,0.024952305968567363,0.2817681133747101,0.0724107176065445,0.05441569909453392,0.08160816878080368,0.07274908572435379,0.05247777700424194,0.07788612693548203,0.30668431520462036,2.2570605935633656,0.6608513875044306,0.32086882338333356,0.7161488605319433,141.3758087158203,40.69733810424805,255.0,245.0,253.0,0.0902293500984237,0.2796025574207306,0.06926340609788895,0.0538020096719265,0.07729173451662064,0.07926066219806671,0.05575567111372948,0.07439176738262177,0.31063219904899597,5.075504134768511,0.5919899029606646,0.2808502018807826,0.5905400627155893
C:\Users\Administrator\Desktop\机器学习版本记录\纹理识别模型\glint\glint_022.jpg,glint_022.jpg,glint,0,114.5219497680664,133.91392517089844,137.5837860107422,41.396358489990234,41.300392150878906,41.694007873535156,0.8551907411176612,0.8323796884521345,0.9733263495679384,-19.39197540283203,-23.06183624267578,23.06183624267578,20165.7578125,14241.966796875,16667.490234375,-0.05367981642484665,-0.0643337070941925,94.11865997314453,56.16294479370117,137.67991638183594,49.75080490112305,41.65961837768555,128.5031280517578,41.12716293334961,255.0,182.0,245.0,0.024114132608681848,0.21496900916099548,0.08270799368619919,0.016685154289007187,0.05634583905339241,0.03325285390019417,0.010753670707345009,0.01950407773256302,0.04929853230714798,0.04387601837515831,0.02041761763393879,0.008665579371154308,0.031791191548109055,0.05516476184129715,0.018969004973769188,0.08033278584480286,0.2572658956050873,2.281058906109704,0.6676722445821731,0.253004832576104,0.8019597978972052,6.577970634647827,82.70203399658203,87.24014282226562,21551.990234375,0.15739641109298533,0.02881886464194628,204.15487670898438,208.07843017578125,210.1484832763672,33.306339263916016,31.920291900634766,31.662199020385742,98.4481201171875,8.77924633026123,210.60960388183594,28.230873107910156,6.666723728179932,31.719532012939453,0.3641207814216614,0.05565423145890236,0.07637655735015869,0.05624629929661751,0.04381290823221207,0.044997040182352066,0.05743043124675751,0.30136173963546753,6.327990045381351,0.41707426078270066,0.1814894394306175,0.19763714097525537,6.579484291515575,146.2881622314453,79.58861541748047,62517.296875,0.27412670219064533,1.611850066438332,0.156317411884151,0.001513656867747848,0.9999999375000038,0.3993928626309962,850.920654296875,93.17579650878906,0.005092953331768513,0.23973184823989868,879.1668701171875,92.24063110351562,0.13105808198451996,0.10426485538482666,0.12119397521018982,0.1256706714630127,0.1205129623413086,0.10582631826400757,0.09081489592790604,0.08399540185928345,0.11666286736726761,1.005149006843567,0.13105808198451996,3.1562016010284424,122.0,0.02881886464194628,0.0029206163770203325,1.1379309952437588,0.31168580145536867,40.31743033428752,0.3048091232776642,0.07184339314699173,0.04569004848599434,0.06929200887680054,0.062440454959869385,0.04131158068776131,0.07250244915485382,0.3321109414100647,6.468280522417668,0.4607632362357956,0.13521442770872574,0.6255045336561171,162.99130249023438,120.12390899658203,61383.5234375,0.32873083197389885,128.67547607421875,38.19564437866211,254.0,181.0,217.0,0.008790873751873778,0.3006554841995239,0.07456256449222565,0.041946396231651306,0.07001638412475586,0.06557593494653702,0.03808743506669998,0.08151397854089737,0.3276418149471283,1.5978350348403825,0.6798170379525847,0.2655244841386918,0.8232353493919553,148.95703125,27.663543701171875,255.0,213.0,251.0,0.0438232421875,0.295013427734375,0.077880859375,0.0479888916015625,0.066650390625,0.067901611328125,0.0467681884765625,0.0730743408203125,0.3247222900390625,2.705487126357392,0.6162533648827079,0.25871551211384136,0.5553268018183346
C:\Users\Administrator\Desktop\机器学习版本记录\纹理识别模型\glint\glint_024.jpg,glint_024.jpg,glint,0,130.29627990722656,146.4536590576172,150.1048126220703,41.4393310546875,38.467838287353516,38.24177932739258,0.8896758186580379,0.8680353198751033,0.9756759661709058,-16.157379150390625,-19.80853271484375,19.80853271484375,6993.07373046875,5657.3203125,4804.5732421875,-0.04183780401945114,-0.05868970975279808,95.73887634277344,42.64512634277344,150.27102661132812,39.72365188598633,38.33793640136719,142.01454162597656,39.14265441894531,255.0,217.0,251.0,0.0472774248571769,0.21770323812961578,0.08850343525409698,0.014489698223769665,0.05835489556193352,0.03090241178870201,0.010547835379838943,0.019287653267383575,0.05673215165734291,0.048784539103507996,0.02119150385260582,0.007685673423111439,0.029145503416657448,0.05392748862504959,0.016936590895056725,0.082038015127182,0.24376936256885529,2.7360730564729954,0.6340036127607743,0.23150206658285627,0.7450758336801045,6.803629046970372,100.5845718383789,95.44452667236328,25474.638671875,0.20258744609487303,0.032854016291974604,222.5762481689453,224.0914306640625,225.6090850830078,26.30179214477539,25.789060592651367,25.6992130279541,95.91677856445312,5.710631847381592,226.5355987548828,39.80403518676758,5.724963665008545,25.53708267211914,0.38963037729263306,0.041067760437726974,0.09086242318153381,0.07546201348304749,0.04004106670618057,0.03747433423995972,0.06365503370761871,0.26180699467658997,4.002207087905158,0.5027616231081545,0.2669172267374313,0.18455604044735363,6.257386154432823,117.30062866210938,72.86544036865234,39563.1328125,0.20636550308008214,1.5758946452745488,0.1339105356980322,-0.5462428925375491,0.9999999375000038,0.39170884803691874,409.9684143066406,71.056884765625,0.003169124945998192,0.18773049116134644,361.9178771972656,68.02561950683594,0.11722598224878311,0.09099686145782471,0.10242503136396408,0.11036206781864166,0.12490906566381454,0.12401376664638519,0.11666883528232574,0.09893689304590225,0.1144615188241005,0.9707149267196655,0.12490906566381454,3.1628808975219727,128.0,0.032854016291974604,0.0013169199124479225,1.5882352006920468,0.4268557591586122,29.43938387350473,0.3102571368217468,0.0716371163725853,0.04250439256429672,0.07706756144762039,0.0673566535115242,0.03703561797738075,0.07089602202177048,0.32324549555778503,6.949757864464179,0.43971937020769336,0.11702876887453396,0.6211605245264249,184.60829162597656,128.4976043701172,64806.06640625,0.3467049992014055,142.0667724609375,36.018959045410156,255.0,203.0,234.0,0.024771217249592577,0.3141598701477051,0.07155920565128326,0.040107157081365585,0.07681409269571304,0.06808170676231384,0.03768578916788101,0.06803019344806671,0.32356199622154236,2.250292546425846,0.6284853309041613,0.23326213824889322,0.7356942479858397,152.255126953125,28.912504196166992,255.0,222.0,251.0,0.0528411865234375,0.30596923828125,0.0689697265625,0.0424041748046875,0.076263427734375,0.073150634765625,0.0387420654296875,0.0681304931640625,0.3263702392578125,2.697812823759641,0.6208048578151666,0.2761367277991334,0.5920998555914534
C:\Users\Administrator\Desktop\机器学习版本记录\纹理识别模型\glint\glint_025.jpg,glint_025.jpg,glint,0,127.77063751220703,145.16976928710938,148.7948760986328,39.52489471435547,36.66362380981445,36.52394485473633,0.880146309107666,0.8587032027151763,0.9756368775443766,-17.399131774902344,-21.02423858642578,21.02423858642578,6005.0185546875,4185.89111328125,6083.24169921875,-0.046784088015556335,-0.06033854931592941,95.49176788330078,43.58856964111328,148.92996215820312,35.98482131958008,36.599937438964844,140.3492431640625,37.301597595214844,255.0,208.0,250.0,0.04002589155678565,0.21624357998371124,0.08858232200145721,0.014672277495265007,0.058383673429489136,0.03143736347556114,0.010814724490046501,0.019559266045689583,0.05551596358418465,0.04829860478639603,0.020735763013362885,0.007839543744921684,0.029525555670261383,0.055233150720596313,0.01780017651617527,0.0825810506939888,0.2427769899368286,2.490971263012499,0.6467391668528572,0.23995607591670298,0.7513241078363608,6.745151033922116,94.31763458251953,92.31465911865234,23313.529296875,0.18719314916627072,0.03604171665465439,217.1373291015625,219.2057647705078,220.9373016357422,28.90237808227539,28.298377990722656,28.156343460083008,97.32202911376953,6.426072120666504,221.7174530029297,35.26836395263672,6.409799575805664,28.01224708557129,0.3776041567325592,0.0498511902987957,0.084449402987957,0.0703125,0.0435267873108387,0.0412946417927742,0.0740327388048172,0.2589285671710968,4.759177388107893,0.46563279384162415,0.23136770430303996,0.2053613324646558,6.41387984222623,134.12261962890625,79.50553894042969,48488.37109375,0.25037202380952384,1.5587395224061817,0.14742562158267591,-0.3312711916958859,0.9999999375000038,0.3163782706140007,321.73651123046875,56.321136474609375,0.0031897788867354393,0.17869561910629272,264.19854736328125,52.18085479736328,0.12149307131767273,0.09603825956583023,0.10395751148462296,0.11276852339506149,0.12652480602264404,0.11991113424301147,0.11216864734888077,0.09417587518692017,0.11296216398477554,0.9760846495628357,0.12652480602264404,3.1633825302124023,125.0,0.03604171665465439,0.0020813686812488135,1.999999913043482,0.20972537882221368,59.91821614855465,0.308790922164917,0.07220186293125153,0.043779272586107254,0.0759858787059784,0.06639856100082397,0.037506505846977234,0.07268829643726349,0.32264870405197144,6.538936428258599,0.4482621404462506,0.12106395428949789,0.6228350801082587,177.0357666015625,124.64275360107422,61046.07421875,0.3439444331319713,140.3966827392578,34.520164489746094,255.0,199.0,230.0,0.02023379288805604,0.3113211691379547,0.06908148527145386,0.041039858013391495,0.07244466990232468,0.06944507360458374,0.03672226518392563,0.07264918088912964,0.32729628682136536,2.1724013731780065,0.6426888478712771,0.24320510403956522,0.7400981553693591,150.57489013671875,27.309894561767578,255.0,214.0,250.0,0.0442047119140625,0.3028717041015625,0.0701904296875,0.0457611083984375,0.0765380859375,0.0720672607421875,0.0402069091796875,0.069488525390625,0.3228759765625,2.415498254096159,0.636231748952753,0.2887039649518182,0.5921709914740996
C:\Users\Administrator\Desktop\机器学习版本记录\纹理识别模型\glint\glint_026.jpg,glint_026.jpg,glint,0,100.96531677246094,125.3829345703125,129.89979553222656,40.242305755615234,35.85158157348633,36.09233093261719,0.805255645939486,0.7772553881361367,0.9652281059517019,-24.417617797851562,-28.934478759765625,28.934478759765625,4228.92138671875,2240.78076171875,2472.47607421875,-0.07650677114725113,-0.09443079680204391,95.55245208740234,64.39956665039062,129.95458984375,33.73592758178711,36.10557174682617,118.58995056152344,36.93006134033203,255.0,198.0,251.0,0.03825073362701109,0.21699251234531403,0.06764476746320724,0.01691119186580181,0.05626727268099785,0.0391562320291996,0.011866778135299683,0.019385160878300667,0.052897438406944275,0.05255976319313049,0.01983998529613018,0.010247328318655491,0.03748854249715805,0.05896176025271416,0.019268007948994637,0.07420526444911957,0.24630799889564514,3.426925789246664,0.6485794206074785,0.3018420342616398,0.6612008388702388,6.489985033049413,96.68172454833984,107.92900848388672,33568.921875,0.14887224262805715,0.0394286220064993,205.0210723876953,208.34864807128906,213.1636962890625,39.59626007080078,38.8542366027832,37.72526550292969,107.44621276855469,11.222068786621094,213.346923828125,20.33724021911621,7.017879962921143,37.69490432739258,0.3590218722820282,0.042237866669893265,0.0841052234172821,0.06113375350832939,0.04520192742347717,0.051500555127859116,0.07373101264238358,0.2830677926540375,9.058406792493644,0.3937908597069844,0.206840921425236,0.20548211597337818,6.605504229532846,191.50576782226562,102.45726776123047,100351.1484375,0.31233790292701,1.7531697011332568,0.1742568963745679,0.115519196483433,0.9999999375000038,0.43973376847971807,453.92486572265625,73.01274108886719,0.008467176929116249,0.3041508197784424,425.1139831542969,70.382080078125,0.1505226492881775,0.11307418346405029,0.10640501230955124,0.10411430895328522,0.10505859553813934,0.09594444930553436,0.09339617192745209,0.09587167203426361,0.13561297953128815,1.1297593116760254,0.1505226492881775,3.1511783599853516,104.0,0.0394286220064993,0.016231710389137337,2.0980391745482514,0.09017379605588235,139.3572319087311,0.2917008399963379,0.07066314667463303,0.05256665498018265,0.07189668715000153,0.07131092995405197,0.04759115353226662,0.07955978810787201,0.314710795879364,7.158871194122843,0.44912415148364804,0.1427614652715255,0.5272709589405831,166.13986206054688,130.19729614257812,69353.640625,0.3280936662279221,118.71976470947266,32.42119216918945,254.0,186.0,226.0,0.01421723499291862,0.28185221552848816,0.0763343945145607,0.05057534947991371,0.07533619552850723,0.06735061854124069,0.04907805472612381,0.08495771884918213,0.31451547145843506,2.444091080811897,0.6663181937333721,0.32897772338646186,0.6828288198400395,133.38096618652344,37.3335075378418,255.0,237.0,253.0,0.066009521484375,0.2794342041015625,0.0801849365234375,0.0492095947265625,0.0691986083984375,0.072052001953125,0.05072021484375,0.0796966552734375,0.3195037841796875,4.562399754422317,0.5916289183680148,0.2614698874573738,0.5804226603729098
C:\Users\Administrator\Desktop\机器学习版本记录\纹理识别模型\glint\glint_027.jpg,glint_027.jpg,glint,0,106.399169921875,129.9991455078125,134.1996612548828,43.85426712036133,41.27385711669922,41.77973175048828,0.8184605267041564,0.7928423077533021,0.9686994983706266,-23.5999755859375,-27.800491333007812,27.800491333007812,13776.3525390625,7963.99658203125,9711.3603515625,-0.0701986625790596,-0.08817774057388306,95.27129364013672,64.71122741699219,134.22093200683594,44.1451301574707,41.72404861450195,123.42742919921875,41.83430099487305,255.0,216.0,252.0,0.04809271891967145,0.21964408457279205,0.06423094868659973,0.017137788236141205,0.04975394904613495,0.039539940655231476,0.012889104895293713,0.019619764760136604,0.05631294474005699,0.05532587692141533,0.020392252132296562,0.011437113396823406,0.038502804934978485,0.05631294474005699,0.01979142799973488,0.06494621187448502,0.25416284799575806,3.5663522377969556,0.6515339348538794,0.2990771936619534,0.7086892133783806,6.475847798877798,94.38829803466797,106.75636291503906,34971.03515625,0.15299553673609523,0.04094389530808197,214.84376525878906,216.8833770751953,222.22305297851562,35.59685134887695,35.11480712890625,33.860076904296875,112.45069885253906,9.457157135009766,222.2422637939453,16.355838775634766,5.738932132720947,33.860538482666016,0.3655150234699249,0.03874717652797699,0.09654504060745239,0.06716176867485046,0.042298998683691025,0.05586051195859909,0.06780755519866943,0.266063928604126,7.566220391349125,0.4205258188833642,0.23754729320034973,0.18008481749102628,6.475039713907215,172.0953369140625,100.18684387207031,83370.8046875,0.2989990313206329,1.7571443087529133,0.1461439902526477,-0.000808084970582712,0.9999999375000038,0.45199268394815817,1221.752197265625,119.53639221191406,0.007653072942048311,0.2742745280265808,1313.31298828125,119.34861755371094,0.14837636053562164,0.0935935229063034,0.08640983700752258,0.08934565633535385,0.09839165955781937,0.10239756852388382,0.10678643733263016,0.11833804845809937,0.1563609391450882,1.1862190961837769,0.1563609391450882,3.138239860534668,72.0,0.04094389530808197,0.021864123625074033,1.424657514730719,0.10408539272712547,120.73135606328346,0.2887316942214966,0.06549696624279022,0.05381666123867035,0.07553931325674057,0.07512445747852325,0.0499756820499897,0.07679102569818497,0.31452420353889465,7.839239877890334,0.45730596293091375,0.14270873683943114,0.5186140559684966,165.1254425048828,134.19461059570312,77632.1875,0.32435912108033876,123.54183197021484,37.75372314453125,254.0,197.0,234.0,0.022635520784029847,0.28005334734916687,0.07049888372421265,0.05571499094367027,0.07844160497188568,0.07467316091060638,0.051946546882390976,0.08218105882406235,0.306490421295166,2.2981421974420635,0.6783229397832943,0.3296241049683952,0.7542372664198532,140.6974334716797,37.9183235168457,255.0,244.0,253.0,0.0832977294921875,0.280609130859375,0.06805419921875,0.0539703369140625,0.0763702392578125,0.0790557861328125,0.05615234375,0.0754852294921875,0.310302734375,4.390146195464487,0.6073671888693467,0.2960157654838724,0.6069440008534049
C:\Users\Administrator\Desktop\机器学习版本记录\纹理识别模型\glint\glint_028.jpg,glint_028.jpg,glint,0,110.7537612915039,132.86489868164062,137.52420043945312,52.73274612426758,52.00353240966797,52.445945739746094,0.8335817929105617,0.8053401520041892,0.9661201249740482,-22.11113739013672,-26.77043914794922,26.77043914794922,21942.92578125,16465.3828125,21065.8046875,-0.06618021428585052,-0.08917325735092163,94.27399444580078,69.53970336914062,137.65350341796875,57.642120361328125,52.420867919921875,126.7803726196289,51.956546783447266,255.0,234.0,254.0,0.06183603821424369,0.2242327481508255,0.07892398536205292,0.016857659444212914,0.04915599152445793,0.036504313349723816,0.012359284795820713,0.020231440663337708,0.049459632486104965,0.042543381452560425,0.020838722586631775,0.009266652166843414,0.033119287341833115,0.051540132611989975,0.0188144538551569,0.0737733468413353,0.2623789608478546,3.0269675063652812,0.6414946022232779,0.2531264182464725,0.8327021836448032,6.661726820785557,97.37004852294922,109.79850006103516,29864.068359375,0.1514153012224334,0.05719298620930972,228.27552795410156,229.71231079101562,231.80209350585938,27.82990837097168,27.38475227355957,26.807891845703125,98.21174621582031,4.717732906341553,232.00112915039062,41.3394660949707,3.8730571269989014,26.807952880859375,0.39208048582077026,0.031807854771614075,0.09509899467229843,0.06945797055959702,0.035702694207429886,0.03278156369924545,0.08114248514175415,0.26192793250083923,4.051010852200738,0.5469412511554307,0.36215864543473153,0.22604343384079412,5.860776524102014,128.0067901611328,82.02576446533203,41791.95703125,0.2590068159688413,1.8103071242147246,0.06784229166834255,-0.8009502966835429,0.4999999687500019,0.011458017142134435,526.9041748046875,63.152259826660156,0.004747540690004826,0.18909502029418945,428.1023864746094,57.598052978515625,0.15167734026908875,0.09560396522283554,0.1009170264005661,0.11406281590461731,0.11423343420028687,0.10938334465026855,0.09505578875541687,0.08298918604850769,0.13607707619667053,1.0835052728652954,0.15167734026908875,3.1467061042785645,45.0,0.05719298620930972,0.036705786697370305,2.603773535777858,0.06692887671072799,187.7570822679415,0.3087797164916992,0.06513646990060806,0.04905477911233902,0.07036583125591278,0.061740197241306305,0.04347679391503334,0.06983727216720581,0.33160895109176636,7.328494900952678,0.44143649730373036,0.13585055254333067,0.664632300027056,171.98927307128906,130.18016052246094,71924.2421875,0.3412917083703512,127.36083984375,48.705787658691406,255.0,216.0,248.0,0.04539987973541792,0.2971360385417938,0.07334312796592712,0.04474940150976181,0.076693594455719,0.0699467584490776,0.03859923034906387,0.07958509027957916,0.3199467658996582,2.5362733825675496,0.6687052258696011,0.2811572409853582,0.8322939935854824,145.6109619140625,56.99922561645508,255.0,251.0,254.0,0.12015637824528057,0.2956671416759491,0.07252383977174759,0.04754139110445976,0.0670652985572815,0.06828837096691132,0.0454123355448246,0.073837511241436,0.32966411113739014,4.460841513179663,0.5784184537032662,0.21261415663683725,0.7934672225709678
C:\Users\Administrator\Desktop\机器学习版本记录\纹理识别模型\glint\glint_029.jpg,glint_029.jpg,glint,0,96.98714447021484,124.52669525146484,128.12364196777344,40.891971588134766,38.622257232666016,39.30099868774414,0.7788462023786643,0.7569808524302555,0.9719259643810368,-27.53955078125,-31.136497497558594,31.136497497558594,11929.4921875,11755.4677734375,14051.5419921875,-0.08592596650123596,-0.09607887268066406,93.39189147949219,73.65752410888672,128.15492248535156,43.76695251464844,39.22065734863281,116.69691467285156,39.031341552734375,255.0,188.0,251.0,0.03373208632398076,0.21567900478839874,0.06553450971841812,0.016032302752137184,0.05335193872451782,0.040837835520505905,0.01304356474429369,0.01888248883187771,0.06386695057153702,0.05409417673945427,0.020545098930597305,0.009871741756796837,0.0364437997341156,0.05723630636930466,0.02061932161450386,0.06274370104074478,0.2512172758579254,2.5868592172488816,0.7044190698609654,0.32450818017876026,0.756415091435003,6.3383605169287724,75.80130767822266,95.88390350341797,25267.607421875,0.11041011024681828,0.05252906063436753,199.2887420654297,203.4602508544922,208.744384765625,42.119258880615234,40.790130615234375,39.821998596191406,108.1931381225586,12.860139846801758,208.77447509765625,14.68077564239502,7.522322654724121,39.82478713989258,0.34651434421539307,0.04701230302453041,0.07893966138362885,0.06414762884378433,0.049794960767030716,0.05711774900555611,0.06795547902584076,0.28851786255836487,9.631093509117006,0.3746998744431204,0.17779044966230076,0.2413150634479745,6.81659744638701,201.59877014160156,108.01508331298828,101891.2890625,0.34578207381370824,1.7380540444894885,0.17459370007057423,0.47823692945823737,0.9999999375000038,0.21093593092258647,521.5789184570312,89.30267333984375,0.009307827800512314,0.33045125007629395,460.4028625488281,83.93087005615234,0.1526505947113037,0.0957006886601448,0.08891144394874573,0.08800527453422546,0.09498831629753113,0.0988086611032486,0.10494215041399002,0.11838141828775406,0.1576113998889923,1.2098164558410645,0.1576113998889923,3.135321617126465,88.0,0.05252906063436753,0.03971579786829205,1.7731958580082903,0.07379697975234631,170.28299335544745,0.28583022952079773,0.0675385445356369,0.05473249778151512,0.08151733130216599,0.0745897889137268,0.04676087945699692,0.07924113422632217,0.30978959798812866,5.980663456132202,0.5034645297197907,0.16732339180554467,0.5657096631127798,141.27915954589844,122.5404281616211,58710.1484375,0.2982503018427251,116.70442199707031,35.928653717041016,255.0,182.0,229.0,0.016070152396036545,0.2708792984485626,0.0750322937965393,0.057009439915418625,0.08957774192094803,0.07378042489290237,0.04715350270271301,0.08494783937931061,0.3016194701194763,1.6329069847279574,0.7263066451973375,0.34829994944263354,0.8120597229307596,128.58682250976562,27.776954650878906,255.0,190.0,250.0,0.033843994140625,0.2723541259765625,0.0708465576171875,0.0567626953125,0.08306884765625,0.0825653076171875,0.0514373779296875,0.0761566162109375,0.3068084716796875,2.661428955143701,0.693837550049373,0.38119046463749573,0.5619104910707053
C:\Users\Administrator\Desktop\机器学习版本记录\纹理识别模型\glint\glint_030.jpg,glint_030.jpg,glint,0,98.06884765625,123.12371063232422,127.47151947021484,40.501277923583984,37.088260650634766,37.5645751953125,0.7965065896413697,0.7693392790365664,0.9658919119984409,-25.05486297607422,-29.402671813964844,29.402671813964844,11963.6416015625,9746.65234375,8875.0205078125,-0.0780581384897232,-0.09059309959411621,94.60045623779297,69.0898666381836,127.53482055664062,40.17448425292969,37.53448486328125,116.11956787109375,37.85818862915039,255.0,190.0,251.0,0.034935857516502675,0.2154543548822403,0.06937820464372635,0.016507688909769058,0.05575888231396675,0.03896426782011986,0.012012547813355923,0.019631972536444664,0.05428600683808327,0.05097043886780739,0.020333342254161835,0.010004080832004547,0.03856257349252701,0.05919559299945831,0.019109133630990982,0.07206891477108002,0.24776199460029602,3.1640292387908007,0.6625527330976227,0.3131576554028209,0.687629597390705,6.422880576783325,90.68175506591797,102.6038818359375,30368.119140625,0.13755132750133897,0.042315356831222346,201.3576202392578,205.13525390625,210.10801696777344,40.79643630981445,39.948944091796875,38.76713180541992,107.2847671508789,12.199116706848145,210.28240966796875,18.560880661010742,7.4314093589782715,38.738037109375,0.35729387402534485,0.04409543797373772,0.0818483829498291,0.05768650025129318,0.04409543797373772,0.05255210027098656,0.07369374483823776,0.2887345254421234,9.53381156903957,0.3817298463776737,0.19296738860518395,0.20630008482341156,6.670908246977143,197.445068359375,104.15223693847656,104798.7421875,0.3204469948655995,1.7618171803852016,0.17656882440032512,0.24802767019381733,0.9999999375000038,0.387458793682952,376.9761962890625,64.08432006835938,0.009123626165091991,0.31782978773117065,340.00018310546875,61.93988037109375,0.1432654708623886,0.11586020886898041,0.10879518836736679,0.10676224529743195,0.10589351505041122,0.09775419533252716,0.09348194301128387,0.09821369498968124,0.12997356057167053,1.1031999588012695,0.1432654708623886,3.156641721725464,117.0,0.042315356831222346,0.017268651139511343,2.1372548600538264,0.0847510619956176,148.27390139897852,0.29137441515922546,0.06990741938352585,0.05181846022605896,0.07388609647750854,0.07022622227668762,0.048866331577301025,0.07998163998126984,0.3139393925666809,6.6705711507660554,0.46307170501839506,0.14788509760573984,0.5509901392011518,158.97279357910156,126.12773895263672,64304.328125,0.3210041062001071,116.14722442626953,34.41447448730469,254.0,183.0,225.0,0.013465415536252084,0.28317269682884216,0.07824035733938217,0.05211751535534859,0.07534351944923401,0.0643201395869255,0.04716981202363968,0.0795990601181984,0.320036917924881,2.3249075838054023,0.6843042527204575,0.34324031837628444,0.715859253876008,131.24652099609375,35.91139221191406,255.0,231.0,252.0,0.0584259033203125,0.278961181640625,0.080535888671875,0.0493621826171875,0.0697174072265625,0.071533203125,0.0515899658203125,0.08062744140625,0.3176727294921875,4.188549940524155,0.6075696307898533,0.27613887139221954,0.5842035686666185
C:\Users\Administrator\Desktop\机器学习版本记录\纹理识别模型\glint\glint_031.jpg,glint_031.jpg,glint,0,106.58770751953125,131.84866333007812,136.2431640625,35.21422576904297,29.80108070373535,29.930320739746094,0.808409459899366,0.7823343466120694,0.967745158222022,-25.260955810546875,-29.65545654296875,29.65545654296875,0.7906287908554077,0.764336109161377,27.905576705932617,-0.07454775273799896,-0.08939184993505478,95.58527374267578,60.31629180908203,136.30044555664062,25.821332931518555,29.999536514282227,124.79299926757812,31.218605041503906,255.0,187.0,251.0,0.03195996416712131,0.22238650918006897,0.07199685275554657,0.017580389976501465,0.053073517978191376,0.03927101194858551,0.012588427402079105,0.02084958367049694,0.049736496061086655,0.045945048332214355,0.02101914770901203,0.009461668320000172,0.037677109241485596,0.05532532557845116,0.020618977025151253,0.0733737125992775,0.24909622967243195,2.712222783919819,0.6657813047505784,0.3143042129750878,0.6308099550841777,6.34194937214529,80.40306854248047,91.06137084960938,24281.916015625,0.12471089346636191,0.04312069348715121,203.40565490722656,206.6908721923828,211.84677124023438,38.6354866027832,37.625511169433594,36.57585906982422,110.00421905517578,11.749921798706055,212.03952026367188,17.96574592590332,6.867544651031494,36.562870025634766,0.36194896697998047,0.04524362087249756,0.07047563791275024,0.06293503195047379,0.04205336421728134,0.05336426943540573,0.06844547390937805,0.2955336570739746,8.38161612356376,0.38981208755256824,0.18856817045694593,0.2172505782696154,6.6842569844273365,184.2555694580078,96.02346801757812,86396.4375,0.3198955916473318,1.6531944736188184,0.19480510574311738,0.3423076122820463,0.9999999375000038,0.4336433614337555,447.8546142578125,75.46968078613281,0.007493320852518082,0.3110024929046631,385.71673583984375,70.09178161621094,0.13063637912273407,0.11498767137527466,0.11056709289550781,0.1174837201833725,0.1136205643415451,0.10344673693180084,0.09660672396421432,0.0923495888710022,0.1203015148639679,1.037530779838562,0.13063637912273407,3.1624062061309814,76.0,0.04312069348715121,0.024705826883922314,1.8441558202057686,0.051434214083906506,244.319288915725,0.3005554974079132,0.06829357892274857,0.052924301475286484,0.06967043876647949,0.06690993160009384,0.04751859977841377,0.07626308500766754,0.3178645670413971,6.641279813884601,0.46190070934556915,0.1574379519839888,0.4398872091504938,150.86300659179688,121.25218963623047,62445.32421875,0.3094067296540217,124.90436553955078,27.66050148010254,254.0,184.0,226.0,0.01449353448275862,0.2905648946762085,0.07613089680671692,0.04966127499938011,0.074983611702919,0.06826376914978027,0.043515078723430634,0.07815231382846832,0.31872814893722534,1.7484298508273413,0.7026171104168508,0.3460766355756527,0.6966766498985166,137.4196014404297,33.74401092529297,255.0,228.0,252.0,0.0567779541015625,0.283782958984375,0.078125,0.05029296875,0.06610107421875,0.07098388671875,0.052459716796875,0.0760955810546875,0.3221588134765625,3.799458961666858,0.6047977055590692,0.2796077668624579,0.5717622020673321
C:\Users\Administrator\Desktop\机器学习版本记录\纹理识别模型\glint\glint_032.jpg,glint_032.jpg,glint,0,103.7940444946289,127.004638671875,131.71490478515625,41.2703742980957,36.66565704345703,36.85511779785156,0.8172460845744516,0.7880204892218515,0.9642389212883447,-23.210594177246094,-27.920860290527344,27.920860290527344,2896.79345703125,2147.928955078125,1758.424072265625,-0.0737123191356659,-0.09059391170740128,96.0482177734375,61.7357292175293,131.7733612060547,33.31545639038086,36.87176513671875,120.59868621826172,37.82964324951172,255.0,208.0,252.0,0.04303507297317949,0.21659590303897858,0.06829023361206055,0.016364337876439095,0.05730605870485306,0.03877267614006996,0.012049402110278606,0.01878039352595806,0.05404091253876686,0.053022000938653946,0.019590891897678375,0.010876109823584557,0.038240060210227966,0.058695483952760696,0.018124276772141457,0.07422617077827454,0.24502508342266083,3.789005952118175,0.6307993642842515,0.28369790235979103,0.6467293226561492,6.571219082857595,103.93965148925781,111.49874877929688,37111.8984375,0.16613662678502508,0.03378925651383977,211.0207977294922,213.72885131835938,218.51809692382812,37.099205017089844,36.60567855834961,35.49656677246094,109.54817199707031,10.1549072265625,218.71754455566406,19.864450454711914,6.474506855010986,35.416046142578125,0.3748696446418762,0.040145985782146454,0.0917622521519661,0.06517205387353897,0.033889468759298325,0.04796663299202919,0.07194995135068893,0.2742440104484558,8.083711548159354,0.4155702134695042,0.23118782933228776,0.1778660757117046,6.4734853379844,176.13951110839844,96.5847396850586,89868.09375,0.2909280500521376,1.7700924456082103,0.1644899508077594,-0.09773374487319497,0.4999999687500019,0.0010409301647585183,312.19683837890625,51.555084228515625,0.004719891585409641,0.22074300050735474,259.5885009765625,46.83660888671875,0.14969228208065033,0.11149804294109344,0.10545852035284042,0.10679493099451065,0.10351451486349106,0.09658853709697723,0.09457699209451675,0.09376958012580872,0.138106569647789,1.1300190687179565,0.14969228208065033,3.1507458686828613,85.0,0.03378925651383977,0.01570260563906394,2.139999957200001,0.057594917376900034,218.18540906972805,0.29251253604888916,0.07065226137638092,0.05222693830728531,0.07346198707818985,0.07126206159591675,0.04900038614869118,0.07823234051465988,0.31265148520469666,7.766187899599034,0.4343262659583298,0.1349035531015533,0.5192594088394308,175.21885681152344,133.62466430664062,75336.8046875,0.33833269008104977,120.69110107421875,33.20500183105469,254.0,189.0,230.0,0.016989549593595308,0.28432804346084595,0.08049015700817108,0.048238109797239304,0.07647808641195297,0.06630796194076538,0.050912823528051376,0.07840637117624283,0.3148384392261505,2.733996299722479,0.6457386496118516,0.3066925737048777,0.6614248381715195,134.0693359375,42.640132904052734,255.0,242.0,253.0,0.07559890538288667,0.2773585915565491,0.07966682314872742,0.04865454509854317,0.07098399847745895,0.07209048420190811,0.052880700677633286,0.08029690384864807,0.3180679678916931,5.39791032952496,0.5705955878592522,0.2372615446261426,0.6032046795072029
C:\Users\Administrator\Desktop\机器学习版本记录\纹理识别模型\glint\glint_033.jpg,glint_033.jpg,glint,0,110.48343658447266,133.93115234375,138.3077392578125,41.94131851196289,37.238277435302734,37.54579544067383,0.8249270899721439,0.7988232356231548,0.9683561606465095,-23.447715759277344,-27.824302673339844,27.824302673339844,3002.7685546875,2284.7138671875,1933.52587890625,-0.07018084824085236,-0.08557296544313431,95.93968963623047,58.60853576660156,138.3181915283203,32.84130859375,37.528228759765625,127.4194107055664,38.47832107543945,255.0,223.0,252.0,0.052545946193684405,0.2219838947057724,0.06332366168498993,0.016712447628378868,0.051402732729911804,0.03980587050318718,0.012923983857035637,0.01928952895104885,0.05818493291735649,0.0563562847673893,0.020454615354537964,0.011959507130086422,0.03949723765254021,0.05385636165738106,0.01874942146241665,0.06573871523141861,0.24976080656051636,3.8263573358302887,0.6343437845412994,0.2925567277090146,0.6534518330936707,6.539481547434739,99.96983337402344,109.04558563232422,37538.9375,0.1658050677448227,0.03677987075456575,218.67330932617188,220.37237548828125,225.64547729492188,33.336185455322266,33.04313278198242,31.76541519165039,113.41973114013672,8.832606315612793,225.67601013183594,16.84604263305664,5.180021286010742,31.76753044128418,0.38073769211769104,0.03606557473540306,0.09344262629747391,0.06434426456689835,0.03852459043264389,0.05245901644229889,0.069672130048275,0.2647540867328644,6.7545605306799334,0.44014754466973016,0.2601443619168719,0.17175577460859412,6.349633290077856,162.55982971191406,97.05138397216797,76995.0546875,0.2942622950819672,1.730258627205087,0.1507051157203793,-0.18984825735688293,0.4999999687500019,0.0005861738840755344,405.90411376953125,66.92479705810547,0.004466771613806486,0.19792556762695312,339.0964050292969,61.14482879638672,0.14861640334129333,0.09332607686519623,0.08578459173440933,0.08928222209215164,0.09822803735733032,0.10056883841753006,0.10779067873954773,0.11731899529695511,0.15908415615558624,1.1947612762451172,0.15908415615558624,3.13631534576416,71.0,0.03677987075456575,0.01750003819287853,1.7924527963688153,0.08702205673815105,144.4044312426243,0.29064688086509705,0.06634826213121414,0.0540955513715744,0.07756704837083817,0.07601617276668549,0.05181167274713516,0.07375544309616089,0.3097589612007141,8.47846951462868,0.43667707881003026,0.1364067760446524,0.4547072610865484,173.41566467285156,136.7896270751953,83493.84375,0.33431066942378324,127.53450775146484,33.89999008178711,254.0,200.0,236.0,0.0250527023311234,0.28248023986816406,0.07257913798093796,0.057217489928007126,0.08187698572874069,0.07021580636501312,0.05264630913734436,0.07500466704368591,0.3079793453216553,2.584028302323072,0.6578217164911087,0.31781684883778943,0.6907664602444256,140.2009735107422,42.917076110839844,255.0,245.0,253.0,0.08955566085321676,0.27745941281318665,0.06912286579608917,0.053927820175886154,0.07743481546640396,0.08033862709999084,0.056939173489809036,0.0731789767742157,0.3115983307361603,5.033199137145429,0.5940739256433668,0.2773247231813542,0.6319455914418886
C:\Users\Administrator\Desktop\机器学习版本记录\纹理识别模型\glint\glint_034.jpg,glint_034.jpg,glint,0,102.01449584960938,132.99205017089844,136.60067749023438,39.47294616699219,36.251441955566406,36.6228141784668,0.7670721291343793,0.7468081196749138,0.9735826471784771,-30.977554321289062,-34.586181640625,34.586181640625,10874.93359375,9019.869140625,9253.408203125,-0.089625284075737,-0.10118058323860168,93.05814361572266,74.57207489013672,136.6748046875,40.75366973876953,36.610408782958984,124.12882995605469,36.816925048828125,255.0,187.0,252.0,0.03295834115752517,0.22235634922981262,0.07595955580472946,0.016322031617164612,0.05042977258563042,0.03911689668893814,0.013482149690389633,0.020264044404029846,0.055718835443258286,0.044417619705200195,0.021914325654506683,0.009219411760568619,0.032824836671352386,0.05239494889974594,0.02136034518480301,0.06840208172798157,0.255816787481308,1.7651375988547087,0.730921070294215,0.3832497723312422,0.8091774029430134,6.201975729823612,64.80790710449219,84.08451843261719,16132.9775390625,0.07998320562611524,0.06350967639106443,204.95510864257812,209.43006896972656,212.38320922851562,39.48157501220703,37.240291595458984,36.342891693115234,100.35113525390625,10.6714448928833,212.67117309570312,29.389760971069336,9.622710227966309,36.27250671386719,0.36420944333076477,0.051074232906103134,0.07088640332221985,0.07101505249738693,0.04644281417131424,0.03846648707985878,0.07178695499897003,0.28611862659454346,6.5901458296729505,0.4458465975691063,0.2233642064338484,0.36086581769646464,6.550763595117328,175.94113159179688,98.74527740478516,63855.55078125,0.34632702946095456,1.6791272340245216,0.1431024249426153,0.3487878652937155,0.9999999375000038,0.3296628489481465,566.132568359375,79.0333480834961,0.010906225070357323,0.3600984811782837,479.89691162109375,71.40172576904297,0.13698920607566833,0.10149169713258743,0.10293972492218018,0.11130785942077637,0.11538119614124298,0.11110484600067139,0.10107214748859406,0.09342687577009201,0.12628640234470367,1.049137830734253,0.13698920607566833,3.1604461669921875,63.0,0.06350967639106443,0.044720235351435836,2.341772122256049,0.0863522484902019,145.52453274190157,0.3024270236492157,0.06732910871505737,0.05297808721661568,0.07698587328195572,0.06457086652517319,0.04246994107961655,0.0720350369811058,0.3212040662765503,4.523955108247882,0.5199045097076564,0.18389783034636487,0.6209526924310892,125.00950622558594,106.21358489990234,42380.94921875,0.26820265211154265,124.24463653564453,34.57151412963867,255.0,187.0,240.0,0.02458232803751081,0.287858784198761,0.07267756760120392,0.049087993800640106,0.08599236607551575,0.07336098700761795,0.03664514422416687,0.08394212275743484,0.310435026884079,1.3598028667615312,0.7634487663486649,0.42988562548368436,0.8250999847087,136.32330322265625,27.819482803344727,255.0,198.0,252.0,0.03521728515625,0.2909393310546875,0.07281494140625,0.0510406494140625,0.0716400146484375,0.06982421875,0.0454254150390625,0.0767364501953125,0.3215789794921875,1.8636852001074404,0.7016616972289111,0.3819446574563026,0.6878642465757135
C:\Users\Administrator\Desktop\机器学习版本记录\纹理识别模型\glint\glint_035.jpg,glint_035.jpg,glint,0,105.24447631835938,132.5110321044922,136.5919952392578,44.09958267211914,42.78502655029297,43.214900970458984,0.7942317998182714,0.7705025127095341,0.970122962932489,-27.266555786132812,-31.347518920898438,31.347518920898438,12629.6162109375,15813.162109375,15145.7333984375,-0.0784728154540062,-0.09459296613931656,93.14503479003906,72.49434661865234,136.6822967529297,48.264923095703125,43.18098449707031,124.8123550415039,42.849002838134766,255.0,203.0,253.0,0.04076096505098634,0.22268183529376984,0.07652939110994339,0.017149504274129868,0.04981280118227005,0.03714877739548683,0.012525898404419422,0.020508160814642906,0.0519355908036232,0.04376431182026863,0.021489586681127548,0.008883719332516193,0.03325215354561806,0.054312821477651596,0.020987968891859055,0.07093890011310577,0.25807857513427734,2.1316232891840095,0.7003747450761906,0.33791404210569265,0.8280523750011659,6.352755277863286,75.677978515625,94.02802276611328,20431.99609375,0.10091963214714114,0.06603276338213382,211.37632751464844,214.9597625732422,217.59483337402344,36.897708892822266,35.159202575683594,34.44070816040039,99.23712158203125,8.361536979675293,217.7301025390625,32.29645919799805,6.726716041564941,34.46154022216797,0.3693004250526428,0.04934415966272354,0.0733916312456131,0.0701124295592308,0.043566521257162094,0.038881950080394745,0.07276701927185059,0.2826358377933502,6.079147047356267,0.4617670348755275,0.25056475242297027,0.3248532824570836,6.42963328504513,166.5767364501953,95.43500518798828,59751.9609375,0.3258900687070581,1.7160353799588561,0.1153405369431026,0.07687800718184334,0.9999999375000038,0.4572542900143563,2431.379150390625,137.63058471679688,0.008465605787932873,0.28668731451034546,2818.659423828125,142.64260864257812,0.14623257517814636,0.0988464504480362,0.1018691435456276,0.1108841821551323,0.11562980711460114,0.10906770080327988,0.09714467078447342,0.08731593191623688,0.13300958275794983,1.0755072832107544,0.14623257517814636,3.152684211730957,61.0,0.06603276338213382,0.04545550378412532,2.1025640756081527,0.12478638185450147,100.70306090811395,0.30387845635414124,0.067049540579319,0.050067245960235596,0.0731998085975647,0.06356003135442734,0.04269564896821976,0.07421758770942688,0.3253316879272461,5.5389845180504,0.4849230686426995,0.15752082337380904,0.6488162667253539,143.260498046875,115.90217590332031,53118.9765625,0.3093671622260187,124.68090057373047,40.57609176635742,255.0,198.0,243.0,0.029822691055998204,0.28965961933135986,0.07276672124862671,0.04652731120586395,0.0797736644744873,0.0753173679113388,0.03705766797065735,0.08505086600780487,0.31384679675102234,1.6235008729999714,0.7298899175888929,0.3777538672917669,0.8479087810516266,145.5043487548828,36.13471984863281,255.0,245.0,254.0,0.080780029296875,0.296966552734375,0.0738067626953125,0.0489349365234375,0.0699462890625,0.0688629150390625,0.0453948974609375,0.0730133056640625,0.3230743408203125,2.657069951268179,0.6464282471312184,0.30616256187778845,0.7333821116884433
C:\Users\Administrator\Desktop\机器学习版本记录\纹理识别模型\glint\glint_036.jpg,glint_036.jpg,glint,0,105.71644592285156,130.3080291748047,134.67074584960938,37.315895080566406,33.539119720458984,33.83375930786133,0.8112811296513025,0.7849993290741017,0.9676045631522586,-24.591583251953125,-28.954299926757812,28.954299926757812,4098.25537109375,2539.557373046875,2601.01025390625,-0.07324323803186417,-0.0895770788192749,95.42256164550781,61.70549774169922,134.73744201660156,32.58991241455078,33.87020492553711,123.45063781738281,34.442352294921875,255.0,188.0,251.0,0.032139940103457665,0.22094519436359406,0.07141628116369247,0.017735352739691734,0.05418332666158676,0.03836121782660484,0.011754746548831463,0.02052263170480728,0.05147175118327141,0.04698457568883896,0.020887387916445732,0.009930972009897232,0.03653056174516678,0.055277593433856964,0.020563924685120583,0.07347404956817627,0.24996042251586914,2.7405694187604035,0.6663131966772757,0.30774399605942576,0.6856572249510076,6.3901690957538895,83.79399108886719,97.62583923339844,26095.77734375,0.12575789901103213,0.04339776749221755,203.62013244628906,206.7012176513672,211.8568115234375,38.774497985839844,37.820072174072266,36.81007766723633,110.4542007446289,11.572145462036133,212.0558319091797,18.105939865112305,6.6974968910217285,36.78569030761719,0.3604135811328888,0.04519940912723541,0.07355982065200806,0.058197930455207825,0.04549482837319374,0.04874446243047714,0.0664697214961052,0.30192023515701294,8.39231024510501,0.3872546796736583,0.1880125566493082,0.2191196915687576,6.6672659432259955,183.24952697753906,96.64934539794922,86093.328125,0.321122599704579,1.6717843260647252,0.18753831827010145,0.27709684747210606,0.9999999375000038,0.4395526428920577,509.4554138183594,73.01434326171875,0.007152967154979706,0.30284953117370605,477.9911193847656,70.3843994140625,0.14538297057151794,0.10862237960100174,0.10852649807929993,0.11230852454900742,0.10854463279247284,0.10219345986843109,0.09275679290294647,0.08830007910728455,0.1333647221326828,1.0933380126953125,0.14538297057151794,3.153339385986328,70.0,0.04339776749221755,0.024673291587090435,1.8441558202057686,0.05504686385170006,228.2849508871577,0.2987068295478821,0.06995037943124771,0.05149928107857704,0.0714782178401947,0.06729386001825333,0.046723052859306335,0.07691513746976852,0.31743323802948,6.603127817285108,0.4660783553103534,0.15420141341017365,0.4966834517978337,153.29974365234375,123.63574981689453,63509.19921875,0.31376502893952635,123.65658569335938,30.456573486328125,254.0,184.0,226.0,0.014330472687644735,0.28816190361976624,0.07443859428167343,0.049764346331357956,0.07621292024850845,0.06867202371358871,0.0433046855032444,0.08203493058681488,0.31741058826446533,1.9601503294468454,0.6948464459928395,0.3387368564792977,0.7066528434685377,138.0340118408203,34.12379455566406,255.0,230.0,252.0,0.05859375,0.2838287353515625,0.0790557861328125,0.048828125,0.067352294921875,0.0706787109375,0.05206298828125,0.075927734375,0.322265625,3.864771113925022,0.6015547030399537,0.2763339688874852,0.57236841737373
C:\Users\Administrator\Desktop\机器学习版本记录\纹理识别模型\glint\glint_037.jpg,glint_037.jpg,glint,0,101.74848175048828,126.7989501953125,131.33029174804688,38.491947174072266,32.690460205078125,32.82523727416992,0.8024394586179331,0.7747525694295803,0.96549659291914,-25.05046844482422,-29.581809997558594,29.581809997558594,68.13165283203125,20.95822525024414,7.69598388671875,-0.07826940715312958,-0.09428204596042633,95.7238998413086,63.180824279785156,131.37620544433594,27.889381408691406,32.85799789428711,119.81819152832031,34.222381591796875,255.0,196.0,251.0,0.037776894737905534,0.21740102767944336,0.06950783729553223,0.01641223207116127,0.056628983467817307,0.03947073966264725,0.011515690013766289,0.01989813521504402,0.052498795092105865,0.05148829147219658,0.019816752523183823,0.010464493185281754,0.03868403658270836,0.05860251933336258,0.018914757296442986,0.07406528294086456,0.24463042616844177,3.390033524766569,0.6482648711676926,0.3096730749021278,0.6184833552594364,6.439998125178143,93.5017318725586,103.2514877319336,31774.236328125,0.1458857518768947,0.037898125635365085,205.416748046875,208.7058868408203,213.6251983642578,39.386131286621094,38.63886642456055,37.538482666015625,107.7753677368164,11.233339309692383,213.7814178466797,20.455677032470703,6.9251322746276855,37.50398635864258,0.360933393239975,0.042152803391218185,0.0858110636472702,0.05796010419726372,0.04140007495880127,0.049303725361824036,0.07376740872859955,0.28867143392562866,8.950005554938341,0.3946237253482916,0.20794239649406485,0.2025656080831729,6.603827578233167,190.3131866455078,102.81132507324219,100399.25,0.3022205494919082,1.738435916903148,0.17779665365160266,0.1638294530550244,0.9999999375000038,0.433605196206095,384.9219970703125,64.28216552734375,0.008680282160639763,0.3109169602394104,333.7849426269531,61.19853210449219,0.13892799615859985,0.11633753776550293,0.11015679687261581,0.10732473433017731,0.10755330324172974,0.0982525497674942,0.09526027739048004,0.09960094839334488,0.12658590078353882,1.086576223373413,0.13892799615859985,3.1597065925598145,102.0,0.037898125635365085,0.016218000094181468,1.9411764325259524,0.08394535578902135,149.69703196789823,0.2935890555381775,0.07041661441326141,0.05217326432466507,0.07220704108476639,0.07049121707677841,0.04912818595767021,0.07926701009273529,0.3127276301383972,7.169033800335755,0.4453058684971356,0.1456333191882415,0.4889872692699705,163.88548278808594,128.30140686035156,68161.3359375,0.3280886531797004,119.9383316040039,29.87906265258789,254.0,185.0,227.0,0.014520474137931035,0.2849104106426239,0.0772508755326271,0.05094514787197113,0.07440996170043945,0.06471262872219086,0.0481315553188324,0.07919034361839294,0.3204490840435028,2.2337400444055158,0.6727511480253835,0.33830889654720125,0.6712292674574942,132.82192993164062,37.00437927246094,255.0,236.0,253.0,0.0641632080078125,0.279083251953125,0.08087158203125,0.0485992431640625,0.0699615478515625,0.0710601806640625,0.0520477294921875,0.0801849365234375,0.3181915283203125,4.468589079467403,0.5960741734094358,0.26584259746619276,0.5824500325426984
C:\Users\Administrator\Desktop\机器学习版本记录\纹理识别模型\fire\27357310139_1aa286af73_o_512.jpg,27357310139_1aa286af73_o_512.jpg,fire,1,121.7801513671875,51.217525482177734,4.97772216796875,69.80001831054688,32.99892807006836,9.02125072479248,2.377704659547813,24.465030950462054,10.289347911462496,70.56262588500977,116.80242919921875,116.80242919921875,316903.71875,48160520.0,18915582.0,0.40668797492980957,0.6208999156951904,25.23715591430664,238.58108520507812,121.8110580444336,31.089200973510742,69.74715423583984,67.03020477294922,39.91129684448242,241.0,136.0,162.0,0.0004982277327791143,0.20458020269870758,0.06858537346124649,0.014610771089792252,0.050564441829919815,0.04493473842740059,0.013537746854126453,0.020240474492311478,0.05879586189985275,0.04146578162908554,0.02079903520643711,0.008349012583494186,0.03627704456448555,0.05538570135831833,0.020196378231048584,0.06486653536558151,0.2768109142780304,0.6500745027749584,0.8107307772726375,0.24966486181704342,0.9463201833900676,7.179456977205638,38.5126838684082,45.03879165649414,4852.77685546875,0.03532161335841957,0.07335335734212084,239.787109375,120.20939636230469,10.205899238586426,12.751802444458008,22.627660751342773,21.122949600219727,14.433340072631836,244.4725341796875,239.787109375,1.7128044366836548,21.617650985717773,12.751802444458008,0.27612510323524475,0.0668700709939003,0.061276379972696304,0.08365115523338318,0.07551487535238266,0.045512329787015915,0.09534706175327301,0.2957030236721039,0.8335978835978836,0.7325857908328496,0.33144496815583097,0.6896243300528431,5.944361306694744,50.26153564453125,39.658119201660156,5035.42626953125,0.044749555047037884,2.139440470994931,1.024693692481328,-1.2350956705108942,0.6249999609375024,0.3403454130215462,594.2870483398438,78.88206481933594,0.03128395602107048,0.6520118713378906,1994.6025390625,140.416259765625,0.13210441172122955,0.1047619953751564,0.10391370952129364,0.10433834791183472,0.1423598825931549,0.09946085512638092,0.0960966944694519,0.0966576561331749,0.12030643224716187,1.0077857971191406,0.1423598825931549,3.156095504760742,20.0,0.07335335734212084,0.048498911015836546,1.121621606464573,0.3104866925829703,40.47313753139863,0.28830549120903015,0.0699082762002945,0.05323965102434158,0.0716574564576149,0.06664510816335678,0.052901577204465866,0.07178974896669388,0.32555267214775085,1.8145204828643617,0.6454179486160417,0.18282846161418026,0.8895440862795333,75.9482192993164,65.19989776611328,15832.6455078125,0.1582049623706491,66.92366790771484,39.43566131591797,229.0,134.0,159.0,0.00045400374553090066,0.25955328345298767,0.0753006711602211,0.04455240070819855,0.1058119535446167,0.06392558664083481,0.027015818282961845,0.0850168839097023,0.3388233780860901,0.5437873064390554,0.8309309677474037,0.259342079398781,0.9539176148555255,77.60379791259766,37.810184478759766,241.0,141.0,164.0,0.0005470562713399106,0.26887404918670654,0.06608778983354568,0.058091603219509125,0.07916030287742615,0.06454198807477951,0.043568700551986694,0.07874045521020889,0.3409351110458374,0.6555726265619575,0.8051926528656774,0.24843580529170992,0.940434482152875
C:\Users\Administrator\Desktop\机器学习版本记录\纹理识别模型\fire\30146884408_10b26512a0_o_512.jpg,30146884408_10b26512a0_o_512.jpg,fire,1,59.634788513183594,32.69694519042969,27.84630584716797,44.03407287597656,33.308799743652344,23.677576065063477,1.8238641665758544,2.141569036083813,1.1741932375407635,26.937843322753906,31.788482666015625,31.788482666015625,1096999.0,1070068.375,294370.40625,0.3186104893684387,0.31788450479507446,95.80951690673828,158.48199462890625,59.704219818115234,58.213279724121094,44.07392501831055,40.19380187988281,34.56718444824219,252.0,99.0,181.0,0.003691841275274443,0.2439812421798706,0.057861484587192535,0.022697530686855316,0.037223950028419495,0.042007651180028915,0.012284843251109123,0.01942908577620983,0.031012654304504395,0.039277687668800354,0.021407684311270714,0.016392312943935394,0.049608975648880005,0.03672304004430771,0.014357362873852253,0.06957653909921646,0.2861579358577728,3.186166468019935,0.5270903389975277,0.21000266659089442,0.6602693951714388,6.70821191858118,85.29049682617188,64.66719818115234,31116.958984375,0.18695251989556005,0.03526808635464128,190.7674102783203,131.5348358154297,75.56100463867188,43.60991287231445,52.520816802978516,46.223758697509766,15.397747039794922,160.11595153808594,190.9819793701172,8.579206466674805,40.9894905090332,43.5072021484375,0.29983678460121155,0.07647470384836197,0.046164605766534805,0.09186290204524994,0.06178596243262291,0.03730473294854164,0.07973887026309967,0.306831419467926,4.1042441583214115,0.5514239899791606,0.14420188478282375,0.7700729752761372,7.393687041371806,112.49231719970703,93.87993621826172,30389.05078125,0.22685940778736302,3.5548304995938445,1.0103100412302082,0.685475122790626,0.9999999375000038,0.3396233691577424,172.67303466796875,51.39348602294922,0.04459083452820778,0.6975115537643433,466.9480895996094,84.63477325439453,0.11474554240703583,0.10886949300765991,0.10904560983181,0.11433598399162292,0.11327408999204636,0.11281820386648178,0.10688576847314835,0.10835935175418854,0.11166596412658691,0.996301531791687,0.11474554240703583,3.169494390487671,31.0,0.03526808635464128,0.014559546221274788,1.2272727086776862,0.3120362674917669,40.27214756145033,0.3098447918891907,0.05695358291268349,0.05664677545428276,0.0508737750351429,0.05762981250882149,0.0655379444360733,0.05137468874454498,0.3511386215686798,12.162595952547104,0.3181000249414612,0.10033697412555492,0.46790690603808904,174.96473693847656,99.76191711425781,123201.9921875,0.3591093801852119,40.24290466308594,30.169710159301758,251.0,91.0,167.0,0.0026113483831604637,0.3045039474964142,0.059428974986076355,0.0588473305106163,0.06102217733860016,0.06071871146559715,0.05530688166618347,0.0605669766664505,0.3396049737930298,1.215405112316034,0.6868646951161439,0.29368443246809234,0.8302698230329446,49.05619812011719,37.3148307800293,252.0,112.0,186.0,0.0042877197265625,0.3059234619140625,0.0608367919921875,0.054901123046875,0.0522003173828125,0.0602264404296875,0.06353759765625,0.050872802734375,0.35150146484375,2.935144468746403,0.522664530974368,0.18297683516743235,0.7346564740873165
C:\Users\Administrator\Desktop\机器学习版本记录\纹理识别模型\fire\35531877963_e66be9d474_o_512.jpg,35531877963_e66be9d474_o_512.jpg,fire,1,134.69158935546875,58.80583572387695,24.14429473876953,56.915035247802734,23.33005714416504,8.78261947631836,2.290445929507196,5.578609159396134,2.4355995453389805,75.8857536315918,110.54729461669922,110.54729461669922,146427.265625,142374.984375,17744.55078125,0.3339047431945801,0.4774256944656372,12.683215141296387,210.426513671875,134.75067138671875,18.935876846313477,56.7760124206543,77.5467758178711,31.338773727416992,173.0,131.0,150.0,0.0,0.21695272624492645,0.07975272834300995,0.01186181791126728,0.03872727230191231,0.0597163625061512,0.019141817465424538,0.020283635705709457,0.05037090927362442,0.027061818167567253,0.022145453840494156,0.006705454550683498,0.0392727255821228,0.04522909224033356,0.024960000067949295,0.05101091042160988,0.28680726885795593,0.26161105399313067,0.904568520335449,0.39014224107178574,0.9598951671851297,6.359873199313917,16.329301834106445,28.940542221069336,1445.4688720703125,0.006087272727272728,0.09281471992483292,234.94737243652344,102.76957702636719,35.344600677490234,11.566701889038086,12.69007682800293,4.581521034240723,10.090412139892578,216.74314880371094,234.94737243652344,1.0911058187484741,3.6806838512420654,11.566701889038086,0.30170297622680664,0.04934653639793396,0.07231683284044266,0.0712079182267189,0.05821782350540161,0.04015841707587242,0.08237623423337936,0.32467326521873474,0.20765295527910446,0.8963547467577824,0.47146714872203044,0.8394377612075434,5.333490675738127,15.699405670166016,9.81497573852539,661.8021240234375,0.0,1.7353512016372001,1.030018242433401,-1.0263825235757897,0.9999999375000038,0.35976011741019565,578.367919921875,87.40083312988281,0.045250263065099716,0.654963493347168,1928.2615966796875,152.73614501953125,0.12511201202869415,0.08388035744428635,0.08380565047264099,0.0866178572177887,0.2406465709209442,0.09286659210920334,0.09316451847553253,0.08831943571567535,0.10558697581291199,0.8467305302619934,0.2406465709209442,3.0641720294952393,2.0,0.09281471992483292,0.09266401331634917,2.7473683921329646,0.25956826614592354,48.412584481134004,0.307890921831131,0.05358545482158661,0.07345454394817352,0.0655636340379715,0.05325818061828613,0.05275636538863182,0.06619636714458466,0.32729455828666687,0.6482485992472103,0.7644922154066727,0.2930988463212968,0.9201506383851644,35.934146881103516,32.970577239990234,5139.89013671875,0.0069963636363636365,77.43192291259766,31.451597213745117,170.0,131.0,149.0,0.0,0.2829551100730896,0.04728056490421295,0.07201328128576279,0.08701605349779129,0.046960119158029556,0.02895679697394371,0.0797622874379158,0.3550557792186737,0.2000252247454753,0.9366088481216364,0.4230919659723202,0.9694230696833563,99.20024108886719,22.655519485473633,173.0,143.0,155.0,0.0,0.3006591796875,0.0495758056640625,0.077728271484375,0.068389892578125,0.0535430908203125,0.0457000732421875,0.07330322265625,0.3311004638671875,0.21089367253750813,0.8947189286673574,0.36734796625280897,0.950076047818146
C:\Users\Administrator\Desktop\机器学习版本记录\纹理识别模型\fire\36340658665_3da07413ed_o_512.jpg,36340658665_3da07413ed_o_512.jpg,fire,1,75.65473937988281,46.30259704589844,45.58183670043945,42.376590728759766,21.4930477142334,26.189075469970703,1.6339199650284946,1.6597562361807416,1.0158124240228261,29.352142333984375,30.07290267944336,30.07290267944336,36510.40234375,130573.0078125,37384.02734375,0.19091704487800598,0.2200854867696762,102.26978302001953,118.55056762695312,75.66140747070312,57.9488410949707,42.365177154541016,55.00386428833008,26.21668243408203,226.0,90.0,129.0,2.241172581494638e-05,0.20204535126686096,0.0832800418138504,0.010317330248653889,0.05227711424231529,0.052961915731430054,0.01598818227648735,0.020527128130197525,0.06255482882261276,0.03482877090573311,0.021432654932141304,0.005733107682317495,0.03540604189038277,0.05250915512442589,0.021704312413930893,0.06155309081077576,0.26688098907470703,0.32479893875148397,0.8715149457383714,0.34770808460863145,0.9398390798232459,6.574214012117254,25.25006866455078,33.86717224121094,1764.712158203125,0.01584103501553542,0.07665370521814087,175.56326293945312,72.65565490722656,66.78349304199219,54.72373962402344,20.90142822265625,13.38251781463623,88.88992309570312,147.87501525878906,175.56326293945312,87.22193145751953,48.7607307434082,54.72373962402344,0.22821804881095886,0.05570315942168236,0.06495647877454758,0.08639486879110336,0.04993128776550293,0.03930370882153511,0.08364635705947876,0.39184609055519104,0.527155358474277,0.8643402041471574,0.5059000891301426,0.8727181886110089,5.886840419487036,35.310523986816406,46.847496032714844,3044.2744140625,0.0396701786532295,1.8679976882003415,1.2473581271812548,-0.6873735926302187,0.9999999375000038,0.36787129448167993,429.3653869628906,65.68327331542969,0.14163903892040253,1.1806546449661255,644.7313232421875,85.81193542480469,0.1349768489599228,0.10225477814674377,0.10120580345392227,0.10985207557678223,0.11841589212417603,0.10461127758026123,0.09720730036497116,0.10259321331977844,0.12888284027576447,1.0550004243850708,0.1349768489599228,3.1609139442443848,19.0,0.07665370521814087,0.02363316487172854,1.0888888767901237,0.17497352703559235,71.81869637217902,0.2886192500591278,0.06214167922735214,0.06832755357027054,0.07992393523454666,0.05794796720147133,0.042672883719205856,0.07454171776771545,0.3258250057697296,0.9721380017377663,0.7168976347052493,0.24532682207467832,0.8761481305656288,56.472198486328125,55.447486877441406,7905.990234375,0.08664746198208191,55.07171630859375,25.90604591369629,214.0,89.0,127.0,0.0,0.27500736713409424,0.0680771917104721,0.06610427051782608,0.10279610753059387,0.04973127320408821,0.02916298247873783,0.07132004201412201,0.3378007709980011,0.326175049665884,0.8889377884571459,0.3674585297971456,0.9380676077701786,57.96723937988281,28.471195220947266,226.0,109.0,146.0,6.103515625e-05,0.291656494140625,0.063873291015625,0.0648040771484375,0.0821380615234375,0.05535888671875,0.0387725830078125,0.0727691650390625,0.33062744140625,0.42009899850351096,0.8424720318056811,0.31655210595047956,0.935623493123211
C:\Users\Administrator\Desktop\机器学习版本记录\纹理识别模型\fire\42582899664_cca07c91b8_o_512.jpg,42582899664_cca07c91b8_o_512.jpg,fire,1,100.21002960205078,71.93707275390625,62.227806091308594,51.699676513671875,25.102493286132812,16.82189178466797,1.393023435243768,1.610373790852212,1.1560277650207242,28.27295684814453,37.98222351074219,37.98222351074219,33968.6875,50713.1640625,15396.64453125,0.10701382905244827,0.13447359204292297,39.47598648071289,82.5919418334961,100.37952423095703,57.713348388671875,51.50498580932617,79.28324127197266,30.66722869873047,215.0,137.0,169.0,0.0,0.2305799275636673,0.06405377388000488,0.017029356211423874,0.04595343768596649,0.04799665883183479,0.016064714640378952,0.020857544615864754,0.05122479051351547,0.04148722067475319,0.020994264632463455,0.010360411368310452,0.039846569299697876,0.04850556328892708,0.022961528971791267,0.05649614706635475,0.26558810472488403,0.6433894526502584,0.7851285453987508,0.3097431220777264,0.9059871759807142,6.614383934674276,38.753849029541016,45.36182403564453,4772.94970703125,0.040454217462306784,0.08202580901854958,224.3182373046875,119.11275482177734,61.95920944213867,23.89358901977539,22.912858963012695,17.051166534423828,10.182659149169922,183.33468627929688,224.3182373046875,3.060070276260376,22.485431671142578,23.89358901977539,0.27973082661628723,0.07437057793140411,0.055922962725162506,0.09130989760160446,0.07993967086076736,0.0410720519721508,0.09687899053096771,0.2807750403881073,1.0599434449807421,0.6914856273979213,0.27355970520703965,0.6677197150957711,6.265173878722589,67.92451477050781,49.0356559753418,7851.77490234375,0.13516649263255598,1.8167770880664802,2.219764785638914,-0.3492100559516871,0.9374999414062536,0.39054714253490136,743.5239868164062,82.65208435058594,0.03305741026997566,0.6128890514373779,1474.7095947265625,121.07569885253906,0.17686261236667633,0.1060907319188118,0.08049214631319046,0.07417136430740356,0.14128118753433228,0.07691889256238937,0.08340002596378326,0.10316409170627594,0.15761888027191162,1.206465721130371,0.17686261236667633,3.0969789028167725,19.0,0.08202580901854958,0.0664165849842919,1.1223021501992652,0.06454077913158533,194.70435253558637,0.3018495440483093,0.06325624138116837,0.06168394535779953,0.06893015652894974,0.06422088295221329,0.05337435007095337,0.07025939226150513,0.31642550230026245,2.2466690029004095,0.5818599026163471,0.19394807180088883,0.795952113338505,82.91854858398438,76.22907257080078,20612.935546875,0.1260187611560518,79.25543975830078,30.091976165771484,207.0,136.0,165.0,0.0,0.25903117656707764,0.07304210215806961,0.06301253288984299,0.09425967186689377,0.0702984482049942,0.04216077923774719,0.08733957260847092,0.3108557164669037,0.5550526213577729,0.8353424384003338,0.3626181880539264,0.9147109169175599,87.88192749023438,29.87546157836914,215.0,155.0,177.0,0.0,0.2823486328125,0.0712890625,0.06365966796875,0.079345703125,0.0689239501953125,0.0504302978515625,0.0764007568359375,0.3076019287109375,0.7484593837535014,0.7625868971292492,0.31380618865824494,0.8952346577924788
C:\Users\Administrator\Desktop\机器学习版本记录\纹理识别模型\fire\50380592206_fa0cb90891_o_512.jpg,50380592206_fa0cb90891_o_512.jpg,fire,1,127.5218276977539,118.66763305664062,109.55803680419922,49.44485092163086,47.46304702758789,49.74359130859375,1.0746133830972575,1.1639659695773243,1.083148579830555,8.854194641113281,17.963790893554688,17.963790893554688,40137.69921875,56857.6875,17389.736328125,0.03335952386260033,0.06476068496704102,51.729652404785156,54.76638412475586,129.61546325683594,55.79426574707031,49.78030014038086,120.27166748046875,47.567256927490234,255.0,172.0,232.5399932861328,0.012752266215984166,0.20831352472305298,0.09581620246171951,0.009240351617336273,0.04970768466591835,0.04307812824845314,0.016438689082860947,0.01779070682823658,0.06568948179483414,0.0392645001411438,0.02276986837387085,0.005361455492675304,0.029222263023257256,0.056952640414237976,0.023711619898676872,0.05971262603998184,0.25693026185035706,1.0039662128953355,0.830484907176245,0.289349408721919,0.9389783494816669,7.102171481386712,44.82197952270508,76.86656951904297,8513.1748046875,0.053157664083843835,0.08382513759899658,191.8149871826172,185.04290771484375,170.26414489746094,34.966468811035156,26.527313232421875,23.77605438232422,56.94609069824219,34.49617385864258,196.1976318359375,43.837493896484375,38.594940185546875,31.794105529785156,0.24267275631427765,0.04745899513363838,0.06399569660425186,0.11037913709878922,0.05028233304619789,0.022183382883667946,0.10943802446126938,0.3535896837711334,0.3964933599513931,0.9106453179696413,0.6183809715021734,0.9304353867478233,4.928762621392742,26.969770431518555,44.90821838378906,2889.84716796875,0.03562785695079322,1.5411892656086887,0.6298785976116834,-2.1734088599939705,0.6874999570312527,0.42282642791238695,1440.8564453125,113.31129455566406,0.006673978175967932,0.24519044160842896,1409.8712158203125,108.95954895019531,0.09708915650844574,0.07176071405410767,0.08049073070287704,0.09880015254020691,0.2552536427974701,0.1098574697971344,0.10196812450885773,0.08978722989559174,0.09499279409646988,0.755979597568512,0.2552536427974701,3.0454845428466797,16.0,0.08382513759899658,0.02331739676608207,1.1511627773120607,0.16251422808944974,77.32474108364727,0.3040364682674408,0.06095275282859802,0.05635588988661766,0.0788833275437355,0.06455191969871521,0.03891018033027649,0.0785103514790535,0.31779909133911133,2.1296208666232324,0.6989567168276333,0.19510416084809262,0.8958101698906128,80.05230712890625,97.9814453125,18554.712890625,0.13754230887577276,120.33992004394531,46.98801040649414,255.0,172.0,227.27000427246094,0.011888415118884152,0.334023654460907,0.06186459958553314,0.04533473774790764,0.0954514667391777,0.06819037348031998,0.022742675617337227,0.08607576042413712,0.28631675243377686,1.1355200294009555,0.8217004592096075,0.2908160459969237,0.9280119829833867,128.98977661132812,40.22700500488281,255.0,171.0,245.0,0.016737171234136473,0.2962018549442291,0.057342853397130966,0.06270474195480347,0.08497125655412674,0.06361641734838486,0.03547808900475502,0.08266889303922653,0.3170158863067627,0.8373280002470929,0.8294913727739712,0.31088054527457015,0.9324051047859154
C:\Users\Administrator\Desktop\机器学习版本记录\纹理识别模型\fire\51299010911_26aaf74757_o_512.jpg,51299010911_26aaf74757_o_512.jpg,fire,1,42.921142578125,27.379995346069336,24.17584991455078,44.28798294067383,27.330333709716797,26.338581085205078,1.567609507160754,1.775372570331824,1.1325349185368307,15.541147232055664,18.74529266357422,18.74529266357422,556371.1875,5756486.5,1351937.625,0.2126224935054779,0.23326817154884338,46.77911376953125,134.4473419189453,47.33735275268555,86.96416473388672,44.18575668334961,31.672025680541992,29.028169631958008,253.0,83.0,137.0,0.0014427293816756974,0.22471193969249725,0.08592569082975388,0.014929545111954212,0.0335368774831295,0.0427531860768795,0.016685448586940765,0.021306706592440605,0.04225524514913559,0.02973678894340992,0.019795406609773636,0.008709629066288471,0.03321365267038345,0.042543526738882065,0.022957779467105865,0.07435070723295212,0.2865878641605377,0.513854030405638,0.8420035703242942,0.37146105849791,0.9208843026912285,6.40199587092084,31.353975296020508,46.34503936767578,4019.8330078125,0.028487564535996015,0.07625152675134846,146.95904541015625,89.67491149902344,52.57783126831055,70.7669448852539,37.501670837402344,49.77734375,49.3720703125,137.5087127685547,151.65737915039062,43.25010299682617,107.56371307373047,65.83184814453125,0.19977939128875732,0.04351023584604263,0.03701433911919594,0.07574457675218582,0.06777791678905487,0.029537932947278023,0.10589533299207687,0.44074028730392456,0.8345071410533405,0.8206531492349025,0.314380013004794,0.9191452108818607,6.762411528993935,41.762046813964844,62.209510803222656,4324.27294921875,0.030395881848265718,3.2387552248922225,1.0227700286457502,0.3604156580730953,0.7499999531250029,0.3696837344323924,107.8764877319336,36.76066589355469,1.1008459329605103,2.9223978519439697,322.2293395996094,64.2156982421875,0.07612790167331696,0.0670124888420105,0.08925711363554001,0.16337040066719055,0.24567149579524994,0.1404726654291153,0.08419962227344513,0.06795617938041687,0.06593212485313416,0.63935786485672,0.24567149579524994,3.0004727840423584,12.0,0.07625152675134846,0.037674910443904266,2.338983011203678,0.35997604448553466,34.90890797887974,0.3237239122390747,0.050659120082855225,0.0579884871840477,0.06189340353012085,0.05182098597288132,0.04472748562693596,0.06218168884515762,0.3470049202442169,1.830129830029688,0.64400148832582,0.19798849356806686,0.8473783652708033,68.0038070678711,73.31237030029297,17718.408203125,0.07454289732770746,31.756635665893555,28.422155380249023,248.0,81.0,136.0,0.0010814708002883922,0.2838403284549713,0.04550729691982269,0.05468612536787987,0.07258660346269608,0.04427642002701759,0.03080710396170616,0.072727270424366,0.39556884765625,0.47662298488453936,0.8823811642134004,0.397041461394399,0.924013035766856,33.08450698852539,37.531978607177734,252.0,118.0,161.0,0.0034030696144710395,0.3349071443080902,0.04675217345356941,0.04701988399028778,0.05789870768785477,0.04711723327636719,0.03536226227879524,0.05972401425242424,0.37121856212615967,0.8088441918087742,0.8158669011605356,0.4119559434040734,0.9260162851991287
C:\Users\Administrator\Desktop\机器学习版本记录\纹理识别模型\fire\51341756029_4e29bba961_o_512.jpg,51341756029_4e29bba961_o_512.jpg,fire,1,52.68623352050781,27.137676239013672,9.823073387145996,71.0739974975586,37.689327239990234,11.614669799804688,1.9414422633328772,5.3635177179815,2.762645905901388,25.54855728149414,42.863160133361816,42.863160133361816,95523.8828125,1260523.625,593622.0,0.13732458651065826,0.12199799716472626,55.16051483154297,194.62777709960938,54.3354377746582,50.60458755493164,69.91336059570312,32.75864028930664,43.951908111572266,244.0,132.0,172.0,0.0005858758844472486,0.021620243787765503,0.05121341347694397,1.233562761626672e-05,0.01194088812917471,0.0028700893744826317,0.000649676367174834,0.0003865163307636976,0.06998824328184128,0.005777185782790184,0.0013363596517592669,0.0,0.0002343769301660359,0.05986480042338371,0.006977853365242481,0.03440406545996666,0.7327239513397217,0.03735432235678393,0.983197834173841,0.6181806880854699,0.9974382020367261,5.628511775930656,6.1737060546875,16.15106964111328,24.52202796936035,0.0009786264689676724,0.10025032878658037,212.18406677246094,118.59458923339844,27.701663970947266,26.16440200805664,29.568546295166016,27.018489837646484,14.727859497070312,222.00070190429688,212.18406677246094,2.158336877822876,30.735084533691406,26.16440200805664,0.12624584138393402,0.017037225887179375,0.005281540099531412,0.07922310382127762,0.03266888111829758,0.0005537098622880876,0.14085526764392853,0.5981343984603882,0.12022983745729371,0.9484566664433658,0.38889791162214166,0.9786702278903705,6.421146712511928,16.125595092773438,24.947465896606445,95.32156372070312,0.002725956214328307,4.1576232785963665,1.1406424307566116,0.7926349365812717,0.9999999375000038,0.11942563687164025,1282.314697265625,122.38633728027344,0.39592641592025757,1.8015663623809814,3315.08251953125,184.74256896972656,0.09668176621198654,0.07444190233945847,0.1154792532324791,0.15779735147953033,0.2543101906776428,0.12163282930850983,0.06709897518157959,0.0554492212831974,0.0571085549890995,0.6600271463394165,0.2543101906776428,2.985652208328247,3.0,0.10025032878658037,0.09954973594574072,1.8581560151903829,0.4759176337051025,26.40450725893681,0.12340973317623138,0.02419016696512699,0.008375891484320164,0.07017327100038528,0.023750195279717445,0.0021587349474430084,0.07988552749156952,0.6680564880371094,0.07502931796294374,0.9654309678808752,0.46850392587928297,0.9962730602216282,10.90623664855957,20.02580451965332,84.01656341552734,0.0021299517265766987,32.8025016784668,43.966670989990234,239.0,132.0,172.0,0.0006054754618795923,0.08980082720518112,0.01873115822672844,0.005765967536717653,0.0826839730143547,0.011087131686508656,0.0007578128715977073,0.07709922641515732,0.714073896408081,0.08711606414786627,0.9694681926383317,0.6133101443629815,0.9940417802165522,74.62147521972656,53.97684860229492,244.0,167.0,192.0,0.0021820068359375,0.1238555908203125,0.0323486328125,0.006011962890625,0.117279052734375,0.0145721435546875,0.00054931640625,0.085906982421875,0.619476318359375,0.10212961897087602,0.9558845875175211,0.29176140269784523,0.995442110245766
C:\Users\Administrator\Desktop\机器学习版本记录\纹理识别模型\fire\9605221505_ab86c8f4ca_o_512.jpg,9605221505_ab86c8f4ca_o_512.jpg,fire,1,91.33739471435547,77.24386596679688,88.3690414428711,65.00688171386719,44.72852325439453,43.361995697021484,1.1824549741096815,1.0335904089195418,0.8741054992955657,14.093528747558594,2.968353271484375,14.093528747558594,75016.1328125,314869.25,60910.6328125,0.044875990599393845,-0.030359650030732155,99.10201263427734,87.66991424560547,108.6443099975586,52.56865310668945,63.25142288208008,82.71671295166016,48.5663948059082,245.0,170.0,211.0,0.006397977413591833,0.07108155637979507,0.08093012869358063,0.00211512902751565,0.029585368931293488,0.01795215904712677,0.006279289722442627,0.003397426102310419,0.09816182404756546,0.019591383635997772,0.008546443656086922,0.0010245157172903419,0.006186752580106258,0.09697867184877396,0.021501610055565834,0.03590431809425354,0.5007634162902832,0.5074008721818193,0.9450063709727882,0.3885313984015538,0.9707947748097405,6.700466646018635,21.498260498046875,61.76686096191406,4532.60791015625,0.0244165218023544,0.10001999367877239,229.3226776123047,156.3609161376953,99.29429626464844,24.893796920776367,33.691009521484375,13.982230186462402,12.671137809753418,143.7138214111328,229.32383728027344,5.356980800628662,16.80490493774414,24.894941329956055,0.15948307514190674,0.05335354804992676,0.018482420593500137,0.13991770148277283,0.050465669482946396,0.00498158996924758,0.14157822728157043,0.4317377805709839,0.26471472474612506,0.9079249842082905,0.33944446176746546,0.9560268891804673,6.577454979415238,26.489757537841797,23.33647918701172,544.93359375,0.004043029384159989,2.0755227295683607,1.6392604122921928,-0.12301166660339646,0.9374999414062536,0.35844270664333205,1498.1917724609375,127.82386016845703,0.03638289496302605,0.6739429831504822,2591.07861328125,171.53549194335938,0.17401312291622162,0.09451672434806824,0.09691313654184341,0.09604433178901672,0.1934981793165207,0.08796441555023193,0.07954573631286621,0.07146865874528885,0.10603568702936172,0.9825847744941711,0.1934981793165207,3.0844566822052,8.0,0.10001999367877239,0.047081890240845914,1.1944444333847737,0.3593349801192261,34.971186519105515,0.21614636480808258,0.04573966562747955,0.034846752882003784,0.11432933807373047,0.04482090845704079,0.011600160971283913,0.11286857724189758,0.4196482300758362,0.6801750862758096,0.9005809245030201,0.37368043462638767,0.9638868683930236,31.829002380371094,66.19220733642578,5409.73974609375,0.032374695123966395,82.93253326416016,47.97596740722656,245.0,170.0,211.0,0.006121658271987602,0.17116080224514008,0.041879769414663315,0.03033873252570629,0.09597001224756241,0.03403400629758835,0.005542910657823086,0.12606774270534515,0.4950060248374939,0.5202915127945358,0.9174733884822712,0.3739195354753627,0.9693374289872401,90.5145034790039,48.559207916259766,245.0,181.0,217.0,0.008842517516751828,0.16535982489585876,0.028559474274516106,0.024499472230672836,0.07235170155763626,0.03506787493824959,0.010227483697235584,0.1374511867761612,0.5264829993247986,0.6875289164430463,0.9262651966721998,0.40963736942324697,0.9612686020279625
C:\Users\Administrator\Desktop\机器学习版本记录\纹理识别模型\fire\fire_001.jpg,fire_001.jpg,fire,1,119.01945495605469,114.70392608642578,107.77798461914062,81.63623046875,81.64533996582031,84.18148803710938,1.0376231919799686,1.1043020916779656,1.0642611793818417,4.315528869628906,11.241470336914062,11.241470336914062,13392.84765625,14379.4794921875,6524.2978515625,0.01573990099132061,0.03724958747625351,57.3785514831543,61.58674621582031,126.14520263671875,55.67072677612305,83.66324615478516,115.20032501220703,81.1872329711914,255.0,254.0,255.0,0.189403822987931,0.14792802929878235,0.10502728074789047,0.003855361370369792,0.06312400102615356,0.03370077535510063,0.011009353213012218,0.009371636435389519,0.0987362191081047,0.06910421699285507,0.019383512437343597,0.002087740693241358,0.019643321633338928,0.10550513863563538,0.018585532903671265,0.05594681203365326,0.2369910478591919,0.6005923746396636,0.8756847464930224,0.2315527495460892,0.9879893149417917,7.670113059620414,34.11915588378906,54.91038131713867,4738.15673828125,0.03275897264595628,0.08741050526132504,253.03057861328125,254.08607482910156,252.92359924316406,3.4546611309051514,2.2826502323150635,5.592878818511963,40.3870735168457,2.8451297283172607,254.43418884277344,45.01137924194336,5.536553859710693,2.060072898864746,0.18695496022701263,0.013140604831278324,0.05459323897957802,0.08517500758171082,0.013319794088602066,0.008003822527825832,0.09509019553661346,0.54372239112854,0.013136221940893806,0.9963731856118933,0.9934584831369295,0.1014814500149877,2.2062982773912445,5.313488006591797,9.540740013122559,250.68145751953125,0.00011946004061641381,2.2021101515473633,0.04619710988058821,-5.46381478222917,0.9999999375000038,0.16157945008377975,4765.0927734375,231.06993103027344,0.022983014583587646,0.6728820204734802,5145.60546875,231.61471557617188,0.13251233100891113,0.0968874841928482,0.0835064947605133,0.0859488844871521,0.14451272785663605,0.10117320716381073,0.10625628381967545,0.1188126653432846,0.13038991391658783,1.0407969951629639,0.14451272785663605,3.145787000656128,24.0,0.08741050526132504,0.06604086642241043,1.3630573161588706,0.15798323907133294,79.54242923079535,0.2623826265335083,0.0679582804441452,0.04694633185863495,0.10296273976564407,0.08496177196502686,0.024185316637158394,0.11917288601398468,0.2914300560951233,1.225367451297211,0.7924260133671066,0.1874740382896271,0.9695332264739525,58.356163024902344,68.92375946044922,10535.263671875,0.07946405374308727,115.28582000732422,80.951171875,255.0,254.0,255.0,0.1901697749663722,0.2707858979701996,0.0755460113286972,0.04054507985711098,0.10742953419685364,0.10016800463199615,0.023277953267097473,0.12251260131597519,0.2597349286079407,0.6789036070167676,0.8467854255816283,0.2209128283806146,0.9863408762046395,113.85871887207031,71.78629302978516,255.0,254.0,255.0,0.1400299072265625,0.2460479736328125,0.0521697998046875,0.0367889404296875,0.0988616943359375,0.1251068115234375,0.014434814453125,0.1668853759765625,0.25970458984375,0.34373968765588425,0.8976139869694617,0.2647265781039783,0.9912355716056573
C:\Users\Administrator\Desktop\机器学习版本记录\纹理识别模型\fire\fire_002.jpg,fire_002.jpg,fire,1,120.14904022216797,116.01378631591797,109.37689208984375,81.4992446899414,81.71345520019531,84.37287902832031,1.0356444953821675,1.0984864977237543,1.0606791163890767,4.13525390625,10.772148132324219,10.772148132324219,13509.609375,14626.7861328125,5367.1708984375,0.01698143035173416,0.03646528720855713,57.97260284423828,60.932613372802734,127.43273162841797,55.22380447387695,83.50025177001953,116.48968505859375,81.21856689453125,255.0,254.0,255.0,0.1933783771461918,0.14760594069957733,0.10598292946815491,0.003417752683162689,0.06302820146083832,0.03356289118528366,0.010243945755064487,0.00965259037911892,0.098202183842659,0.06885328143835068,0.018867485225200653,0.0020534454379230738,0.019328461959958076,0.10521463304758072,0.019496090710163116,0.05581087991595268,0.23867927491664886,0.6061296990424865,0.8763038012713147,0.23340697760873663,0.9878677160841227,7.666650013634758,33.96668243408203,54.726871490478516,4813.65185546875,0.032859783666494384,0.08533249446031616,253.27162170410156,254.24378967285156,253.22422790527344,3.0790293216705322,2.025094985961914,4.80234956741333,39.36212921142578,2.4687716960906982,254.51856994628906,44.59646224975586,4.766408443450928,1.8494492769241333,0.1728874146938324,0.011148066259920597,0.04773343354463577,0.08542744815349579,0.012256713584065437,0.006159152369946241,0.09688346832990646,0.5675042867660522,0.01034608276866215,0.9974141793134346,0.9956201878515194,0.07564150033070348,2.0403261152204246,4.628897666931152,8.441370964050293,203.4475555419922,0.0002463661000246366,2.179480581133065,0.04051642493108969,-5.626323898414333,0.9999999375000038,0.16433204901500267,4733.6865234375,230.6132049560547,0.02340027503669262,0.6803597211837769,5072.0888671875,230.65130615234375,0.1323041170835495,0.097332663834095,0.08385435491800308,0.08464974164962769,0.14254230260849,0.10186980664730072,0.10782470554113388,0.11872830241918564,0.13089397549629211,1.0449798107147217,0.14254230260849,3.1463661193847656,20.0,0.08533249446031616,0.06430596967263767,1.4726027296397073,0.1335708288951196,94.08020237207599,0.2628270387649536,0.06770782172679901,0.04603256657719612,0.10190397500991821,0.08452186733484268,0.023831142112612724,0.11986812949180603,0.29330745339393616,1.2031909442131747,0.7978175440441909,0.19053591885445834,0.9703790068563776,57.04595184326172,68.37741088867188,10368.986328125,0.07752804280106723,116.38741302490234,81.04029846191406,255.0,254.0,255.0,0.1934074734715422,0.2739175856113434,0.07510553300380707,0.037394002079963684,0.10855840891599655,0.09974224120378494,0.022432664409279823,0.12338899821043015,0.25946056842803955,0.6725470561905598,0.847909436669684,0.22330131728087085,0.9864984905477672,115.93106079101562,72.27388000488281,255.0,254.0,255.0,0.14642333984375,0.2469482421875,0.0503692626953125,0.03558349609375,0.0947418212890625,0.127197265625,0.013275146484375,0.1683502197265625,0.2635345458984375,0.3463834849008096,0.8985593184185939,0.2642595309583697,0.9912690128755033
C:\Users\Administrator\Desktop\机器学习版本记录\纹理识别模型\fire\fire_003.jpg,fire_003.jpg,fire,1,126.72669982910156,77.92263793945312,39.687747955322266,110.14478302001953,80.70802307128906,54.47124099731445,1.6263142721278963,3.193093666555938,1.9633927342962452,48.80406188964844,87.0389518737793,87.0389518737793,637029.3125,3167816.0,851272.0625,0.3878052234649658,0.535398542881012,16.923912048339844,205.9633331298828,126.77018737792969,59.32197952270508,110.14265441894531,88.1238784790039,84.40292358398438,255.0,236.0,254.0,0.06828554206492723,0.08196485787630081,0.13617640733718872,0.001618792419321835,0.05385182797908783,0.013453963212668896,0.00669100834056735,0.005090202670544386,0.10176808387041092,0.03311329707503319,0.009640808217227459,0.0005935571971349418,0.005683759693056345,0.08764861524105072,0.014425238594412804,0.06084860861301422,0.38743096590042114,0.7593745760709268,0.9213241383633868,0.3950005151140518,0.9856882442675605,6.747945912316114,32.233154296875,77.36387634277344,5207.4541015625,0.02403007356512042,0.09849306811162502,253.94509887695312,236.3406219482422,165.58384704589844,3.98179030418396,19.13755226135254,62.40217590332031,31.693302154541016,89.13323974609375,254.14041137695312,26.504356384277344,62.053138732910156,3.9532203674316406,0.1458117961883545,0.028955532237887383,0.03288521245121956,0.11127197742462158,0.042399171739816666,0.005997931584715843,0.19048604369163513,0.44219234585762024,0.29798095938922875,0.911709132602815,0.5309704001504284,0.8536639127583693,5.398618600842895,26.970285415649414,32.315242767333984,1169.4306640625,0.013029989658738366,2.6502674501623553,0.4327626571139372,-1.3493273114732185,0.4374999726562517,0.14779294559985592,3874.954833984375,157.04112243652344,2.6532363891601562,4.948169231414795,7939.59033203125,227.03436279296875,0.06491366773843765,0.07483422756195068,0.10823281109333038,0.1914709061384201,0.27308809757232666,0.10064437240362167,0.07012073695659637,0.05902896076440811,0.05766620859503746,0.5966671109199524,0.27308809757232666,2.9317691326141357,2.0,0.09849306811162502,0.09131146129180553,2.621621586194303,0.22112270277933335,56.82985262932408,0.24754932522773743,0.06444592028856277,0.022573160007596016,0.09856647253036499,0.06176592409610748,0.01055812370032072,0.09552673995494843,0.39901432394981384,0.8728934827605823,0.8737524628222676,0.32518112196158705,0.9819467649062285,45.028690338134766,76.734375,5355.25537109375,0.04457075022033563,88.32225036621094,84.1935806274414,255.0,235.0,254.0,0.066629879983446,0.2583370506763458,0.06410256773233414,0.017563361674547195,0.10463909804821014,0.044834740459918976,0.005187490954995155,0.105898916721344,0.3994367718696594,1.0240316401816116,0.8768123859637806,0.379173636535326,0.9806500793432256,70.5064926147461,80.40011596679688,255.0,218.0,254.0,0.04666295395257496,0.21718668937683105,0.0680866688489914,0.019955383613705635,0.1365094929933548,0.02823702059686184,0.006020230241119862,0.06411392241716385,0.45989060401916504,0.7680860106022084,0.9251145905577379,0.4509458176123303,0.9841610966406722
C:\Users\Administrator\Desktop\机器学习版本记录\纹理识别模型\fire\fire_004.jpg,fire_004.jpg,fire,1,122.44120025634766,119.56925964355469,86.6106185913086,40.17666244506836,34.46757507324219,49.95024871826172,1.024019046344649,1.4136973137256563,1.380538093455153,2.8719406127929688,35.83058166503906,35.83058166503906,3429.6181640625,376244.96875,435167.25,0.0037329967599362135,0.13892829418182373,38.00235366821289,92.22198486328125,126.05824279785156,67.94316864013672,38.92322540283203,116.67353820800781,36.272621154785156,238.0,177.0,193.0,0.00026193928621544505,0.20448113977909088,0.10185977071523666,0.010530571453273296,0.06545408070087433,0.03472737967967987,0.011235743761062622,0.01591808721423149,0.07358706742525101,0.05444399639964104,0.022433878853917122,0.005396917928010225,0.02517934888601303,0.07023514807224274,0.01984824612736702,0.06483352929353714,0.2198350876569748,1.620035431869911,0.6866048582388579,0.20206496675050276,0.8416494728377086,7.1573980950303255,72.82383728027344,70.55308532714844,14346.6005859375,0.16669330650544864,0.08308620608969977,185.81912231445312,180.4930419921875,168.4852294921875,22.448612213134766,11.618103981018066,27.957021713256836,46.12019348144531,26.972021102905273,189.07510375976562,32.224090576171875,44.67005920410156,21.86345863342285,0.2932128608226776,0.0518692247569561,0.03738446533679962,0.10870464891195297,0.057870052754879,0.010553179308772087,0.13077665865421295,0.3096289038658142,0.22715400757884566,0.904184719385216,0.5320786744065665,0.8028376607726623,5.054124884152204,18.045316696166992,23.070032119750977,832.7716064453125,0.011242930059318527,1.548977749482031,0.2924684482818576,-2.103273210878122,0.9999999375000038,0.18446095177937497,534.1255493164062,76.34844970703125,0.008280692622065544,0.3430613875389099,491.46221923828125,70.91363525390625,0.12742534279823303,0.09928473085165024,0.09150677919387817,0.0970810055732727,0.14545609056949615,0.10260719060897827,0.1001017838716507,0.10968559235334396,0.12685149908065796,1.0106302499771118,0.14545609056949615,3.1535232067108154,56.0,0.08308620608969977,0.04141914963262351,1.026086947599244,0.3566746971319273,35.23202154217208,0.3066793978214264,0.0766616240143776,0.045958422124385834,0.08818883448839188,0.07668042182922363,0.03292214125394821,0.08690071851015091,0.28600844740867615,5.5089224957176715,0.5265535753267803,0.1271221475853272,0.727079157629926,143.6123046875,122.22776794433594,53035.11328125,0.26987410325601513,116.70658111572266,34.5119743347168,230.0,177.0,192.0,0.00013086558235184147,0.29868781566619873,0.0863022729754448,0.049221184104681015,0.09326913952827454,0.09060700237751007,0.0343623161315918,0.09372226893901825,0.2538279891014099,1.2208882197967634,0.6995723487450574,0.21377032713862995,0.8674560338187556,112.29507446289062,32.0015869140625,238.0,170.0,190.0,0.000823974609375,0.2947998046875,0.0833587646484375,0.0494537353515625,0.094024658203125,0.078094482421875,0.0332489013671875,0.0869598388671875,0.280059814453125,1.6307662791143853,0.6549978713295952,0.20285624158700394,0.8005862728149264
C:\Users\Administrator\Desktop\机器学习版本记录\纹理识别模型\fire\fire_005.jpg,fire_005.jpg,fire,1,81.86064147949219,78.98311614990234,85.27286529541016,59.99974060058594,71.3367919921875,70.30027770996094,1.036432144405349,0.9599846356272695,0.9262397240909168,2.8775253295898438,-3.4122238159179688,6.2897491455078125,365849.34375,24451.548828125,4288.8349609375,0.09281939268112183,-0.002689640037715435,114.05146789550781,92.79475402832031,93.64136505126953,65.31851196289062,70.75392150878906,80.57430267333984,66.96977233886719,253.0,203.0,213.0,0.0015481207534187667,0.25851261615753174,0.06477005779743195,0.019741643220186234,0.03578445687890053,0.045907896012067795,0.015225703828036785,0.020159555599093437,0.034836359322071075,0.035141997039318085,0.0213883388787508,0.014414830133318901,0.046001460403203964,0.035329122096300125,0.020371628925204277,0.05909394100308418,0.27332040667533875,2.3594141178908368,0.5798257643051449,0.16803601919841438,0.932123664991725,7.508905993244151,70.90007019042969,62.71851348876953,22361.0546875,0.13884020184504836,0.05815282163401594,184.41136169433594,211.42404174804688,218.78143310546875,13.048083305358887,8.474953651428223,12.899375915527344,95.13300323486328,43.95541763305664,220.67938232421875,11.243250846862793,10.695056915283203,9.44605541229248,0.32062244415283203,0.05103042349219322,0.06575073301792145,0.06350763887166977,0.05131080746650696,0.05187158286571503,0.06589093059301376,0.3300154209136963,0.658162823583735,0.733873735924776,0.4684738688729432,0.09006003705394272,5.083857327685729,34.71455383300781,18.755924224853516,5130.85546875,0.0,2.533776819023212,0.47368428980325183,-2.425048665558422,0.9999999375000038,0.37905708110191233,3687.67333984375,169.12696838378906,0.1804032027721405,1.1458723545074463,4129.49169921875,182.5422821044922,0.10483299195766449,0.10404285788536072,0.1056530773639679,0.10796766728162766,0.15842141211032867,0.10810527205467224,0.10633412003517151,0.10416335612535477,0.10047919303178787,0.9086132645606995,0.15842141211032867,3.1549630165100098,30.0,0.05815282163401594,0.05342859600158849,2.7977527775533395,0.08041208913163149,156.27464413136133,0.32299575209617615,0.05430979281663895,0.06118973717093468,0.05397920310497284,0.05509571358561516,0.06159517541527748,0.054877400398254395,0.33595722913742065,9.035297046620988,0.36339282926635,0.09332651142456208,0.7160347943934549,144.56695556640625,92.20991516113281,90228.859375,0.33877034200135975,80.7273941040039,65.55392456054688,251.0,201.0,209.0,0.0002458331284723929,0.3416195809841156,0.0575517900288105,0.06365348398685455,0.06194601207971573,0.05996233597397804,0.05245449021458626,0.06257376074790955,0.30023854970932007,1.1585256832093769,0.7282840182518686,0.20333396850252647,0.9656282590492536,88.3958740234375,64.02997589111328,253.0,207.0,215.0,0.0032806396484375,0.329315185546875,0.0549468994140625,0.063385009765625,0.0552520751953125,0.05810546875,0.0592803955078125,0.05914306640625,0.3205718994140625,2.3709949733317983,0.5539637478843806,0.15062393061008172,0.9257428114432987
C:\Users\Administrator\Desktop\机器学习版本记录\纹理识别模型\fire\fire_006.jpg,fire_006.jpg,fire,1,132.7935028076172,73.34388732910156,33.59232711791992,92.3031234741211,66.92355346679688,45.46879577636719,1.8105598957579,3.953090191947075,2.1833523140057705,59.449615478515625,99.20117568969727,99.20117568969727,334886.59375,2564371.25,787516.1875,0.3776358962059021,0.545148491859436,13.677621841430664,211.0208740234375,132.80975341796875,46.85047149658203,92.31221771240234,86.56906127929688,70.03756713867188,255.0,215.0,254.0,0.044578114155402054,0.06365276128053665,0.10923011600971222,0.0009118153830058873,0.045577358454465866,0.017887672409415245,0.006349185016006231,0.005263051949441433,0.12332973629236221,0.02327810972929001,0.008803040720522404,0.00044249865459278226,0.004512145183980465,0.08679677546024323,0.01494438573718071,0.07145682722330093,0.4175645112991333,0.293840824926043,0.94546098031805,0.29237515459470553,0.9920594056822547,7.462610383189279,19.21292495727539,48.6948127746582,1695.3739013671875,0.012711779179768425,0.09994381465379949,253.84451293945312,216.6311492919922,137.49755859375,4.024112701416016,31.96493148803711,64.28977966308594,26.7673282623291,117.14093780517578,253.94967651367188,23.564956665039062,64.04086303710938,4.017395496368408,0.12771189212799072,0.03420595824718475,0.025527914986014366,0.11512872576713562,0.04519814997911453,0.005568412132561207,0.16951113939285278,0.47714781761169434,0.3059093614488564,0.9152668275528058,0.4111242255916904,0.9321828570014271,6.064532479206096,27.021102905273438,35.52443313598633,1163.558837890625,0.015692797223025745,2.5270049889731188,0.5551154016974162,-1.3980779039831832,0.9374999414062536,0.3870531852942541,2766.602294921875,162.73031616210938,0.32747599482536316,2.00964093208313,5753.88720703125,230.9854278564453,0.08041173964738846,0.084612175822258,0.1230635941028595,0.17275211215019226,0.21965418756008148,0.1071511059999466,0.08511589467525482,0.06737563759088516,0.05986356362700462,0.685027003288269,0.21965418756008148,3.0369715690612793,5.0,0.09994381465379949,0.09874078725518894,2.6031745825144874,0.17567786795907372,71.53075546450543,0.22917406260967255,0.06215764954686165,0.029721159487962723,0.10708466917276382,0.059770841151475906,0.013127460144460201,0.0999041274189949,0.3990600109100342,0.36942079908474584,0.9057416888745748,0.2500846199368544,0.9884793668984081,29.34806251525879,48.686100006103516,1881.267822265625,0.020073347502229253,86.71696472167969,69.88147735595703,255.0,215.0,254.0,0.043874960330053954,0.1813988834619522,0.06128927320241928,0.020022790879011154,0.13478755950927734,0.03470074385404587,0.0038797548040747643,0.10179608315229416,0.46212491393089294,0.45510616378791324,0.9134408913640029,0.27876356751253056,0.987652207056926,108.6156005859375,69.48699188232422,255.0,231.0,254.0,0.06390386171723496,0.19542530179023743,0.057542745023965836,0.025455711409449577,0.1462404727935791,0.03060491755604744,0.006218772381544113,0.08733784407377243,0.45117422938346863,0.3460070351141286,0.9345944499960901,0.26720076244597746,0.9905684517876819
C:\Users\Administrator\Desktop\机器学习版本记录\纹理识别模型\fire\fire_007.jpg,fire_007.jpg,fire,1,138.42283630371094,120.5335922241211,104.72362518310547,45.714149475097656,35.846683502197266,39.44258117675781,1.1484170727933618,1.3217918568030067,1.1509684740420703,17.889244079589844,33.69921112060547,33.69921112060547,8851.5869140625,29918.45703125,17988.8203125,0.051746491342782974,0.09594277292490005,39.202388763427734,62.50402069091797,139.46400451660156,62.35158157348633,45.38264083862305,124.08148956298828,36.12553024291992,242.0,184.0,215.0,0.0018573458652240034,0.14065924286842346,0.11592831462621689,0.004071349743753672,0.074356809258461,0.024777190759778023,0.008113257586956024,0.010842911899089813,0.10903477668762207,0.059408895671367645,0.019107583910226822,0.0017454649787396193,0.014396931044757366,0.09923073649406433,0.01829163171350956,0.06748850643634796,0.23254640400409698,0.5968077680291929,0.8592030122072999,0.28263135327315336,0.9390892937419292,7.0372110904412,38.54199981689453,56.63644790649414,4198.11376953125,0.05270042353812053,0.0937481821275388,216.296875,185.8172607421875,150.6346435546875,29.277122497558594,22.85934066772461,47.57255172729492,24.436840057373047,70.14736938476562,216.70237731933594,19.659015655517578,69.33026885986328,29.02333641052246,0.27096670866012573,0.061218999326229095,0.02904943749308586,0.12518155574798584,0.058690622448921204,0.009145193733274937,0.10183441638946533,0.34391307830810547,0.2367587250543838,0.8990519371249143,0.4369212569735445,0.9142986393283002,5.64678907949491,22.484970092773438,28.489055633544922,872.17041015625,0.01968906342460595,1.5385347617703533,1.122285694377299,-1.3904220109462901,0.9999999375000038,0.08222849971308259,307.0509033203125,74.47730255126953,0.024201249703764915,0.4685819149017334,407.23345947265625,65.85596466064453,0.1715177595615387,0.10316877067089081,0.09137067943811417,0.09055407345294952,0.09217976033687592,0.0939420834183693,0.09605643153190613,0.10641245543956757,0.1547979712486267,1.2527827024459839,0.1715177595615387,3.1263914108276367,57.0,0.0937481821275388,0.039419776785921484,1.749999979166667,0.5277656440027128,23.810512783045727,0.26619812846183777,0.0803082138299942,0.03487985581159592,0.11623114347457886,0.08054795116186142,0.018056098371744156,0.1157306358218193,0.2880479693412781,1.4970332766252712,0.7563940601387095,0.1883472541287061,0.923263225543654,74.05757141113281,87.9488525390625,11617.166015625,0.12221198776912756,124.13554382324219,35.542442321777344,239.0,183.0,215.0,0.0017441570738027606,0.26114940643310547,0.0911548063158989,0.036032840609550476,0.12213663011789322,0.09181363880634308,0.019106021150946617,0.11635921150445938,0.2622474431991577,0.7290567019392953,0.821779073444405,0.2660572406464727,0.9216637388043623,122.07540893554688,33.62936019897461,242.0,181.0,205.0,0.00323486328125,0.2565765380859375,0.0883026123046875,0.0341644287109375,0.128997802734375,0.075103759765625,0.0159759521484375,0.1146087646484375,0.2862701416015625,0.3709642761214075,0.8672741897159586,0.2949792025221395,0.9589028884619144
C:\Users\Administrator\Desktop\机器学习版本记录\纹理识别模型\fire\fire_008.jpg,fire_008.jpg,fire,1,132.7935028076172,73.34388732910156,33.59232711791992,92.3031234741211,66.92355346679688,45.46879577636719,1.8105598957579,3.953090191947075,2.1833523140057705,59.449615478515625,99.20117568969727,99.20117568969727,334886.59375,2564371.25,787516.1875,0.3776358962059021,0.545148491859436,13.677621841430664,211.0208740234375,132.80975341796875,46.85047149658203,92.31221771240234,86.56906127929688,70.03756713867188,255.0,215.0,254.0,0.044578114155402054,0.06365276128053665,0.10923011600971222,0.0009118153830058873,0.045577358454465866,0.017887672409415245,0.006349185016006231,0.005263051949441433,0.12332973629236221,0.02327810972929001,0.008803040720522404,0.00044249865459278226,0.004512145183980465,0.08679677546024323,0.01494438573718071,0.07145682722330093,0.4175645112991333,0.293840824926043,0.94546098031805,0.29237515459470553,0.9920594056822547,7.462610383189279,19.21292495727539,48.6948127746582,1695.3739013671875,0.012711779179768425,0.09994381465379949,253.84451293945312,216.6311492919922,137.49755859375,4.024112701416016,31.96493148803711,64.28977966308594,26.7673282623291,117.14093780517578,253.94967651367188,23.564956665039062,64.04086303710938,4.017395496368408,0.12771189212799072,0.03420595824718475,0.025527914986014366,0.11512872576713562,0.04519814997911453,0.005568412132561207,0.16951113939285278,0.47714781761169434,0.3059093614488564,0.9152668275528058,0.4111242255916904,0.9321828570014271,6.064532479206096,27.021102905273438,35.52443313598633,1163.558837890625,0.015692797223025745,2.5270049889731188,0.5551154016974162,-1.3980779039831832,0.9374999414062536,0.3870531852942541,2766.602294921875,162.73031616210938,0.32747599482536316,2.00964093208313,5753.88720703125,230.9854278564453,0.08041173964738846,0.084612175822258,0.1230635941028595,0.17275211215019226,0.21965418756008148,0.1071511059999466,0.08511589467525482,0.06737563759088516,0.05986356362700462,0.685027003288269,0.21965418756008148,3.0369715690612793,5.0,0.09994381465379949,0.09874078725518894,2.6031745825144874,0.17567786795907372,71.53075546450543,0.22917406260967255,0.06215764954686165,0.029721159487962723,0.10708466917276382,0.059770841151475906,0.013127460144460201,0.0999041274189949,0.3990600109100342,0.36942079908474584,0.9057416888745748,0.2500846199368544,0.9884793668984081,29.34806251525879,48.686100006103516,1881.267822265625,0.020073347502229253,86.71696472167969,69.88147735595703,255.0,215.0,254.0,0.043874960330053954,0.1813988834619522,0.06128927320241928,0.020022790879011154,0.13478755950927734,0.03470074385404587,0.0038797548040747643,0.10179608315229416,0.46212491393089294,0.45510616378791324,0.9134408913640029,0.27876356751253056,0.987652207056926,108.6156005859375,69.48699188232422,255.0,231.0,254.0,0.06390386171723496,0.19542530179023743,0.057542745023965836,0.025455711409449577,0.1462404727935791,0.03060491755604744,0.006218772381544113,0.08733784407377243,0.45117422938346863,0.3460070351141286,0.9345944499960901,0.26720076244597746,0.9905684517876819
C:\Users\Administrator\Desktop\机器学习版本记录\纹理识别模型\fire\fire_009.jpg,fire_009.jpg,fire,1,123.33427429199219,76.85686492919922,39.61323928833008,111.06388092041016,82.04843139648438,55.50979232788086,1.6047268230480294,3.1134608881850556,1.9401812214751084,46.47740936279297,83.72103500366211,83.72103500366211,674393.9375,3370647.25,907133.5,0.3899528384208679,0.5316838026046753,17.93940544128418,206.22813415527344,123.38520812988281,60.48481369018555,111.04704284667969,86.4753189086914,85.61363983154297,255.0,238.0,254.0,0.07142470352520712,0.08467833697795868,0.14111153781414032,0.0018271793378517032,0.05380662530660629,0.0135325463488698,0.006376094184815884,0.005138941574841738,0.09712599962949753,0.03254663199186325,0.009954320266842842,0.0005900266696698964,0.005995431914925575,0.08597259223461151,0.013722877949476242,0.05867910012602806,0.38894176483154297,0.8144324677596031,0.9197098854627536,0.4089916723555048,0.9850706154782518,6.670275523828877,34.000404357910156,81.43193817138672,5676.24072265625,0.026494099733536353,0.09830147470084834,254.07656860351562,238.05931091308594,168.9291229248047,2.8322246074676514,17.794857025146484,61.938819885253906,31.993206024169922,85.79930114746094,254.241455078125,26.631378173828125,61.61564254760742,2.7991750240325928,0.14160455763339996,0.02476983703672886,0.032003507018089294,0.11530030518770218,0.040113985538482666,0.007233669515699148,0.19114422798156738,0.4478299021720886,0.2093530409498425,0.9263907760018478,0.5593896766487639,0.879961801914701,5.328057902214181,25.114606857299805,26.495872497558594,552.1775512695312,0.012275317843051293,2.7174662019568294,0.4160407166697253,-1.3422176216146964,0.4374999726562517,0.14504497029459976,3862.525146484375,154.565673828125,3.4592463970184326,5.618507385253906,7726.09375,224.78968811035156,0.06612664461135864,0.07369709759950638,0.1091577485203743,0.18374374508857727,0.2964327037334442,0.09366420656442642,0.06895710527896881,0.05701978877186775,0.05120103061199188,0.5739887356758118,0.2964327037334442,2.89552903175354,3.0,0.09830147470084834,0.09129799100934463,2.6944444070216056,0.21268084450902827,59.08557792706727,0.25289303064346313,0.06037304922938347,0.021050628274679184,0.09541302174329758,0.058051008731126785,0.009516558609902859,0.09531785547733307,0.40738484263420105,0.919286246858805,0.8711473412459996,0.33522580478436387,0.9813406955267856,47.15727996826172,80.85975646972656,5828.20068359375,0.046650171298058624,86.49354553222656,85.40360260009766,255.0,236.0,254.0,0.06968188703743779,0.2712990343570709,0.06424886733293533,0.01586681231856346,0.09785836935043335,0.046115364879369736,0.006096608005464077,0.1023135855793953,0.39620134234428406,1.2268286782903186,0.8726476542089809,0.3935798926687458,0.9774535288397121,68.12730407714844,81.32190704345703,255.0,219.0,254.0,0.04848670131458269,0.2225741744041443,0.070431187748909,0.0199431125074625,0.12563838064670563,0.028088435530662537,0.006302928552031517,0.06225353851914406,0.46476826071739197,0.821397864590661,0.9246586027886784,0.47476703104932505,0.9834369297640814
C:\Users\Administrator\Desktop\机器学习版本记录\纹理识别模型\fire\fire_010.jpg,fire_010.jpg,fire,1,142.05079650878906,81.39794921875,38.81565856933594,98.2291259765625,71.67779541015625,49.09100341796875,1.7451397255955432,3.6596259881928703,2.0970389302119123,60.65284729003906,103.23513793945312,103.23513793945312,426241.3125,2558025.0,737594.0625,0.3675423264503479,0.5288984179496765,14.761820793151855,207.3585662841797,142.0762176513672,50.65626525878906,98.2293701171875,94.65599060058594,74.79478454589844,255.0,224.0,254.0,0.05538880697000771,0.06832616776227951,0.12126018106937408,0.0009347154991701245,0.04765516519546509,0.017767256125807762,0.006619624327868223,0.0054167527705430984,0.11605795472860336,0.02644019015133381,0.009783865883946419,0.00046735774958506227,0.004911086987704039,0.08844553679227829,0.015307881869375706,0.06557565182447433,0.40503060817718506,0.334251089875262,0.9414105967207249,0.3023390161734961,0.9920057270674943,7.347938801306185,21.5046329498291,53.61414337158203,2056.295166015625,0.015162311045732105,0.09947530332782333,254.0125732421875,227.9677276611328,151.4551544189453,3.4645893573760986,24.911788940429688,64.47456359863281,27.894207000732422,103.25237274169922,254.14288330078125,22.663782119750977,64.22125244140625,3.4444713592529297,0.1299482136964798,0.029981626197695732,0.026975112035870552,0.10781693458557129,0.04000334069132805,0.006597628351300955,0.17922164499759674,0.47945550084114075,0.25392909179213213,0.9285487863876188,0.47728841306289693,0.9149636047937698,5.723823737764125,24.136056900024414,31.69757080078125,961.789306640625,0.01152497077000167,2.3987650017602573,0.4979411947816675,-1.6241150635420603,0.8749999453125034,0.42846777883847753,2618.83740234375,145.64013671875,0.6402897834777832,2.986605644226074,5663.66748046875,224.21498107910156,0.07634603977203369,0.08121306449174881,0.12025600671768188,0.1702459454536438,0.25332993268966675,0.09849517792463303,0.07683347910642624,0.06198456883430481,0.061295799911022186,0.6462165713310242,0.25332993268966675,2.991051435470581,2.0,0.09947530332782333,0.0991459644755717,2.8319327493114894,0.15068900207702626,83.39275222604282,0.23358693718910217,0.06163759157061577,0.029167721047997475,0.10737735778093338,0.06061093509197235,0.012135977856814861,0.10034400224685669,0.3951394855976105,0.4007679675881396,0.9032702908898724,0.2567943757233274,0.9891724005774201,31.354755401611328,52.554527282714844,2196.374755859375,0.022969483837849847,94.79280853271484,74.61820983886719,255.0,224.0,254.0,0.05480026352039288,0.20712709426879883,0.06334152072668076,0.018470723181962967,0.12453745305538177,0.0397089459002018,0.004197891801595688,0.10867875069379807,0.43393760919570923,0.5204392226094632,0.9047740037013761,0.2864227264744541,0.987481399177053,112.57227325439453,75.37397766113281,255.0,238.0,254.0,0.07508123284646204,0.2023325264453888,0.05035274103283882,0.025025421753525734,0.13126032054424286,0.034829031676054,0.005878988187760115,0.09245900809764862,0.4578619599342346,0.3502400483276103,0.9348584703002383,0.28782647015685014,0.9918264996246879
C:\Users\Administrator\Desktop\机器学习版本记录\纹理识别模型\fire\fire_011.jpg,fire_011.jpg,fire,1,125.26377868652344,120.09980010986328,95.36332702636719,46.925785064697266,42.12053680419922,53.06035232543945,1.0429973865813178,1.313542441093174,1.259391871020448,5.163978576660156,29.90045166015625,29.90045166015625,12724.416015625,146262.484375,162698.046875,0.01254194974899292,0.1019933819770813,40.65038299560547,80.79673767089844,128.18682861328125,70.12871551513672,46.405487060546875,118.82476806640625,43.17307662963867,237.0,185.0,214.0,0.0010530044594981487,0.18671207129955292,0.10549861192703247,0.008672554977238178,0.06757303327322006,0.031984101980924606,0.010425040498375893,0.01509334146976471,0.08131831139326096,0.056953273713588715,0.021758776158094406,0.004633351229131222,0.02237788774073124,0.08007509261369705,0.02006121166050434,0.06403311342000961,0.22283023595809937,1.2711484738240073,0.7445577476583858,0.21094960066602703,0.9055253978854906,7.220924712227644,62.726810455322266,70.64922332763672,11304.123046875,0.1290747776940091,0.0949887663344527,195.17604064941406,191.93609619140625,180.93118286132812,22.149831771850586,16.24991226196289,29.608341217041016,47.602195739746094,24.397037506103516,199.03842163085938,30.891094207763672,40.01115036010742,20.876502990722656,0.28561142086982727,0.05502220243215561,0.03834153339266777,0.11010440438985825,0.05280211195349693,0.010680426843464375,0.1261250376701355,0.3213128447532654,0.17336856153026975,0.9236970417354221,0.5149005469363235,0.9106792303373801,5.372490151693237,16.068279266357422,20.719274520874023,568.76611328125,0.006780271210848434,1.6129261610950227,0.3019557213253076,-1.8484345605344075,0.9999999375000038,0.2139614968740519,773.4996948242188,89.90046691894531,0.010868864133954048,0.40514761209487915,741.973876953125,86.65120697021484,0.13001848757266998,0.10029847919940948,0.08950585871934891,0.09322740137577057,0.1553075760602951,0.09667738527059555,0.09551049023866653,0.10979487001895905,0.12965939939022064,1.0125305652618408,0.1553075760602951,3.1450183391571045,25.0,0.0949887663344527,0.04758415543681447,2.2201834658698765,0.17267745482690297,72.77366130776579,0.291951060295105,0.07856225967407227,0.04275364801287651,0.09784958511590958,0.07855227589607239,0.029352879151701927,0.09467913210391998,0.2862991690635681,4.100342941589462,0.600760236120783,0.13859470547838132,0.8149305846922528,123.11705017089844,116.65398406982422,39276.6640625,0.228921497650871,118.76454162597656,42.466243743896484,233.0,185.0,214.0,0.0009108880189154619,0.29155221581459045,0.0877864882349968,0.04543722793459892,0.09769204258918762,0.09304004162549973,0.030017444863915443,0.10462994873523712,0.24984459578990936,1.3076756191725303,0.7403844472165501,0.2133517064808427,0.896211375748191,121.13441467285156,30.879409790039062,237.0,175.0,194.0,0.0009307861328125,0.2808990478515625,0.090789794921875,0.0446624755859375,0.1104278564453125,0.078033447265625,0.0300445556640625,0.096832275390625,0.268310546875,0.990894439967768,0.7447554291312296,0.2371289993367108,0.8697070096187857
C:\Users\Administrator\Desktop\机器学习版本记录\纹理识别模型\fire\fire_012.jpg,fire_012.jpg,fire,1,128.9387969970703,78.25012969970703,39.421756744384766,109.03399658203125,79.26984405517578,53.36015319824219,1.6477774010613002,3.2707521017485925,1.9849477592320952,50.68866729736328,89.51704025268555,89.51704025268555,622653.6875,3058010.0,824832.25,0.3946431279182434,0.5422942638397217,16.597274780273438,206.62841796875,128.9661102294922,57.20926284790039,109.03997039794922,88.94669342041016,83.089599609375,255.0,234.0,254.0,0.0653879111462659,0.0802346020936966,0.13506555557250977,0.0014662506291642785,0.05662114545702934,0.014219221659004688,0.006870918907225132,0.005285322200506926,0.10202376544475555,0.029631903395056725,0.009922766126692295,0.0005285321967676282,0.0053705694153904915,0.08809438347816467,0.013179206289350986,0.06304877996444702,0.38843709230422974,0.6969996661659155,0.9233944662988696,0.38421623370839164,0.9864557521380006,6.827657041081778,30.070674896240234,71.84930419921875,4265.99072265625,0.020732102364755426,0.10009228132456509,253.95933532714844,234.20315551757812,161.5469207763672,3.6377575397491455,20.50739860534668,62.843807220458984,31.482053756713867,93.14685821533203,254.1136016845703,27.218141555786133,62.50474548339844,3.6169400215148926,0.1466641128063202,0.031441718339920044,0.03355061262845993,0.10659509152173996,0.04083589091897011,0.007285275962203741,0.18673312664031982,0.44689416885375977,0.29489448016917696,0.9090073318388077,0.5051527164126787,0.8745846950517873,5.512935241129183,27.474346160888672,31.577190399169922,1013.2698364257812,0.018021472392638037,2.606545402533918,0.45079403249665934,-1.3147217999525953,0.4374999726562517,0.14803344442154728,3891.670166015625,157.50270080566406,2.6055514812469482,4.921510696411133,8155.65966796875,229.97760009765625,0.06948050111532211,0.07921595871448517,0.11111920326948166,0.19640615582466125,0.25065070390701294,0.10090327262878418,0.07705332338809967,0.058805011212825775,0.056365855038166046,0.6204900741577148,0.25065070390701294,2.963935375213623,4.0,0.10009228132456509,0.09269329641927537,2.621621586194303,0.2330136078562704,53.92977143135362,0.24205070734024048,0.06282713264226913,0.02380099892616272,0.0977955088019371,0.05812149494886398,0.009274887852370739,0.09822174161672592,0.40790751576423645,0.76390418961776,0.874342171920474,0.31210958086460955,0.9839245549902202,42.9693603515625,70.36099243164062,4274.5078125,0.04054353571002336,89.40650177001953,82.89236450195312,255.0,232.0,254.0,0.0639438670814854,0.2541409432888031,0.06506176292896271,0.016984840855002403,0.10731330513954163,0.04126894846558571,0.005193711258471012,0.10626053065061569,0.4037759602069855,0.7823619112165368,0.8837676924980766,0.3722606062215987,0.9847803389224559,72.12883758544922,79.21339416503906,255.0,217.0,254.0,0.045055439860415374,0.21961434185504913,0.07570601999759674,0.021464096382260323,0.13527034223079681,0.027077334001660347,0.006136753596365452,0.06171654537320137,0.4530145823955536,0.7255643659046627,0.9263353105981227,0.4301019120745561,0.9845855163109988
C:\Users\Administrator\Desktop\机器学习版本记录\纹理识别模型\fire\fire_013.jpg,fire_013.jpg,fire,1,119.8667221069336,108.46571350097656,92.79438018798828,76.15736389160156,74.15443420410156,75.1515121459961,1.1051116259032654,1.291745476098392,1.1688823408525175,11.401008605957031,27.072341918945312,27.072341918945312,14549.494140625,15252.6220703125,1224.3333740234375,0.042047251015901566,0.0942881777882576,44.267845153808594,76.84825897216797,124.6113052368164,54.89204025268555,77.63797760009766,110.08428192138672,73.70648193359375,255.0,253.0,255.0,0.13157734696497714,0.16123367846012115,0.10564900189638138,0.0036961152218282223,0.0638958290219307,0.03670930117368698,0.010264717973768711,0.010162615217268467,0.0905650332570076,0.07433071732521057,0.01967177353799343,0.0022190306335687637,0.022939058020710945,0.10582597553730011,0.0177590511739254,0.06201713904738426,0.21306097507476807,0.6267194102310528,0.8695453627942791,0.21961765932448207,0.9849461174823835,7.756650527628327,35.84368133544922,54.08308029174805,4376.95703125,0.031182144291441758,0.09040536796592716,249.00987243652344,251.0732421875,249.38658142089844,8.606931686401367,6.148012638092041,12.370941162109375,61.42447280883789,8.212945938110352,253.31646728515625,47.22980499267578,12.139485359191895,4.761099815368652,0.26730164885520935,0.02560293674468994,0.0703425407409668,0.09323663264513016,0.028836071491241455,0.013544214889407158,0.10520797222852707,0.3959279954433441,0.11329816549877962,0.9668967072576794,0.9229144230284452,0.30658361536538864,3.636514602358975,12.789596557617188,20.759124755859375,935.9851684570312,0.004194337644180357,2.273595171573636,0.10687224331539613,-4.120135925269352,0.9999999375000038,0.4354709859124544,3951.48681640625,220.173583984375,0.025853287428617477,0.49941664934158325,4400.24462890625,230.45379638671875,0.12048480659723282,0.09480894356966019,0.08712442964315414,0.09060389548540115,0.14552608132362366,0.11101507395505905,0.11149311065673828,0.11907302588224411,0.1198706328868866,0.9914392828941345,0.14552608132362366,3.152712345123291,20.0,0.09040536796592716,0.07139719843994217,1.3100775092242054,0.1866851103456521,67.3131916620733,0.2737303674221039,0.07139696925878525,0.047178223729133606,0.09864475578069687,0.09268876910209656,0.028792941942811012,0.11434133350849152,0.27322664856910706,1.1661150870455406,0.7845683065840265,0.18392034895399986,0.9679952244002794,58.93999099731445,66.5442123413086,9185.5966796875,0.07360238511752012,110.392578125,73.36653137207031,255.0,252.0,255.0,0.13182618112901043,0.28056150674819946,0.07406186312437057,0.03972309082746506,0.10054392367601395,0.10752156376838684,0.022993242368102074,0.11952640116214752,0.2550683915615082,0.6306942652990193,0.8356784711922048,0.20738463536351118,0.9847607898628765,89.10899353027344,53.7271614074707,252.0,189.0,236.0,0.023284912109375,0.254119873046875,0.0877227783203125,0.038543701171875,0.125579833984375,0.09661865234375,0.01971435546875,0.12591552734375,0.2517852783203125,0.2555849737155136,0.8878142244395266,0.24012917195304978,0.9887457357993065
C:\Users\Administrator\Desktop\机器学习版本记录\纹理识别模型\fire\fire_014.jpg,fire_014.jpg,fire,1,140.4019775390625,122.62036895751953,106.9801025390625,43.1988525390625,33.70820617675781,38.10093688964844,1.1450134882785235,1.3124120550864526,1.1461978900847314,17.78160858154297,33.421875,33.421875,2779.6455078125,21161.056640625,13909.9326171875,0.050282541662454605,0.0959688201546669,39.00286102294922,59.17987823486328,141.4811248779297,58.80238723754883,42.86033630371094,126.1570816040039,33.764381408691406,241.0,184.0,215.0,0.0016532819881629884,0.14055201411247253,0.11707227677106857,0.004096203483641148,0.07440892606973648,0.025258563458919525,0.008172008208930492,0.010766814462840557,0.10933273285627365,0.059345994144678116,0.018951062113046646,0.0016972317826002836,0.013618653640151024,0.09987964481115341,0.01858387142419815,0.0674445629119873,0.2308194488286972,0.5598148119852705,0.8607029225428139,0.28491096677681627,0.9375387118704857,7.029651774143076,37.23048400878906,52.77198791503906,3594.72705078125,0.04992554211460395,0.09273408969931092,215.693115234375,186.80621337890625,152.34933471679688,28.92287826538086,22.247203826904297,47.03723907470703,24.86968421936035,67.7779541015625,216.10797119140625,19.3790225982666,68.52357482910156,28.691892623901367,0.27087298035621643,0.05833861604332924,0.030384697020053864,0.12248995900154114,0.05189177766442299,0.01004016026854515,0.10499894618988037,0.3509828746318817,0.22175688287447504,0.9040571691902289,0.44726263553327894,0.9155060368727408,5.597637357969541,21.13817596435547,27.435577392578125,773.646240234375,0.017808074402874657,1.5179101579939551,1.1452871309955974,-1.4320144161735353,0.9999999375000038,0.06092678928372138,306.7591247558594,75.86181640625,0.024405349045991898,0.47026610374450684,375.7049865722656,62.57164001464844,0.16527333855628967,0.1045474112033844,0.09435278922319412,0.09176532179117203,0.09479989856481552,0.09357601404190063,0.09801795333623886,0.10921706259250641,0.14845024049282074,1.220749855041504,0.16527333855628967,3.135303497314453,55.0,0.09273408969931092,0.03912225756248909,1.8536585139797743,0.5141357119744404,24.441738475513105,0.26705288887023926,0.0805165097117424,0.035372596234083176,0.11683563888072968,0.08028396219015121,0.017445584759116173,0.11641949415206909,0.28607332706451416,1.4273228719421822,0.7579539293935968,0.19031243755404084,0.9237453654263937,72.38453674316406,84.89408874511719,10566.650390625,0.11827584096611657,126.25438690185547,33.08472442626953,238.0,184.0,215.0,0.0015757241020809304,0.2625153660774231,0.09070052951574326,0.036788202822208405,0.1203441247344017,0.09112659096717834,0.019221629947423935,0.11687013506889343,0.2624334394931793,0.6133834008891214,0.8252887711817046,0.2686475548491374,0.9289159191611602,121.84303283691406,33.82973098754883,241.0,181.0,204.0,0.003326416015625,0.260650634765625,0.0870819091796875,0.033050537109375,0.1296844482421875,0.073638916015625,0.01507568359375,0.1142730712890625,0.2865447998046875,0.3633091592801504,0.867891255141575,0.29506323924131034,0.9602833340223798
C:\Users\Administrator\Desktop\机器学习版本记录\纹理识别模型\fire\fire_015.jpg,fire_015.jpg,fire,1,154.80853271484375,146.57701110839844,134.8833465576172,58.05738067626953,56.71460723876953,55.198429107666016,1.056158332661044,1.1477216092128442,1.0866946421669001,8.231521606445312,19.925186157226562,19.925186157226562,18818.220703125,28352.451171875,14397.0302734375,0.02413761056959629,0.05355950444936752,24.2466983795166,42.27046585083008,155.12721252441406,41.76230239868164,57.626670837402344,147.69447326660156,56.77567672729492,240.0,224.0,232.0,0.0783067102472412,0.19951599836349487,0.07950598001480103,0.011385565623641014,0.04881763458251953,0.044603459537029266,0.01519813947379589,0.0176494512706995,0.06331688910722733,0.044342681765556335,0.02188970148563385,0.006529879756271839,0.032409485429525375,0.06784398853778839,0.0239707101136446,0.061700064688920975,0.2613203823566437,0.9697921451835182,0.8221566449102806,0.22426262440205377,0.9600525310137289,7.596486085416609,38.43977737426758,68.59252166748047,7888.24560546875,0.04466604775365871,0.09590458723067356,230.56068420410156,224.7633514404297,212.54428100585938,4.676631927490234,5.588572025299072,8.964540481567383,21.70523452758789,20.016613006591797,230.62841796875,4.3904852867126465,8.547334671020508,4.641745090484619,0.23025210201740265,0.039756592363119125,0.05546218529343605,0.1192118227481842,0.04329179972410202,0.013793103396892548,0.11967545747756958,0.3785569369792938,0.07014118973315553,0.9649294051334223,0.6712502103586286,0.8566132725432812,4.338947430241376,7.222510814666748,4.281508922576904,81.85511016845703,0.0,1.523660727722225,0.47353659653746466,-3.2575386551752334,0.9999999375000038,0.25540787856318214,2055.29833984375,162.88699340820312,0.0011885279091075063,0.12371337413787842,2018.81640625,160.09133911132812,0.13142642378807068,0.11916636675596237,0.10053305327892303,0.08520194888114929,0.20018212497234344,0.07279656827449799,0.08218041807413101,0.09621123969554901,0.112301766872406,0.9533693194389343,0.20018212497234344,3.101611852645874,6.0,0.09590458723067356,0.0789573449999541,1.943548371422997,0.27337966188581597,45.966735516611834,0.28737208247184753,0.06443823128938675,0.059233102947473526,0.08206160366535187,0.06470943987369537,0.04177141189575195,0.08429908007383347,0.31611502170562744,2.3713991875751645,0.6832721563435101,0.1692965396548136,0.9009784765939391,74.39198303222656,91.77474975585938,21137.06640625,0.11560286647125706,147.6901092529297,56.541500091552734,240.0,225.0,232.0,0.0783988533988534,0.2604922652244568,0.0765981450676918,0.04901612177491188,0.1009180098772049,0.08153321593999863,0.027351999655365944,0.12442232668399811,0.2796679139137268,1.1159110770965088,0.8435597858133688,0.23262595253738133,0.9534567340776473,145.45626831054688,35.947689056396484,223.0,203.0,214.0,0.0006866455078125,0.2859954833984375,0.058502197265625,0.0623931884765625,0.0703125,0.0707855224609375,0.044464111328125,0.091522216796875,0.3160247802734375,0.5310387168566056,0.8076955235601488,0.24996364020381723,0.9482141748597633
C:\Users\Administrator\Desktop\机器学习版本记录\纹理识别模型\fire\fire_016.jpg,fire_016.jpg,fire,1,142.61895751953125,97.5106430053711,68.35906219482422,79.44048309326172,61.3350830078125,41.621917724609375,1.4625988677879669,2.0863211234048857,1.4264479126559195,45.108314514160156,74.25989532470703,74.25989532470703,57854.74609375,59921.55859375,2864.27685546875,0.15853504836559296,0.23126021027565002,29.860857009887695,130.68655395507812,143.7467041015625,41.48952865600586,78.55645751953125,107.6834945678711,63.06690216064453,255.0,220.0,253.0,0.050017510068289264,0.1930760145187378,0.07125076651573181,0.010010364465415478,0.03974026069045067,0.05103514343500137,0.016920173540711403,0.019444912672042847,0.05573912709951401,0.03188256919384003,0.01953350007534027,0.006156817078590393,0.032901324331760406,0.05643896758556366,0.02338704653084278,0.0707901120185852,0.3016929030418396,0.5543152927919998,0.8728674792257128,0.21409702134017639,0.9819132193452602,7.808355160313811,28.746633529663086,55.537750244140625,4022.29931640625,0.026753364102654963,0.09657678164860291,252.49424743652344,222.41981506347656,149.83120727539062,5.9196672439575195,26.44891929626465,47.85319519042969,23.594234466552734,104.073974609375,252.6623992919922,13.358048439025879,47.269996643066406,5.942101001739502,0.13858436048030853,0.03640234097838402,0.04087280482053757,0.11474188417196274,0.0508781261742115,0.01522086188197136,0.10941990464925766,0.4938797354698181,0.39750101342489924,0.8985484254906035,0.4387254906254348,0.8733194599245608,5.897279722562565,29.031957626342773,39.94694900512695,2281.7392578125,0.029483767961681746,2.07247319247965,0.7963632880608807,-1.9110754377512462,0.4999999687500019,0.0023739066744500005,1284.014892578125,117.17222595214844,0.02503267675638199,0.45080840587615967,2368.171630859375,157.01785278320312,0.116847462952137,0.09137139469385147,0.0889718160033226,0.0933278352022171,0.22040218114852905,0.1029854416847229,0.09468094259500504,0.09095510095357895,0.10045783966779709,0.8428372740745544,0.22040218114852905,3.095457077026367,9.0,0.09657678164860291,0.04803011731703703,1.7887323691727837,0.34406628158079444,36.52310989112418,0.2885819971561432,0.05568597465753555,0.06450041383504868,0.07127734273672104,0.059362348169088364,0.048926763236522675,0.07247326523065567,0.33919191360473633,0.9881575935772386,0.7667839858988472,0.18224208408177356,0.9606083249420934,45.113338470458984,64.0670394897461,7965.6328125,0.03270643055198746,107.8229751586914,62.797367095947266,255.0,218.0,253.0,0.04798598949211909,0.25660741329193115,0.05625692754983902,0.03758806735277176,0.08726440370082855,0.052108295261859894,0.017023712396621704,0.09942419826984406,0.39372697472572327,0.6154424512613664,0.8802834058104663,0.22471037896297247,0.9796989975861243,126.03632354736328,61.91839599609375,255.0,234.0,254.0,0.06983254886178719,0.25528937578201294,0.052707988768815994,0.06575662642717361,0.08501973748207092,0.04681220278143883,0.036153752356767654,0.07730033248662949,0.38095995783805847,0.6232371724289804,0.8766905473384248,0.21447826631181402,0.9787294213963271
C:\Users\Administrator\Desktop\机器学习版本记录\纹理识别模型\fire\fire_017.jpg,fire_017.jpg,fire,1,141.282958984375,135.6943359375,125.83171081542969,49.4559326171875,45.24928283691406,46.523170471191406,1.0411853742241954,1.1227929505688459,1.0783794798606638,5.588623046875,15.451248168945312,15.451248168945312,18142.2265625,26242.5546875,13420.859375,0.014628161676228046,0.03627320006489754,71.33232116699219,41.20815658569336,144.0765380859375,47.8439826965332,48.3277473449707,136.23583984375,45.8648567199707,249.0,212.0,227.0,0.030765608694545546,0.1741534024477005,0.11143481731414795,0.005210327450186014,0.05405633524060249,0.03668641299009323,0.009972942993044853,0.01192600466310978,0.07688963413238525,0.061978887766599655,0.023462694138288498,0.003108028322458267,0.025493618100881577,0.08734273165464401,0.02245696447789669,0.05996742844581604,0.23585976660251617,0.9135937697961489,0.8483863632691777,0.24524059938821177,0.9408433439454746,7.290212560216789,40.21482467651367,73.61428833007812,7827.357421875,0.043434533503766616,0.09885082338505147,212.9100799560547,211.3902130126953,213.1715545654297,12.440600395202637,11.815817832946777,17.95220184326172,121.23218536376953,9.715803146362305,216.88864135742188,38.683746337890625,17.994234085083008,12.266894340515137,0.35409584641456604,0.026704585179686546,0.02219601906836033,0.07054172456264496,0.058403272181749344,0.0035374904982745647,0.1591177135705948,0.30540335178375244,0.067288915367557,0.972189598565039,0.569568883309592,0.9383484582968203,5.396432839158135,7.116380214691162,9.027405738830566,114.02992248535156,0.001387251161822848,1.556428319358143,0.23577378159064885,-1.893779721058654,0.9999999375000038,0.40070222644636366,1202.359619140625,118.20419311523438,0.0016727503389120102,0.14300620555877686,1151.9071044921875,117.57988739013672,0.11654026806354523,0.0751291960477829,0.06452181190252304,0.07664822787046432,0.2602410614490509,0.0904238224029541,0.08590978384017944,0.10326388478279114,0.12732191383838654,0.8442586064338684,0.2602410614490509,3.021090269088745,17.0,0.09885082338505147,0.09302858306336997,2.5520833067491324,0.3952651005228185,31.792259414886416,0.2822141647338867,0.06663768738508224,0.047301724553108215,0.09492138773202896,0.08339767903089523,0.03210547938942909,0.09879507124423981,0.29462680220603943,1.998115607103279,0.7281051649445867,0.1826519264436845,0.8956850636995215,77.23778533935547,94.58049011230469,18704.078125,0.12914863383014202,136.26980590820312,44.73685073852539,249.0,211.0,226.0,0.030015516495815634,0.31695613265037537,0.058337245136499405,0.043472591787576675,0.08167736232280731,0.09630730748176575,0.02983362041413784,0.10371355712413788,0.2697021961212158,0.8327430094924074,0.8260025954554695,0.2385744420509269,0.9425304397979506,141.68057250976562,33.89201354980469,249.0,193.0,212.0,0.003204345703125,0.284088134765625,0.05999755859375,0.0453338623046875,0.0898895263671875,0.0916748046875,0.0291748046875,0.1143035888671875,0.2855377197265625,0.47306319788189244,0.8428768743833052,0.27922630529694026,0.9478994818362715
C:\Users\Administrator\Desktop\机器学习版本记录\纹理识别模型\fire\fire_018.jpg,fire_018.jpg,fire,1,142.61895751953125,97.5106430053711,68.35906219482422,79.44048309326172,61.3350830078125,41.621917724609375,1.4625988677879669,2.0863211234048857,1.4264479126559195,45.108314514160156,74.25989532470703,74.25989532470703,57854.74609375,59921.55859375,2864.27685546875,0.15853504836559296,0.23126021027565002,29.860857009887695,130.68655395507812,143.7467041015625,41.48952865600586,78.55645751953125,107.6834945678711,63.06690216064453,255.0,220.0,253.0,0.050017510068289264,0.1930760145187378,0.07125076651573181,0.010010364465415478,0.03974026069045067,0.05103514343500137,0.016920173540711403,0.019444912672042847,0.05573912709951401,0.03188256919384003,0.01953350007534027,0.006156817078590393,0.032901324331760406,0.05643896758556366,0.02338704653084278,0.0707901120185852,0.3016929030418396,0.5543152927919998,0.8728674792257128,0.21409702134017639,0.9819132193452602,7.808355160313811,28.746633529663086,55.537750244140625,4022.29931640625,0.026753364102654963,0.09657678164860291,252.49424743652344,222.41981506347656,149.83120727539062,5.9196672439575195,26.44891929626465,47.85319519042969,23.594234466552734,104.073974609375,252.6623992919922,13.358048439025879,47.269996643066406,5.942101001739502,0.13858436048030853,0.03640234097838402,0.04087280482053757,0.11474188417196274,0.0508781261742115,0.01522086188197136,0.10941990464925766,0.4938797354698181,0.39750101342489924,0.8985484254906035,0.4387254906254348,0.8733194599245608,5.897279722562565,29.031957626342773,39.94694900512695,2281.7392578125,0.029483767961681746,2.07247319247965,0.7963632880608807,-1.9110754377512462,0.4999999687500019,0.0023739066744500005,1284.014892578125,117.17222595214844,0.02503267675638199,0.45080840587615967,2368.171630859375,157.01785278320312,0.116847462952137,0.09137139469385147,0.0889718160033226,0.0933278352022171,0.22040218114852905,0.1029854416847229,0.09468094259500504,0.09095510095357895,0.10045783966779709,0.8428372740745544,0.22040218114852905,3.095457077026367,9.0,0.09657678164860291,0.04803011731703703,1.7887323691727837,0.34406628158079444,36.52310989112418,0.2885819971561432,0.05568597465753555,0.06450041383504868,0.07127734273672104,0.059362348169088364,0.048926763236522675,0.07247326523065567,0.33919191360473633,0.9881575935772386,0.7667839858988472,0.18224208408177356,0.9606083249420934,45.113338470458984,64.0670394897461,7965.6328125,0.03270643055198746,107.8229751586914,62.797367095947266,255.0,218.0,253.0,0.04798598949211909,0.25660741329193115,0.05625692754983902,0.03758806735277176,0.08726440370082855,0.052108295261859894,0.017023712396621704,0.09942419826984406,0.39372697472572327,0.6154424512613664,0.8802834058104663,0.22471037896297247,0.9796989975861243,126.03632354736328,61.91839599609375,255.0,234.0,254.0,0.06983254886178719,0.25528937578201294,0.052707988768815994,0.06575662642717361,0.08501973748207092,0.04681220278143883,0.036153752356767654,0.07730033248662949,0.38095995783805847,0.6232371724289804,0.8766905473384248,0.21447826631181402,0.9787294213963271
C:\Users\Administrator\Desktop\机器学习版本记录\纹理识别模型\fire\fire_019.jpg,fire_019.jpg,fire,1,99.79248046875,100.40441131591797,93.89628601074219,71.69231414794922,74.83032989501953,82.03125762939453,0.9939053291279416,1.0627947456253863,1.0693118387570664,-0.6119308471679688,5.8961944580078125,6.508125305175781,20900.546875,520032.5625,501880.15625,0.002437282120808959,0.056607577949762344,66.55007934570312,80.8232650756836,106.44598388671875,76.06803131103516,76.60794067382812,99.47550201416016,74.35985565185547,250.0,227.0,234.0,0.08296816819544092,0.171735018491745,0.09598000347614288,0.00957474671304226,0.07390634715557098,0.03309595212340355,0.010586285963654518,0.013888323679566383,0.09539865702390671,0.04958288371562958,0.018201900646090508,0.005371624603867531,0.0269395112991333,0.073609858751297,0.01907391846179962,0.05682643875479698,0.24622853100299835,1.981793677914809,0.7549047634548103,0.21169876095334145,0.953765728397493,7.695005410460163,68.0396499633789,88.38507080078125,17927.671875,0.13079091939656426,0.10019525928559965,219.5794219970703,228.41571044921875,234.8419952392578,6.66245174407959,6.0362677574157715,5.0088090896606445,102.35179901123047,16.642759323120117,234.8419952392578,2.938000202178955,3.4278955459594727,5.0088090896606445,0.1704694777727127,0.026997968554496765,0.02353362739086151,0.16533268988132477,0.029685819521546364,0.0021502806339412928,0.13791660964488983,0.4439135193824768,0.03788622581576668,0.9810568870921167,0.7170004566569985,0.9157071392579412,4.417387150621024,5.441136837005615,3.945171594619751,22.529211044311523,0.0,2.276898010949798,0.20591545146833953,-3.277618259839139,0.9999999375000038,0.32749831080342323,3769.78759765625,185.80299377441406,0.0033337308559566736,0.20876836776733398,3988.439697265625,189.77157592773438,0.1736915558576584,0.12211998552083969,0.10211513936519623,0.09477772563695908,0.08607472479343414,0.07958438992500305,0.08249235153198242,0.10029123723506927,0.1588529348373413,1.2911064624786377,0.1736915558576584,3.1138811111450195,5.0,0.10019525928559965,0.09899759331521321,1.573643398653927,0.3828079152575054,32.82683067084344,0.2696218490600586,0.0782548040151596,0.047408655285835266,0.10317704826593399,0.07045315951108932,0.03335174173116684,0.09754382073879242,0.30018892884254456,5.047204387162194,0.6340862943661245,0.1460969860693785,0.8694361798696006,119.95907592773438,133.06663513183594,46550.96484375,0.1922681161526611,99.49676513671875,73.33824157714844,238.0,227.0,235.0,0.08330876182267685,0.2690642774105072,0.10482719540596008,0.04008236527442932,0.11631607264280319,0.0771462693810463,0.030980180948972702,0.09691835939884186,0.26466527581214905,1.6447948184024943,0.734213951917942,0.19028303606108787,0.960540203676983,97.44086456298828,66.31951904296875,247.0,224.0,234.0,0.06309138636224895,0.2770704925060272,0.0976448506116867,0.04455074667930603,0.11057449877262115,0.07644694298505783,0.03865140303969383,0.08709938824176788,0.26796168088912964,2.3225125423676767,0.6890157798180688,0.17084710452233273,0.9326113703405288
C:\Users\Administrator\Desktop\机器学习版本记录\纹理识别模型\fire\fire_020.jpg,fire_020.jpg,fire,1,61.58780288696289,42.217533111572266,49.39680099487305,47.5402717590332,30.75942039489746,27.712244033813477,1.4588204683911425,1.246797371484801,0.8546612615924828,19.370269775390625,12.191001892089844,19.370269775390625,327900.96875,57864.04296875,11101.0078125,0.14378774166107178,0.032255664467811584,119.53923797607422,118.14633178710938,67.58346557617188,58.39897155761719,46.19434356689453,48.844078063964844,34.01694107055664,253.0,102.0,173.0,0.0009050809371228829,0.25631800293922424,0.06315314769744873,0.019858872517943382,0.0354967936873436,0.044153500348329544,0.015766805037856102,0.020943645387887955,0.032618384808301926,0.03474497050046921,0.022049900144338608,0.014907579869031906,0.046043798327445984,0.034723490476608276,0.018333744257688522,0.06295982003211975,0.27792754769325256,2.635954913880446,0.5350881369406157,0.18861345275421212,0.7012697810960018,6.8489462747508645,78.75091552734375,51.39330291748047,25751.259765625,0.19112419044754958,0.03425783363120285,222.64561462402344,126.83419036865234,82.80078887939453,33.91493606567383,40.8018798828125,32.65265655517578,10.717279434204102,161.38748168945312,222.64926147460938,14.0162353515625,31.44338035583496,33.90201950073242,0.2672621011734009,0.051185160875320435,0.0669872909784317,0.0731707289814949,0.061490897089242935,0.0453452430665493,0.0855376124382019,0.34902095794677734,1.6264917410890698,0.6311009950448168,0.18382586984614435,0.840474280052807,7.139536342756548,60.25383758544922,38.901607513427734,12591.955078125,0.10305736860185503,3.0804903579524203,1.3659965390568745,0.29059006800568365,0.4999999687500019,0.004287583970062269,140.02340698242188,33.820098876953125,0.08439072966575623,0.9691644906997681,309.11236572265625,54.88996505737305,0.10543074458837509,0.10439880192279816,0.10948559641838074,0.11568998545408249,0.13704028725624084,0.11849962919950485,0.10488088428974152,0.10318895429372787,0.10138510912656784,0.9238691926002502,0.13704028725624084,3.1635475158691406,2.0,0.03425783363120285,0.034039365818796144,1.3823529208477512,0.38430332764801894,32.6990939352745,0.3233698904514313,0.0537123940885067,0.06034991890192032,0.05293909087777138,0.05548454821109772,0.06174616143107414,0.0517146922647953,0.34068331122398376,11.959934882640999,0.3224911383803908,0.09986885244232606,0.4325432869758003,170.04721069335938,99.22098541259766,121434.40625,0.3557412439451384,48.97568893432617,30.40420150756836,250.0,89.0,172.8000030517578,0.0008326048041297199,0.33032146096229553,0.05747176334261894,0.06403128057718277,0.05781928822398186,0.05543006211519241,0.05369244143366814,0.06198957562446594,0.3192441463470459,0.9787904509283821,0.6987021053967214,0.25171611439166924,0.8634682637063332,57.897159576416016,39.33575439453125,253.0,127.0,191.0,0.0018075292944402892,0.3190024793148041,0.055579379200935364,0.06068273261189461,0.05427137762308121,0.05723046511411667,0.05808817222714424,0.055236298590898514,0.33990907669067383,2.758822970848588,0.5324323057137506,0.17923672644035576,0.7658082553969559
C:\Users\Administrator\Desktop\机器学习版本记录\纹理识别模型\fire\fire_021.jpg,fire_021.jpg,fire,1,60.70521926879883,41.56785583496094,48.68812561035156,47.74002456665039,30.86269187927246,27.871118545532227,1.460388480210081,1.2468177252868942,0.8537575529990348,19.13736343383789,12.017093658447266,19.13736343383789,346013.59375,73768.0078125,19008.18359375,0.14017248153686523,0.03201788291335106,119.36170196533203,122.92127227783203,66.68411254882812,60.466896057128906,46.4531135559082,48.12192916870117,34.1755485534668,253.0,101.0,173.0,0.0008818435843223085,0.2531684637069702,0.06277233362197876,0.02016102336347103,0.035577625036239624,0.045044347643852234,0.013989957980811596,0.020083608105778694,0.034438520669937134,0.035953640937805176,0.021731436252593994,0.014443387277424335,0.04688018560409546,0.03596469759941101,0.018070822581648827,0.06225254759192467,0.27946737408638,2.5925662112283883,0.5407599369082446,0.1917601103081747,0.7072679945189317,6.836834788414566,79.05342864990234,51.221866607666016,25808.623046875,0.19515162239278053,0.0340625365217745,223.208984375,126.9847183227539,82.80162048339844,32.78220748901367,40.6229362487793,32.55940246582031,9.514036178588867,161.9401092529297,223.208984375,4.4987993240356445,29.294811248779297,32.78220748901367,0.2717622220516205,0.052724700421094894,0.058386411517858505,0.07077141106128693,0.06015569716691971,0.047062985599040985,0.08421797305345535,0.35491859912872314,1.6636614684860298,0.6307942255933019,0.18398160819136497,0.8332440910170597,7.126898577843846,60.30424880981445,38.90098571777344,12607.3193359375,0.09872611464968153,3.132061409958394,1.3174294809565272,0.29006378942928013,0.4999999687500019,0.005269691894308064,144.0092010498047,34.96753692626953,0.08534169942140579,0.9719228744506836,320.3902587890625,54.68951416015625,0.1100107952952385,0.10601337254047394,0.10717356950044632,0.11445514857769012,0.13759244978427887,0.11169411242008209,0.10566222667694092,0.10424933582544327,0.10314901173114777,0.9401166439056396,0.13759244978427887,3.1644110679626465,4.0,0.0340625365217745,0.03377567174133535,1.3142856955102045,0.40867542270879126,30.74902456082384,0.3206188678741455,0.05375904217362404,0.060206588357686996,0.05281900241971016,0.056081485003232956,0.06203136220574379,0.05208909511566162,0.34239456057548523,12.455972501025277,0.32196538981858736,0.10039282656366642,0.42450918861025955,175.3674774169922,100.90079498291016,128493.0,0.35655039702727215,48.03761672973633,30.571928024291992,252.0,89.0,171.0,0.0007616790792146242,0.32369688153266907,0.055479541420936584,0.062100011855363846,0.05936355143785477,0.0579511858522892,0.054552678018808365,0.061040736734867096,0.3258154094219208,0.9132259564939912,0.7006725192887706,0.2511985058110808,0.8727292277051769,57.48769760131836,39.54220962524414,253.0,126.0,190.0,0.0017648684854026239,0.31654390692710876,0.05550025403499603,0.05915013328194618,0.05660627782344818,0.05764593929052353,0.060012828558683395,0.05574357882142067,0.33879709243774414,2.72457123083245,0.5372349462303248,0.18231547924567496,0.7700465133765404
C:\Users\Administrator\Desktop\机器学习版本记录\纹理识别模型\fire\fire_022.jpg,fire_022.jpg,fire,1,140.44969177246094,132.56845092773438,119.69701385498047,77.37920379638672,74.18663787841797,70.64049530029297,1.0594503422957884,1.1733767290907253,1.1075334759880884,7.8812408447265625,20.75267791748047,20.75267791748047,54294.89453125,75369.3359375,44806.734375,0.028524240478873253,0.05777730047702789,30.97344970703125,65.86292266845703,141.1000518798828,69.18949890136719,76.68659210205078,133.4499969482422,74.57768249511719,230.0,217.0,225.0,0.03354239056768183,0.19298286736011505,0.08045990020036697,0.010265293531119823,0.049582645297050476,0.049594271928071976,0.01398544479161501,0.016891812905669212,0.0626729279756546,0.042339976876974106,0.02178613841533661,0.006033620797097683,0.03328373283147812,0.06704410910606384,0.02275105193257332,0.0623009130358696,0.26802530884742737,1.618064972258508,0.8027388909914217,0.2546701454457298,0.9597399460399204,7.330552519423101,51.965797424316406,94.838623046875,14225.1650390625,0.09115533958008788,0.09857245823231632,227.38612365722656,217.1991729736328,199.3168182373047,4.493121147155762,4.164199352264404,6.747607231140137,19.190549850463867,31.453563690185547,227.38612365722656,1.9350272417068481,6.441121578216553,4.493121147155762,0.23530885577201843,0.04335296154022217,0.07116902619600296,0.10750532150268555,0.04109760746359825,0.025184813886880875,0.10875830054283142,0.36762309074401855,0.04702659513754138,0.9764867024312293,0.8365939076633767,0.8157954686954586,4.018840713771158,8.080297470092773,4.436395168304443,137.8859100341797,0.0,1.6353828392900793,0.4775610000023312,-3.3117118056519432,0.4999999687500019,0.01105237552052178,2527.41845703125,132.1441650390625,0.0014449625741690397,0.11453688144683838,2510.03662109375,132.3414306640625,0.12329322844743729,0.11120785772800446,0.09516007453203201,0.0817587748169899,0.25817859172821045,0.06848982721567154,0.0716228187084198,0.0870242640376091,0.10326448082923889,0.8470997214317322,0.25817859172821045,3.0294694900512695,3.0,0.09857245823231632,0.0815215637328924,1.8811881001862565,0.1557830034941397,80.66586425234169,0.28640517592430115,0.06474225968122482,0.06183589622378349,0.07793717831373215,0.06349834054708481,0.043328139930963516,0.0829245075583458,0.31932851672172546,3.433546077941302,0.6873614546083069,0.18988176487860406,0.9049925590141875,90.78907012939453,120.92896270751953,32032.48828125,0.13236764398149226,132.83609008789062,74.5973129272461,229.0,217.0,225.0,0.03282406813026918,0.2540976107120514,0.07071822881698608,0.04884898662567139,0.09903314709663391,0.07679557800292969,0.025276243686676025,0.1174033135175705,0.3078268766403198,2.0384012885005736,0.8157139847340664,0.25892808094667946,0.9491451039169402,141.93191528320312,69.72952270507812,230.0,219.0,226.0,0.04987892415463115,0.2624276578426361,0.05173255130648613,0.060540564358234406,0.07039438188076019,0.07285784184932709,0.03634757921099663,0.10955402255058289,0.33614540100097656,1.3807385534210688,0.8319540603939881,0.25462002396636746,0.9594223913674085
C:\Users\Administrator\Desktop\机器学习版本记录\纹理识别模型\fire\fire_023.jpg,fire_023.jpg,fire,1,123.94119262695312,116.19086456298828,104.1601333618164,62.868873596191406,60.43603515625,60.6599006652832,1.0667034110333167,1.1899100686297517,1.1155022530921597,7.750328063964844,19.78105926513672,19.78105926513672,21234.259765625,41775.140625,15709.1923828125,0.03189717233181,0.07483154535293579,31.741586685180664,55.70107650756836,124.87506866455078,48.42689895629883,61.99812698364258,117.1156005859375,60.88487243652344,230.0,207.0,220.0,0.010647041811899724,0.20874416828155518,0.07367757707834244,0.01284189336001873,0.05165192484855652,0.0454653762280941,0.013356798328459263,0.018167706206440926,0.05581727623939514,0.04943859949707985,0.022778797894716263,0.007569877430796623,0.034091345965862274,0.06784454733133316,0.02276342734694481,0.06666103005409241,0.24912965297698975,1.3888880392726604,0.7476290297874677,0.18866118825112363,0.9515187385475615,7.680646704277173,58.083560943603516,75.86216735839844,11670.6650390625,0.11589981632480538,0.09500905645371308,215.38160705566406,208.51113891601562,195.3445281982422,8.73677921295166,7.08083438873291,7.027907371520996,20.360382080078125,23.618391036987305,215.39114379882812,3.295419931411743,6.80216646194458,8.722055435180664,0.22155901789665222,0.03510022163391113,0.06859688460826874,0.09193763881921768,0.05452115833759308,0.02209354192018509,0.1309576779603958,0.37523385882377625,0.0966242967284851,0.9516878516357573,0.6194997677077664,0.8522455306662897,4.726767249149456,9.086860656738281,5.305810928344727,172.2008514404297,0.0,1.7846511926381263,0.42402036179242975,-2.9538794551277165,0.4999999687500019,0.001040174985788224,2524.92138671875,143.249267578125,0.0020726900547742844,0.13760852813720703,2442.659912109375,142.30014038085938,0.132876917719841,0.12130164355039597,0.10451406240463257,0.09402336180210114,0.17073199152946472,0.07899276167154312,0.08273017406463623,0.09971955418586731,0.11510949581861496,0.9951208233833313,0.17073199152946472,3.130122423171997,7.0,0.09500905645371308,0.08800742781406104,1.1705426265849408,0.1689066718879598,74.39830808811085,0.2908446788787842,0.06855157762765884,0.05777699127793312,0.07552970200777054,0.06948148459196091,0.04484287649393082,0.08277679979801178,0.3101958930492401,3.9959721818654517,0.5976498971778295,0.13791607773218323,0.858410075570055,110.32608795166016,117.38032531738281,36085.19140625,0.18575018636499874,117.41581726074219,59.81455612182617,229.0,207.0,220.0,0.010793341057381547,0.2581145763397217,0.0744740292429924,0.04933904483914375,0.08939986675977707,0.08890336751937866,0.031030844897031784,0.12313038855791092,0.2856079041957855,1.2725461538461538,0.7660837581413247,0.19797432839674445,0.9540969253539877,101.51020050048828,54.08294677734375,227.0,181.0,202.0,7.63708568810142e-05,0.2918543815612793,0.06703747808933258,0.05772118642926216,0.06875363737344742,0.08004657924175262,0.042720112949609756,0.09380650520324707,0.2980601191520691,1.3469067075443064,0.7302261501563321,0.18825029971520463,0.940648266450339
C:\Users\Administrator\Desktop\机器学习版本记录\纹理识别模型\fire\fire_024.jpg,fire_024.jpg,fire,1,93.63514709472656,94.16056823730469,86.9457778930664,70.57855987548828,73.64229583740234,80.3349609375,0.9944199345136291,1.0769372393556602,1.0829803290751085,-0.525421142578125,6.689369201660156,7.214790344238281,20006.0390625,530287.75,508762.78125,0.001889768522232771,0.05616341158747673,65.74775695800781,85.47334289550781,100.10955810546875,76.55677795410156,75.43742370605469,93.1781005859375,73.113525390625,251.0,227.0,235.0,0.07459295721317682,0.17651380598545074,0.09365729987621307,0.010114599950611591,0.07291480898857117,0.03397468104958534,0.011157398112118244,0.014431674964725971,0.09145823866128922,0.05116733908653259,0.018105782568454742,0.005765105597674847,0.027182986959815025,0.0739089772105217,0.01904592104256153,0.056597452610731125,0.24400390684604645,1.9872191728363544,0.7472106547529902,0.217288954666394,0.9520150830405337,7.651282949861417,69.2684326171875,86.27173614501953,17936.796875,0.13588251503412058,0.10138205225240132,217.96913146972656,227.36575317382812,233.44039916992188,9.018852233886719,7.631287097930908,6.710565567016602,101.58595275878906,17.00871467590332,233.44039916992188,2.819178581237793,4.588709831237793,6.710565567016602,0.18499889969825745,0.03383992984890938,0.02432757429778576,0.1722611039876938,0.033949267119169235,0.0021867481991648674,0.14208397269248962,0.4063524901866913,0.03324872425372148,0.9843956127703719,0.7076732813999815,0.9302063746137229,4.718563405440561,6.399715423583984,6.3154826164245605,51.13225173950195,0.0007653619068445222,2.4175201000840745,0.19899437533059053,-2.9327195444208565,0.9999999375000038,0.2743766282297779,3475.6845703125,185.51119995117188,0.003501353319734335,0.203646719455719,3646.3525390625,189.345458984375,0.17078575491905212,0.1210920438170433,0.10266220569610596,0.0974854826927185,0.08637802302837372,0.07958642393350601,0.08340532332658768,0.10141079127788544,0.15719395875930786,1.2764948606491089,0.17078575491905212,3.1179792881011963,2.0,0.10138205225240132,0.10116117632156821,1.5211267498512202,0.25820180807783816,48.668794022945754,0.27068981528282166,0.07772357016801834,0.048898037523031235,0.10020586103200912,0.07095889002084732,0.03420161083340645,0.09718012064695358,0.3001421093940735,5.141655497404477,0.6241179149788099,0.14407387237534633,0.8660252703360753,122.41339111328125,131.58839416503906,47473.78125,0.20035228199849794,93.27188873291016,72.0323715209961,237.0,227.0,235.0,0.0748864401076716,0.270166277885437,0.1051190122961998,0.04166938364505768,0.11177045851945877,0.07683947682380676,0.03282251954078674,0.09714161604642868,0.26447126269340515,1.6007479431563203,0.7286079273237571,0.19485083166402317,0.960144342222901,86.87075805664062,62.646575927734375,251.0,211.0,231.0,0.030204056714641107,0.28259506821632385,0.09843885898590088,0.04698704928159714,0.10236846655607224,0.08019755035638809,0.038546811789274216,0.0850139930844307,0.2658522129058838,2.4668739682905296,0.6726148657750208,0.1776280942959481,0.9196801525347187
C:\Users\Administrator\Desktop\机器学习版本记录\纹理识别模型\fire\fire_025.jpg,fire_025.jpg,fire,1,143.06495666503906,127.44263458251953,116.77947235107422,53.40808868408203,48.59141540527344,44.26960754394531,1.1225831607382604,1.225086503301336,1.0913102356557873,15.622322082519531,26.285484313964844,26.285484313964844,26284.58984375,29402.16796875,10159.7080078125,0.04719027131795883,0.06915697455406189,23.43021011352539,54.255741119384766,143.3202362060547,44.84781265258789,53.05593490600586,130.91070556640625,49.09562301635742,224.0,182.0,214.0,0.003027887018606276,0.2050207406282425,0.06934396922588348,0.011278091929852962,0.0432579331099987,0.05438913777470589,0.016203364357352257,0.020082073286175728,0.05547701194882393,0.03745134547352791,0.021844705566763878,0.007151512894779444,0.036037564277648926,0.05972752720117569,0.024309635162353516,0.06266983598470688,0.27575555443763733,0.5028600808364958,0.8798369695534921,0.3012733671281116,0.9712049661278594,6.994189055726804,23.77093505859375,51.762855529785156,3727.759033203125,0.009106933019976499,0.07446541669246134,202.33642578125,189.42015075683594,174.7755126953125,14.712825775146484,15.562520027160645,18.656702041625977,17.44625473022461,34.497684478759766,202.33642578125,3.1188220977783203,18.392099380493164,14.712825775146484,0.2423284947872162,0.04360648989677429,0.07653956860303879,0.08187627047300339,0.05420967563986778,0.03749736770987511,0.10195913165807724,0.3619830012321472,0.07742375894969122,0.9628121477671414,0.6464998741994564,0.9462041492367645,5.1744524714505555,12.518810272216797,9.612971305847168,457.3589782714844,0.0004213187276174426,1.463480498564852,0.6358347177861984,-1.8197365842762485,0.9999999375000038,0.148469941576638,1406.8048095703125,107.82867431640625,0.005755736492574215,0.2182530164718628,1568.5389404296875,113.54021453857422,0.20615585148334503,0.09777280688285828,0.0892094299197197,0.08589548617601395,0.08392442017793655,0.08469663560390472,0.08336735516786575,0.08907335996627808,0.17990462481975555,1.4262762069702148,0.20615585148334503,3.0693118572235107,31.0,0.07446541669246134,0.03207947755497192,1.2051281948279642,0.2620300526736987,47.95774562628765,0.28889724612236023,0.05915834382176399,0.0672646164894104,0.07433350384235382,0.06159114092588425,0.047471724450588226,0.0775558203458786,0.3237276077270508,1.052849492138883,0.7359281809604298,0.19666410534858705,0.9388284156027005,49.726837158203125,59.201114654541016,8901.42578125,0.035537235605170386,130.7454071044922,49.319766998291016,223.0,182.0,214.0,0.003146396839301357,0.24418476223945618,0.06198621168732643,0.05232793837785721,0.09295167028903961,0.0710178017616272,0.024422163143754005,0.11429572105407715,0.3388137221336365,0.631051662023467,0.9028545224428545,0.3242469073515892,0.9637170424361281,157.9735870361328,24.306121826171875,221.0,182.0,189.0,1.52587890625e-05,0.2766571044921875,0.052215576171875,0.07476806640625,0.06890869140625,0.0605316162109375,0.044403076171875,0.0826568603515625,0.3398590087890625,0.264586930662676,0.8797470570698992,0.42300265864686964,0.9436366588607887
